lon,lat,degree,betweenness
12.52787,41.57414,3,96321.0
12.53538,41.56589,3,93232.0
12.5526,41.54594,3,9462.0
12.57764,41.51785,3,10556.0
12.58009,41.51479,3,8233.0
12.62197,41.45206,5,12680.0
12.6328,41.53187,3,7960.0
12.63866,41.57697,3,15316.0
12.64907,41.61678,3,18250.0
12.65604,41.64681,5,80188.0
12.65421,41.65929,4,81627.0
12.65083,41.68287,4,79544.0
12.64914,41.6964,4,4183.0
12.62962,41.71487,4,5264.0
12.96541,41.75236,3,323004.0
13.00402,41.74329,4,322897.0
13.04177,41.74165,4,288292.0
13.1253,41.72973,4,290347.0
13.14034,41.7294,4,278842.0
12.68089,41.80877,3,12850.0
12.68268,41.78961,4,183692.0
12.63211,41.78366,3,5255.0
12.63712,41.77618,3,43596.0
12.79021,41.74653,3,17147.0
12.79628,41.75089,3,18931.0
12.79728,41.7665,3,170981.0
12.4368,41.6956,3,952.0
12.42249,41.71097,3,3592.0
12.42086,41.71342,3,813.0
12.43531,41.76629,3,22603.0
12.43286,41.7696,3,26125.0
12.45006,41.79068,4,106699.0
12.45797,41.81174,3,16079.0
12.45829,41.8131,3,18019.0
12.45967,41.81859,4,28806.0
12.46744,41.84193,3,3794.0
12.47653,41.84871,3,5868.0
12.479,41.86075,2,6868.0
12.44862,41.82791,3,8155.0
12.446,41.82563,3,6010.0
12.41345,41.79766,4,124624.0
12.39814,41.79518,3,154504.0
12.36138,41.78315,4,164559.0
12.27786,41.75304,3,291968.0
12.39007,41.68014,4,124166.0
12.43388,41.6463,3,116915.0
12.45437,41.62836,3,109646.0
12.50712,41.58183,3,101688.0
12.51146,41.57841,3,96360.0
12.59331,41.78359,3,333839.0
12.58894,41.78826,3,339333.0
7.37712,46.2166,3,16224.0
7.10686,46.11019,2,15685.0
12.58446,41.7928,3,339605.0
12.57009,41.80651,3,327360.0
12.5649,41.81068,4,349133.0
12.55425,41.82065,4,542543.0
12.50117,41.86991,2,3672.0
12.50093,41.87213,1,0.0
12.50578,41.87512,1,0.0
12.50857,41.87368,3,3672.0
12.55223,41.84958,4,774861.0
12.55765,41.84651,2,186656.0
12.58085,41.8334,5,207963.0
12.60223,41.86007,3,364334.0
12.5994,41.86099,3,369538.0
12.58104,41.86812,4,386461.0
12.5674,41.87213,4,384550.0
12.54843,41.87764,4,1154533.0
12.54069,41.89235,4,1448020.0
12.56053,41.89416,4,273956.0
12.57394,41.89426,4,269759.0
12.5951,41.89252,4,272329.0
12.56891,41.9273,3,151708.0
12.56786,41.91823,3,189909.0
12.56635,41.91762,3,186854.0
12.56087,41.91581,3,184130.0
12.53453,41.9076,3,1631184.0
12.53349,41.90756,3,1635761.0
12.53122,41.90756,3,1642360.0
12.52458,41.90695,3,1643937.0
12.5249,41.89817,3,2773.0
12.49735,41.9094,2,1687018.0
12.49682,41.9167,4,1772301.0
12.50918,41.93693,3,77029.0
12.50873,41.94221,3,73785.0
12.51836,41.99907,3,19494.0
12.52092,42.01084,2,15919.0
12.52769,42.0173,2,12365.0
12.46995,41.90409,1,0.0
12.47178,41.92323,3,1772442.0
12.46761,41.93654,3,1779509.0
12.40857,41.98356,4,1800611.0
12.38234,42.00529,5,1831212.0
12.31851,42.02565,4,22007.0
12.47134,41.88134,1,0.0
12.46885,41.87653,3,3672.0
12.42577,41.83575,4,3672.0
12.34442,41.8145,3,11258.0
12.3481,41.81902,3,10070.0
12.42105,41.85057,4,13708.0
12.34163,41.81342,3,10866.0
12.25837,41.77268,3,293869.0
12.46748,41.89869,1,0.0
12.45985,41.90217,3,6525.0
12.45867,41.90211,2,1636.0
12.44535,41.90111,2,2451.0
12.42797,41.89892,5,37421.0
12.411,41.8892,3,7826.0
12.33446,41.88333,4,23283.0
12.33207,41.8844,3,10099.0
12.264,41.90758,4,13877.0
12.23231,41.91896,3,12760.0
12.20521,41.91529,3,30038.0
12.20008,41.9185,3,34101.0
12.15268,41.93495,3,40482.0
12.13043,41.93616,3,41242.0
12.11375,41.94721,4,46879.0
12.09901,41.9568,4,337760.0
12.06429,41.97826,4,713874.0
12.43143,41.88987,4,28519.0
12.45873,41.88733,3,3672.0
12.46242,41.88814,1,0.0
12.51916,41.89174,2,0.0
12.45278,41.88858,2,7112.0
12.72188,41.95407,3,102430.0
12.76113,41.95308,3,90636.0
12.76471,41.95272,3,96599.0
12.6341,41.93864,4,140048.0
12.64015,41.94037,3,126386.0
13.00162,42.01917,3,58143.0
13.0051,42.01854,3,52191.0
12.69376,41.8885,3,265382.0
12.69787,41.88839,4,277442.0
12.70329,41.88804,3,293896.0
12.7103,41.8847,3,142611.0
12.71304,41.88338,3,126879.0
12.72693,41.88612,3,118208.0
12.74453,41.88078,4,108142.0
12.79546,41.86779,2,74371.0
12.80761,41.86623,5,79108.0
12.87123,41.83839,3,74305.0
12.87715,41.83611,4,85599.0
12.88383,41.83336,3,71283.0
12.8904,41.83192,1,0.0
12.61427,41.85937,4,363506.0
12.63017,41.85848,3,367443.0
12.63418,41.85804,3,365012.0
12.65248,41.84922,3,351216.0
12.67048,41.84859,4,344252.0
12.68406,41.84614,3,324699.0
12.70528,41.84075,2,318693.0
12.74613,41.82815,4,320366.0
12.76478,41.82825,4,308799.0
12.78058,41.82406,3,320701.0
12.80311,41.81804,4,323463.0
12.80731,41.81465,3,307100.0
12.84547,41.79172,4,294041.0
12.85813,41.78304,4,292271.0
12.88356,41.77776,3,286181.0
12.88791,41.77416,3,284664.0
12.91815,41.76748,3,302814.0
12.91937,41.76568,3,292698.0
12.95166,41.74401,3,36947.0
12.91515,41.74441,4,40185.0
12.88188,41.74482,4,145772.0
12.8677,41.74762,4,149768.0
12.85025,41.75323,4,149217.0
12.84068,41.75574,4,168730.0
12.79336,41.76675,3,163109.0
12.77063,41.77016,4,164452.0
12.71737,41.79072,4,176206.0
12.68939,41.78903,3,175181.0
12.66493,41.79147,3,163148.0
12.63442,41.80403,4,175070.0
12.62268,41.81096,2,167121.0
12.62292,41.76017,4,347502.0
12.62916,41.75385,5,335305.0
12.6346,41.74886,4,395474.0
12.65557,41.72936,5,381726.0
12.65966,41.72552,3,360609.0
12.67008,41.71725,3,284121.0
12.67176,41.71406,4,284069.0
12.68444,41.70559,4,243143.0
12.70015,41.69344,4,243626.0
12.7189,41.67917,3,230031.0
12.7215,41.67713,4,237010.0
12.7257,41.67387,3,201547.0
12.74855,41.6564,4,194906.0
12.76657,41.64203,4,191032.0
12.79542,41.61978,3,184911.0
12.80648,41.61128,3,183129.0
12.82727,41.5953,6,187782.0
12.89294,41.54433,3,104812.0
12.94298,41.50546,4,107886.0
12.951,41.49946,3,102011.0
13.00081,41.4611,5,154104.0
12.65817,41.45668,4,14347.0
12.66742,41.45741,3,11429.0
12.63566,41.55305,5,95498.0
12.61922,41.72549,4,23971.0
12.61776,41.73148,3,15465.0
12.61718,41.73745,3,17500.0
12.61862,41.74206,3,84287.0
12.62309,41.74947,3,84317.0
12.62843,41.75459,1,0.0
12.61464,41.81468,4,192987.0
12.8033,41.96011,1,0.0
12.80842,41.9599,3,57602.0
13.16355,41.7248,4,274473.0
36.2323,36.40885,3,801776.0
36.18186,36.20075,3,799522.0
36.1912,36.48976,3,803156.0
36.13941,36.55732,3,806312.0
36.21442,36.67542,3,816196.0
35.37131,36.60569,3,3672.0
35.33021,36.54993,1,0.0
35.4861,36.73538,4,16359.0
35.56232,36.7377,3,7497.0
35.778,36.75785,4,5126.0
35.81704,36.90966,4,810823.0
12.47766,41.664,2,2849.0
12.47428,41.66585,3,860.0
12.44342,41.96364,3,1765048.0
12.4837,42.0395,2,18823.0
12.80491,41.96329,3,60905.0
0.13752,47.99672,8,136165.0
1.06792,48.39342,3,18688.0
1.42577,48.44746,6,54503.0
2.28497,48.81643,3,51955.0
2.10088,48.42163,3,23106.0
1.66333,48.1559,4,35888.0
1.31276,48.74801,3,25581.0
1.09843,49.02599,4,12042.0
0.67331,49.16445,3,21004.0
0.40398,49.14197,4,18717.0
0.1814,49.14049,5,10340.0
0.23854,48.84583,3,6273.0
0.10817,48.6013,4,6745.0
0.12721,48.32559,4,19837.0
1.29813,48.06562,5,3321.0
2.29854,48.867,3,59477.0
2.61136,48.54791,4,8617.0
3.16485,48.29093,3,30988.0
3.24043,48.20331,3,34290.0
4.02096,48.31149,4,35956.0
4.05537,48.32158,4,37407.0
4.37149,48.97801,3,18999.0
2.32099,48.97432,3,57924.0
1.65268,49.19937,3,26563.0
1.05138,49.44881,4,34574.0
0.98572,49.29242,3,28120.0
31.4335,36.78186,3,45853.0
31.13788,36.90931,3,53064.0
29.53165,36.8076,4,45181.0
29.38713,36.68053,3,18799.0
36.19703,36.82501,5,832673.0
35.98314,36.89836,3,808704.0
30.7172,36.87517,2,73932.0
30.70702,36.87953,3,70656.0
30.71522,37.1098,3,12442.0
30.68061,36.89774,3,30745.0
30.69399,36.88092,3,67417.0
30.0429,36.90301,3,44093.0
30.16644,36.95887,3,47504.0
34.87447,36.90378,4,62635.0
35.33756,36.9758,4,1056408.0
30.8385,36.9356,3,90084.0
35.65011,36.93353,3,997956.0
1.80685,49.71572,3,7193.0
2.25069,49.8984,5,26090.0
2.04986,49.43785,5,29381.0
2.39778,49.51194,4,19686.0
2.68663,49.63255,3,16528.0
2.56355,49.34707,3,29749.0
2.54162,49.21704,5,106820.0
3.28539,49.38644,4,110580.0
4.00002,49.27167,4,183203.0
4.12379,49.22965,3,191260.0
4.19662,49.22276,3,182772.0
4.08986,49.30865,3,10739.0
3.9831,49.28421,3,67798.0
3.78494,50.31916,7,46655.0
3.73158,50.32428,3,20754.0
3.48309,50.12303,4,12778.0
3.26522,49.98415,3,19500.0
3.213,49.95264,4,48370.0
3.2553,49.86248,4,44689.0
3.11378,49.88882,4,10715.0
3.2645,49.41735,3,32106.0
3.06063,49.52337,3,25470.0
3.06945,49.40128,3,72677.0
2.79887,49.68633,4,32963.0
2.35183,49.87141,3,11903.0
2.34044,48.98919,3,56013.0
2.45797,49.23377,3,32701.0
0.47362,49.35462,3,558.0
0.67158,49.53387,3,5682.0
0.14716,49.51602,1,0.0
2.26696,49.91652,3,17932.0
2.81397,50.11708,4,25163.0
3.20976,50.19217,5,3178.0
3.50627,50.45149,2,14212.0
3.36982,50.62594,5,12136.0
3.25321,50.84104,4,9810.0
3.4746,50.82167,4,14854.0
3.71452,50.8079,4,16636.0
4.10251,50.78068,4,21207.0
4.17778,50.92286,4,6291.0
2.26695,49.92699,3,11019.0
2.73776,50.30814,6,23355.0
2.70967,50.65562,3,12034.0
2.57086,50.768,3,8460.0
2.45667,50.81321,5,5217.0
2.63296,50.82295,3,7732.0
2.92431,50.8348,3,10248.0
1.57857,50.73492,3,0.0
2.2275,50.64925,5,9171.0
1.79565,50.45277,3,2826.0
4.71528,50.58196,5,10261.0
4.91751,50.62168,4,6448.0
5.47471,50.78352,5,38445.0
4.94797,50.80737,5,27541.0
4.57986,50.78953,4,20448.0
29.65662,36.91732,4,54546.0
35.81403,37.00669,4,191628.0
30.62377,36.94439,3,30239.0
30.30332,37.03085,3,27600.0
35.3598,36.97429,3,1019552.0
30.55306,36.98071,3,28141.0
36.14926,37.01975,3,189200.0
29.53255,37.0072,3,9329.0
36.64946,37.01924,3,66386.0
36.48561,37.16759,2,69039.0
29.92149,37.02102,3,15435.0
30.20495,37.07752,5,65863.0
29.80891,37.0375,3,63217.0
36.17456,37.0536,3,186141.0
29.76715,37.10398,3,56962.0
29.5147,37.13616,4,38172.0
36.42012,37.17576,3,142973.0
34.80105,37.18656,3,1912.0
32.52582,37.20253,3,48831.0
32.77651,37.28196,3,94908.0
30.49953,37.21966,3,24715.0
32.51686,37.22143,3,49798.0
32.36919,37.57502,3,9550.0
30.4944,37.25329,3,27288.0
33.16966,37.18179,5,89926.0
29.55124,37.28681,3,40137.0
30.31343,37.31835,4,65169.0
34.86293,37.40626,3,1007148.0
30.55552,37.42796,3,21010.0
34.85903,37.44162,3,1009942.0
33.4748,37.45417,3,40106.0
32.51114,37.84409,6,104074.0
34.86557,37.47077,3,1012794.0
34.15859,37.475,4,993003.0
34.59093,37.53079,3,987364.0
30.09554,37.48339,3,7474.0
30.30508,37.31846,3,7909.0
30.05544,37.52759,3,124391.0
34.84362,37.50581,3,1011481.0
34.59797,37.82196,4,27271.0
29.40845,37.51425,3,3816.0
30.06631,37.56471,3,127265.0
30.05063,37.58443,3,129709.0
32.42834,37.7429,1,0.0
29.59356,37.83264,3,224431.0
32.21195,37.73666,4,13859.0
29.11471,37.8203,4,224862.0
27.84378,37.85245,3,216839.0
28.57167,38.33251,3,3672.0
32.30006,37.87344,3,15695.0
32.5748,37.99923,3,15182.0
32.0675,37.84629,3,28940.0
31.92471,37.88342,3,31366.0
31.56211,37.91091,3,129682.0
38.60524,37.90267,2,3672.0
38.48926,37.50451,1,0.0
30.31345,37.94858,3,229133.0
34.68094,37.98296,3,10630.0
32.93663,38.07425,3,1003279.0
5.67684,50.85099,3,39334.0
5.86324,51.84085,3,1323.0
5.9252,51.9626,3,10442.0
6.37018,50.92341,6,43467.0
6.69433,50.94594,4,45839.0
6.94937,50.9441,4,72100.0
6.81495,51.17219,2,20860.0
6.70592,51.18643,4,20423.0
6.5811,51.58364,3,16078.0
6.47033,51.65596,3,12783.0
6.97949,50.82832,3,75098.0
6.60789,50.36692,3,5098.0
6.57245,50.33588,3,9183.0
6.54601,50.30633,3,16180.0
6.52046,50.28435,3,18951.0
6.66724,49.75984,5,81854.0
7.88204,49.96255,3,137869.0
7.91695,49.96178,3,146586.0
7.3722,50.44974,4,89533.0
8.2444,50.00814,4,147522.0
8.29653,50.02524,4,189408.0
8.62054,50.16235,4,40313.0
8.36574,49.6403,3,9323.0
8.09152,48.896,3,10007.0
7.71446,48.74267,3,10012.0
7.75881,48.59795,4,207943.0
7.49735,48.11677,4,17300.0
7.92513,48.45424,4,241716.0
8.05903,48.69486,3,181716.0
8.12847,48.74937,3,175708.0
8.17986,48.78889,3,3824.0
8.39796,48.93918,3,48313.0
7.37637,48.09151,1,0.0
5.62667,48.22654,3,62760.0
5.7148,48.40641,3,23758.0
5.87252,48.67645,3,25327.0
6.17756,49.12751,6,209732.0
6.32297,49.56312,3,43109.0
4.35233,48.96402,1,0.0
4.43147,48.58503,3,14495.0
5.38637,49.1667,3,147356.0
5.39325,48.65184,3,38067.0
5.60788,48.66646,4,3043.0
5.2972,49.6922,3,5242.0
5.35918,49.89509,3,4343.0
5.50027,49.94575,4,36378.0
5.62876,49.99737,4,9121.0
6.34925,50.46359,4,1990.0
6.6343,50.67631,5,3914.0
7.08547,50.74386,3,77617.0
8.48378,48.27487,3,63877.0
7.73138,48.17564,3,27365.0
3.13882,47.0471,6,181888.0
4.29087,46.99588,6,522240.0
4.27285,47.16362,3,60443.0
3.54042,47.7853,3,41596.0
3.55994,47.8718,3,38248.0
2.93687,47.44079,3,21928.0
3.2369,47.52408,4,12293.0
3.40393,46.85395,3,449.0
3.4525,46.88872,3,10274.0
3.7232,46.67494,4,192433.0
3.95434,46.49287,4,166152.0
4.07825,46.04093,4,300363.0
6.13332,45.9055,4,109312.0
6.1627,46.20462,3,109095.0
3.06858,45.78883,4,86738.0
3.07655,45.78972,5,101079.0
3.64182,45.78773,1,0.0
4.84381,46.79951,3,0.0
4.89581,47.07324,4,449800.0
5.0445,47.34948,3,2096.0
5.33121,47.91229,5,86628.0
5.34806,47.90692,3,75536.0
5.76191,47.60146,3,77608.0
5.99543,47.33878,3,82128.0
6.01809,47.24602,4,546420.0
6.8197,47.46003,4,477964.0
7.52456,47.68039,3,483374.0
7.75817,47.55189,4,523398.0
8.24733,47.50527,5,512826.0
30.31444,38.0016,2,232527.0
34.36994,38.01654,3,22284.0
34.34979,38.02606,3,25077.0
34.00715,38.14808,3,1189.0
36.57699,38.03472,3,17240.0
37.10376,38.16711,3,14792.0
36.55063,38.0349,4,56543.0
36.50078,38.30586,3,44541.0
30.29598,38.05549,2,235929.0
30.38602,38.05578,1,0.0
30.94245,38.29133,3,3672.0
8.54185,47.95956,3,23991.0
8.69466,48.1662,4,116918.0
5.40203,47.06991,3,454010.0
5.80407,47.21049,3,459841.0
6.08363,47.18625,3,73536.0
6.55461,46.75663,3,113506.0
6.64827,46.79253,3,47696.0
7.04239,46.88281,3,52816.0
7.32601,47.11363,4,58316.0
8.68497,47.44178,3,493036.0
6.7053,45.90848,2,3672.0
6.64386,46.5173,3,107268.0
7.08105,46.11611,1,0.0
6.85218,46.46592,3,3672.0
3.11212,46.28205,3,3294.0
3.11582,46.26082,3,1279.0
3.07581,45.79688,3,93606.0
1.0613,49.46383,2,5513.0
4.39105,52.14817,3,3672.0
8.43894,49.31656,3,15760.0
2.8995,47.36956,3,24790.0
-3.55442,48.28592,7,15617.0
-3.42469,48.22386,4,13723.0
-3.34076,48.25286,4,17756.0
-2.99562,48.2078,4,21030.0
-2.58161,48.17857,4,32115.0
-2.43036,48.17506,3,35703.0
-2.11991,48.16688,4,39343.0
-1.99403,48.15084,3,54262.0
-1.66901,48.11384,6,65706.0
-1.55531,48.17207,3,6898.0
-1.33944,48.22989,4,12670.0
-0.48613,48.26013,6,95322.0
-1.30832,48.13429,4,48450.0
-3.17568,48.04529,3,11321.0
4.33018,52.20128,1,0.0
12.20582,48.96025,3,26116.0
12.85468,48.78152,3,34106.0
13.06085,48.6782,3,34975.0
13.42098,48.57684,3,35828.0
13.99251,48.32143,3,37185.0
13.9981,48.173,5,150514.0
14.25386,48.3071,3,5989.0
14.25561,48.31287,1,0.0
14.252,48.2861,3,9553.0
14.21646,48.26694,3,14498.0
13.00438,48.28935,4,111778.0
12.54412,48.25784,3,113736.0
13.99903,48.15571,3,136391.0
14.03568,48.01528,3,76855.0
14.22895,48.25985,3,8150.0
14.2911,48.24063,3,2909.0
14.30868,48.23333,3,74898.0
14.46699,48.2195,2,71268.0
14.75827,48.12979,3,71901.0
15.04975,48.14643,2,68992.0
15.16641,48.18558,3,69894.0
15.30625,48.22703,3,67166.0
15.60823,48.21473,3,66073.0
15.6265,48.21733,3,71775.0
16.10789,48.29552,3,67690.0
30.1777,38.06956,3,225410.0
30.20439,38.1024,3,467008.0
33.01778,38.07836,3,1002613.0
34.77856,38.08215,3,6766.0
32.69995,38.11335,3,1001759.0
30.20737,38.11368,3,469268.0
33.03684,38.14783,3,16594.0
32.47672,38.16575,3,1085424.0
37.17875,38.19402,3,17166.0
32.70542,38.17056,3,1004393.0
32.39478,38.175,3,1087700.0
31.25593,38.17977,3,132129.0
33.15572,38.18401,4,17941.0
33.97948,38.38111,3,13995.0
37.19748,38.19789,5,13630.0
37.9075,38.36471,3,10929.0
34.47267,38.22401,3,6299.0
30.50398,38.23457,3,52948.0
31.58933,38.26745,3,45136.0
38.02796,38.26905,3,19167.0
10.23012,45.53181,5,60635.0
10.34829,45.4963,2,53217.0
12.87913,45.7272,2,3672.0
12.73126,45.67995,1,0.0
11.19689,46.19621,2,18340.0
11.35456,46.46156,3,2345628.0
11.68236,46.68415,2,2335046.0
11.67669,46.7658,3,2816985.0
12.00351,46.7588,2,2810611.0
12.47094,46.71393,2,2810251.0
12.82328,46.81089,2,2809895.0
13.03373,46.74104,3,2810078.0
13.49758,46.80256,4,2225019.0
13.92433,46.60272,4,2173841.0
14.21259,46.61452,3,2171191.0
13.39501,45.74863,3,557690.0
13.26185,46.12472,3,556112.0
13.1808,46.23887,3,574067.0
13.17544,46.34726,3,574721.0
13.64529,46.47216,3,5219.0
13.72864,46.50939,3,9400.0
13.04355,46.63569,3,584365.0
12.28559,45.80659,2,7342.0
12.33104,45.70661,2,3672.0
12.45763,45.51895,1,0.0
11.93295,46.00595,3,14679.0
13.42205,45.73685,3,554594.0
13.67601,45.7432,3,549168.0
13.89672,45.60605,4,536714.0
13.82779,45.6126,3,551412.0
13.80835,45.50385,3,15271.0
13.74085,45.36084,5,16855.0
13.51682,45.85559,3,15109.0
13.60349,45.88027,3,13120.0
8.96142,47.58673,4,614395.0
9.64818,47.43316,3,615520.0
9.73669,47.47932,3,641226.0
10.34536,47.72877,4,644823.0
10.69512,47.55048,3,10121.0
10.74946,47.47346,2,9056.0
10.68876,47.10198,3,12891.0
10.529,46.91797,3,2346016.0
10.56711,46.78227,2,2334742.0
10.89851,47.81469,3,452635.0
10.9308,47.88964,4,566579.0
11.11785,47.86768,4,149503.0
11.39203,48.05736,3,462203.0
11.59079,47.98163,3,460787.0
12.1487,47.85462,4,379144.0
12.4737,47.91578,2,378578.0
12.94301,47.81966,2,378219.0
13.10462,47.78305,3,377964.0
9.44547,46.14941,3,2608186.0
9.42007,46.30806,3,2608753.0
9.68606,46.35171,3,2320593.0
9.80546,46.4451,3,2341768.0
9.689,46.45622,3,21670.0
9.53241,46.83422,3,302828.0
9.45353,46.80333,3,307797.0
9.43532,46.5462,2,287262.0
9.52336,47.14509,3,281924.0
8.82937,47.96979,3,142340.0
8.96615,47.97089,3,145828.0
10.35718,47.74515,3,77104.0
10.71246,47.81297,2,564693.0
11.1709,47.53295,3,479273.0
11.41511,47.23898,3,480545.0
11.42258,47.19153,2,482677.0
11.49325,47.07179,2,484853.0
13.75325,47.08111,3,417949.0
14.03242,47.06391,3,413006.0
14.10805,46.89883,3,363052.0
13.51412,47.3661,3,375552.0
13.23981,47.50687,2,372989.0
13.78425,45.10003,3,3672.0
14.20067,45.21447,2,2974.0
15.23999,44.12126,3,5898.0
15.29565,44.11118,3,2912.0
15.5935,44.04407,3,17852.0
15.69413,44.02448,4,24386.0
15.6723,44.0954,3,21068.0
15.96119,43.99822,3,126224.0
15.99999,44.01668,2,116295.0
15.80512,44.09879,3,116988.0
15.69162,44.19572,3,139553.0
15.69408,44.37462,3,143435.0
15.55429,44.23889,3,6660.0
15.47079,44.60658,4,150351.0
15.29608,44.8314,3,147007.0
15.29663,45.17966,3,3687.0
14.92547,45.00767,4,156808.0
15.77646,43.82595,3,3672.0
15.84843,43.85619,3,13964.0
16.01967,43.66878,3,9929.0
16.26561,43.53459,2,7006.0
16.50416,43.54175,3,8514.0
16.5573,43.58173,3,116377.0
16.62414,43.61802,3,117739.0
16.83182,43.83961,3,28636.0
17.201,43.87168,3,26988.0
17.23733,43.82112,3,22579.0
17.22766,43.8054,3,19049.0
17.09857,43.63538,3,11870.0
16.74158,43.6287,3,116008.0
16.99252,43.51514,3,101770.0
17.2226,43.41446,3,103563.0
17.53383,43.21313,3,97074.0
17.63347,43.06433,4,24362.0
17.70805,43.11082,3,76503.0
17.90195,43.1446,3,75686.0
18.11942,43.20577,3,19971.0
18.24104,43.84981,3,436789.0
18.28662,43.83914,3,444368.0
18.47173,43.85948,3,443366.0
18.73103,43.76795,3,439908.0
18.76212,43.92748,3,2672.0
18.93603,43.79289,3,76486.0
19.07377,44.20082,3,4857.0
17.6821,44.22529,4,433177.0
17.74964,44.17945,4,444784.0
18.08699,43.95499,3,439770.0
18.18856,43.98816,3,8672.0
17.57866,44.27058,3,406509.0
17.74598,44.25851,3,10524.0
17.87313,44.24094,3,9430.0
17.91179,44.20334,3,8009.0
16.0278,43.9758,3,125548.0
16.20411,44.03083,3,15329.0
16.35967,44.20446,3,32688.0
16.4086,44.53288,3,434907.0
16.63469,44.56313,3,421227.0
16.66549,44.78658,3,7095.0
16.70817,45.13005,2,5586.0
16.74652,45.21706,3,22361.0
16.82536,45.20216,3,15977.0
17.25026,45.13984,3,15603.0
17.73199,45.16423,4,48449.0
18.06904,45.18052,3,35618.0
18.16183,45.15758,3,26023.0
18.53412,45.10834,4,23406.0
18.80574,45.26075,4,2425592.0
18.85089,44.92897,3,20967.0
18.52008,45.26109,3,78376.0
18.40457,45.00644,3,0.0
16.19084,43.925,3,109249.0
17.81715,42.8408,3,21542.0
17.90717,42.80159,3,18087.0
18.19148,42.64482,3,14924.0
18.23656,42.62845,3,14433.0
18.30705,42.66046,3,2855.0
18.36856,42.72453,3,5763.0
18.41233,42.73679,3,12249.0
18.42914,42.77199,3,62414.0
18.47158,42.78535,3,55518.0
18.53334,43.14974,3,23023.0
18.76125,43.51154,3,382786.0
18.80164,43.59594,3,377579.0
18.69045,42.74895,3,50539.0
18.9817,42.76575,3,49390.0
18.6916,42.53314,3,9054.0
18.227,42.5844,3,10065.0
18.36797,42.52151,3,7908.0
17.23474,43.95074,4,25256.0
17.43672,44.07229,3,21705.0
17.44413,44.08879,3,25211.0
16.78566,43.89196,3,29555.0
16.90036,44.32026,3,1267.0
17.0419,44.46145,4,419523.0
17.16555,44.36022,3,416649.0
17.07812,44.2847,3,8273.0
17.18228,44.77856,3,8333.0
16.39984,45.04592,3,3750.0
16.55626,45.25435,3,20155.0
14.26974,47.53591,3,89782.0
14.47082,47.47478,3,90258.0
14.53936,47.2227,3,53339.0
14.74493,47.1883,3,45756.0
14.99714,47.34503,3,122364.0
15.24953,47.4179,3,121766.0
15.41274,47.06542,3,82602.0
15.68983,46.62574,3,72822.0
15.87552,46.42412,6,2491671.0
16.16182,46.42489,3,25250.0
16.56945,46.85856,3,22877.0
16.64341,47.05119,4,30247.0
16.60918,47.24141,6,51484.0
16.89786,47.11934,4,71532.0
17.19117,46.96995,3,57564.0
17.24951,46.70233,3,58373.0
17.35659,46.42412,4,82420.0
17.40911,46.33869,4,64736.0
17.81762,46.07901,3,216435.0
18.17522,46.07673,3,224293.0
18.28325,46.10735,4,229633.0
18.82043,45.84868,3,112773.0
18.71222,46.08666,4,190053.0
14.24144,45.88981,3,17024.0
14.285,45.94833,3,13508.0
14.49903,46.05305,3,101254.0
14.51112,46.09101,3,105320.0
14.54623,46.10406,3,4338.0
15.25849,46.23767,4,41947.0
14.56726,45.98987,4,107818.0
14.99638,45.91468,3,107646.0
15.09999,45.86359,3,106873.0
15.48702,45.9355,3,60102.0
15.88605,45.8237,5,63391.0
16.37311,45.49922,3,23403.0
16.12407,45.80292,4,39282.0
16.27993,46.12818,3,47834.0
16.18236,46.33011,3,2439580.0
17.11008,46.02503,4,2397177.0
17.41851,45.90698,3,2234669.0
17.96265,45.78668,4,2245004.0
18.6756,45.5708,5,2346984.0
17.8614,45.4227,5,116059.0
18.11611,46.34072,3,16048.0
18.37704,46.57811,3,4693.0
18.49533,46.82843,3,3034.0
18.393,47.09431,5,27755.0
18.45081,47.16241,3,27645.0
18.54695,47.23498,3,7353.0
18.89841,47.32876,3,10281.0
19.01992,47.45953,3,9793.0
19.02186,47.54816,3,3152.0
19.04437,47.59063,3,0.0
18.64304,47.76135,3,8459.0
18.65606,47.74338,3,7765.0
19.00921,47.61125,3,4187.0
18.14081,47.75195,4,10637.0
18.38832,47.59096,4,10745.0
18.6191,47.48198,3,5522.0
18.82593,47.47208,3,6151.0
18.70566,46.39096,3,43687.0
18.78993,46.35564,1,0.0
18.72101,46.41729,3,46411.0
18.77081,46.45869,3,39943.0
18.92129,47.02458,3,12987.0
18.84745,47.16004,3,12233.0
17.43643,47.15384,3,13943.0
17.30388,47.15254,3,14391.0
17.92414,47.15316,3,12657.0
17.6205,47.70358,5,44926.0
17.88291,47.73398,3,41686.0
18.10016,47.66727,4,29623.0
18.05906,47.51511,3,16127.0
18.29775,47.30271,4,23370.0
18.47436,47.38962,4,5858.0
18.03184,47.11135,3,12341.0
18.19124,47.0316,3,10336.0
18.24238,46.95409,4,10180.0
18.06749,46.38251,3,15266.0
17.23107,45.61742,5,44813.0
16.76189,45.49733,3,65648.0
16.81842,45.497,5,67323.0
17.12243,45.46024,4,65068.0
17.68666,45.41925,3,107545.0
15.56324,45.54031,3,1376.0
15.48832,45.42855,4,98826.0
16.29435,45.38175,3,29910.0
16.35622,45.4354,3,46171.0
16.37714,45.48771,3,49803.0
14.37257,46.6804,3,2541860.0
14.37913,46.6754,3,2539082.0
15.0389,46.57212,3,2453241.0
15.39676,46.35881,3,2456603.0
15.63739,46.43243,3,2417247.0
15.56976,46.2498,3,1309.0
14.15613,45.32209,3,14047.0
14.34438,45.37004,3,545792.0
14.46762,45.33324,3,540998.0
15.39833,45.33946,4,433841.0
14.40072,47.16487,3,54087.0
14.4331,47.0431,3,8282.0
14.38742,46.94434,3,6985.0
14.45579,46.86209,3,370372.0
16.21967,47.85865,3,29494.0
16.58487,47.70312,5,62593.0
16.35572,48.19887,3,36640.0
17.27452,47.88445,3,23270.0
17.12873,48.09593,2,23686.0
16.61062,47.67525,3,22162.0
17.2561,47.6233,3,21023.0
16.69419,47.23407,3,266.0
16.56549,47.40387,3,38874.0
15.63195,44.13389,1,0.0
19.24865,44.08204,3,1361.0
19.33078,44.20124,3,4896.0
19.1393,44.27866,3,12634.0
19.09597,44.43607,3,13493.0
19.15458,44.53399,3,16462.0
19.29437,44.82029,3,15756.0
19.26871,44.85443,3,21036.0
19.60654,44.96229,6,2429904.0
19.97448,44.94561,3,2377397.0
20.37731,44.84402,3,2376268.0
20.42531,44.80409,3,2375212.0
20.46416,44.80579,3,2376556.0
20.78926,44.63072,3,2372989.0
21.06139,44.69128,3,13847.0
21.2306,44.72108,3,11517.0
21.31091,44.50322,3,1331.0
21.43694,44.35651,4,181269.0
21.3374,44.39188,4,191476.0
21.38426,44.25641,3,8929.0
21.43199,44.28878,3,15896.0
21.35386,44.20648,3,10876.0
21.35547,44.1318,3,9472.0
21.35448,43.99207,3,13397.0
21.38486,43.92177,3,2170255.0
21.61737,43.58961,4,2272923.0
21.89353,43.31636,4,2277853.0
22.57042,43.14198,4,2239705.0
23.32556,42.71348,5,2248944.0
23.13135,42.58459,3,118686.0
24.14717,42.22536,3,2345671.0
24.21995,42.19583,3,2344970.0
24.75263,42.14249,3,2342489.0
25.2721,42.21091,3,2334378.0
25.66244,42.40738,4,131696.0
26.54073,42.46594,3,36669.0
27.31938,42.36768,3,33261.0
27.50646,42.4057,3,25674.0
28.0301,41.95983,2,7342.0
23.84185,43.72505,3,173681.0
23.86771,43.71814,3,172384.0
24.44719,43.68268,3,178112.0
24.46835,43.67641,3,223471.0
24.48619,43.75335,2,58056.0
24.39163,44.14775,2,54587.0
24.79981,42.36363,2,4722.0
24.81945,42.52421,2,1355.0
24.74021,42.62884,3,8329.0
24.65988,42.77665,2,9405.0
24.72364,43.11184,4,19925.0
24.7029,43.23839,3,13522.0
24.59929,43.61906,3,207098.0
25.14754,43.56098,3,195066.0
25.25859,43.54896,3,108498.0
25.3825,43.58891,3,105855.0
25.58213,43.61206,3,86425.0
25.96941,43.82365,3,80293.0
27.25319,44.09609,3,61959.0
27.66588,44.16864,3,58321.0
24.34119,45.25297,3,53427.0
24.31579,45.38819,3,56859.0
24.3064,45.50953,3,56637.0
27.93864,44.72225,3,7310.0
28.16671,45.34158,3,3673.0
28.50525,45.26873,3,30.0
28.78575,45.1774,3,3672.0
29.04724,45.11159,1,0.0
19.23724,44.55192,3,4543.0
19.56927,44.00406,3,6451.0
20.87922,42.87577,3,390253.0
21.1976,42.60331,3,389155.0
21.19819,42.59274,3,390832.0
21.81935,43.19474,3,4731.0
21.83149,43.20458,3,41843.0
21.96685,43.05289,3,33891.0
22.03122,42.92321,3,33156.0
21.75801,42.39323,2,22765.0
23.39873,43.51913,3,8815.0
22.23129,43.55269,3,24125.0
22.2545,43.58046,3,28332.0
22.90599,43.80067,3,173762.0
22.33169,43.78963,3,19737.0
22.89139,43.98613,4,187702.0
22.37331,44.90239,3,13870.0
22.39655,44.68832,3,12092.0
22.65213,44.60884,3,23725.0
23.10747,44.94011,3,15554.0
21.16134,42.53504,3,407189.0
22.52348,44.40372,2,34732.0
22.57079,44.47198,2,31224.0
22.77396,44.51222,3,27833.0
21.55243,45.09672,3,8599.0
21.57231,45.24405,3,11631.0
21.47431,45.02127,3,7614.0
21.33256,44.81941,3,0.0
19.60023,45.19054,3,0.0
22.88024,45.92455,3,147100.0
22.95562,45.8969,4,123982.0
23.00869,45.87397,3,119740.0
23.17941,45.92507,3,77298.0
23.4464,46.02669,2,73222.0
23.48775,46.04225,3,99490.0
23.58125,46.08928,3,56126.0
23.52076,46.15775,3,48851.0
23.88895,46.43096,3,35241.0
23.75043,46.58006,3,31690.0
23.76058,46.69016,3,25662.0
23.7323,46.80957,4,11008.0
23.71387,46.77037,3,22002.0
23.60718,46.78326,3,3670.0
23.2235,47.00497,2,0.0
23.33478,47.25984,3,1.0
22.17345,45.48305,3,20773.0
22.96498,45.6122,3,42723.0
23.2842,45.39824,3,18907.0
22.89878,45.8091,2,3672.0
23.5778,45.99329,3,65985.0
23.85308,45.92574,3,62166.0
23.75407,45.93656,3,65897.0
24.2782,45.67009,3,64864.0
31.02909,38.33266,3,215702.0
31.19299,38.29236,5,208691.0
30.64,38.29776,3,52899.0
36.45241,38.36744,3,50188.0
38.45509,38.31112,2,7342.0
32.8121,38.32491,4,16961.0
32.7962,39.68474,3,111052.0
36.36839,38.32722,3,35699.0
36.16337,38.50757,3,36723.0
29.72429,38.67434,3,11470.0
28.22675,38.48028,1,0.0
35.04243,38.35148,3,7393.0
35.10535,38.37341,3,6472.0
34.02088,38.39691,5,69219.0
38.3712,38.40922,4,32834.0
39.25128,38.67124,1,0.0
33.92575,38.47234,3,63533.0
33.95905,38.59311,3,7259.0
38.34327,38.5016,3,32612.0
37.93177,38.81598,3,36908.0
30.5969,38.50191,3,6016.0
30.59324,38.75309,3,18538.0
30.97077,38.58946,3,63852.0
31.04432,38.59137,4,289474.0
35.89309,38.6279,3,38483.0
35.60357,38.65769,3,53877.0
38.35902,38.6743,3,7020.0
30.01327,39.19508,3,15779.0
38.37228,38.67609,3,3362.0
38.33279,39.14515,3,14959.0
35.5007,38.71706,3,65407.0
35.57803,38.79403,3,88363.0
35.48139,38.72938,1,0.0
35.4684,38.75701,3,7019.0
30.56471,38.76646,3,19948.0
31.04425,38.78541,3,247589.0
31.31953,39.0187,3,1073537.0
30.52929,38.92472,3,441962.0
30.08479,39.38753,3,467564.0
33.63205,38.97985,3,8746.0
33.59361,39.04155,3,69539.0
37.74716,39.04225,3,39668.0
38.62255,39.1286,3,0.0
38.34257,39.21388,3,10487.0
31.59036,39.18735,3,37673.0
31.324,39.02491,4,1076231.0
35.24541,39.21347,3,101763.0
38.37412,39.40983,3,3672.0
36.09387,39.21953,3,92989.0
37.39148,39.24507,3,68088.0
31.60897,39.38482,3,42349.0
32.85798,39.93103,3,137978.0
30.00602,39.43448,5,484887.0
37.09699,39.41117,3,75272.0
30.53379,39.78757,4,1315611.0
30.70272,39.45154,3,233661.0
30.51445,38.94466,1,0.0
39.04486,39.60086,1,0.0
32.81947,39.68009,3,103957.0
36.98079,39.74418,3,112834.0
36.58187,39.89368,3,114060.0
37.02444,39.75679,3,110147.0
30.54639,39.79745,4,1077542.0
30.46961,39.80323,3,1315453.0
34.77281,39.8147,3,102502.0
34.79069,39.82921,3,196788.0
34.51769,39.8662,4,321248.0
30.36303,39.84085,3,2613.0
35.89945,40.30828,4,119868.0
30.11163,39.91164,3,488720.0
33.38265,39.92491,2,329366.0
32.89379,39.93725,3,355066.0
33.79195,39.9458,2,326363.0
34.50679,39.86511,3,323795.0
30.00678,39.98334,3,493578.0
32.70477,40.00819,3,444068.0
32.86339,39.93945,3,469634.0
30.80146,40.23943,3,430204.0
30.02375,40.34794,3,2244692.0
29.73057,40.42201,2,2246552.0
26.09931,40.72783,1,0.0
26.40322,40.90359,3,41.0
31.15708,40.83721,3,78046.0
31.69501,40.73631,3,67405.0
30.38352,40.73271,3,7343.0
32.06003,40.77247,3,68450.0
31.96191,40.89771,3,63.0
29.95647,40.75742,1,0.0
32.20306,40.79564,3,69931.0
32.5893,40.87738,3,54879.0
35.34438,40.84124,3,37234.0
35.05182,40.98721,3,41270.0
26.00527,40.86073,3,57.0
25.69536,40.98272,3,96.0
33.26778,40.83688,3,49356.0
32.08642,40.93802,4,33976.0
19.50811,42.05976,3,58213.0
19.63085,42.00225,3,59306.0
21.54418,41.99573,3,417010.0
21.65866,42.15704,3,53234.0
19.40431,40.54647,1,0.0
19.52753,40.65642,3,10622.0
19.58611,40.72076,3,14442.0
19.56333,40.86272,3,12545.0
19.62369,41.15561,3,35568.0
19.6601,41.06262,3,20079.0
19.82434,41.04061,3,18721.0
20.01239,40.32027,3,3672.0
20.23179,40.01537,1,0.0
19.76285,40.75926,3,9180.0
19.83218,40.88552,3,11760.0
20.07994,41.10095,3,17731.0
21.34804,41.00218,3,18840.0
21.97737,41.53146,4,403866.0
22.60706,40.72047,3,383292.0
22.94325,40.62233,3,526663.0
22.55927,40.5073,3,528949.0
19.45242,41.31538,1,0.0
19.49487,41.31148,3,39542.0
22.14075,40.75709,3,11458.0
33.65845,40.91155,4,52549.0
34.813,40.9579,3,44001.0
32.54192,40.95233,3,28198.0
32.68248,41.21898,3,24083.0
25.57709,41.08149,3,85.0
35.47592,41.14555,2,3358.0
25.45926,41.10069,3,40.0
25.41845,41.12006,2,21.0
25.10698,41.11087,3,33.0
25.21912,41.13245,3,47.0
25.40821,41.11672,3,120.0
24.91372,41.12823,1,0.0
33.78243,41.38443,4,17264.0
33.93849,41.4987,3,3672.0
34.78074,41.48911,3,5380.0
34.20529,41.52389,1,0.0
34.6507,41.60868,1,0.0
23.85504,40.90323,3,285322.0
23.16548,41.82811,2,282190.0
23.07822,42.12109,3,285476.0
23.13633,42.29123,4,333555.0
22.23463,41.96809,3,20826.0
22.37123,42.19122,3,55556.0
-3.63886,40.21884,3,11784.0
-0.88271,41.63959,6,61383.0
-1.65501,42.79599,3,129795.0
-1.20421,43.1587,2,133201.0
-1.07736,43.25987,3,136609.0
-1.06231,43.73697,6,109440.0
-0.70218,43.47021,4,93617.0
-2.28988,42.4285,3,182.0
-1.09352,41.73571,3,6928.0
-0.74659,41.90811,3,42169.0
-0.5976,43.21821,2,42825.0
-0.45992,43.33371,3,46707.0
-3.31799,42.54284,3,122036.0
-3.22171,42.62161,3,126132.0
-1.316,43.83339,3,0.0
-1.2654,43.96145,3,2380.0
-1.16977,43.85315,4,2542.0
-1.03196,43.87956,4,107971.0
0.62003,41.6091,4,26146.0
1.93274,41.48083,5,264041.0
2.02604,41.50988,4,267015.0
2.16385,41.56201,3,270401.0
2.31591,41.57875,4,280844.0
2.72146,41.79073,3,291155.0
2.13323,41.35221,3,0.0
2.41437,41.5315,3,3527.0
-0.12969,40.01745,2,228599.0
1.22328,41.11489,3,232082.0
2.84138,42.02601,2,294561.0
2.94421,42.26352,2,297967.0
2.8395,42.53666,2,301372.0
2.87512,42.7664,2,304797.0
2.98918,43.18331,3,393106.0
1.44272,43.5875,4,88979.0
1.43564,43.61307,4,68187.0
0.60865,43.63717,3,61634.0
0.61584,43.61285,3,58341.0
0.11041,43.8596,3,91801.0
0.13977,44.05678,3,40288.0
-0.04698,43.08839,3,12149.0
0.55923,43.03485,3,15155.0
1.46665,44.11065,3,1526.0
0.64042,43.94347,3,2725.0
0.66068,44.17743,4,18041.0
0.6785,44.18989,3,20368.0
3.4208,43.40169,2,394234.0
-2.11839,47.61514,3,26094.0
-1.55695,47.21736,4,32221.0
-1.40907,47.0182,3,11699.0
-0.66065,45.75506,4,10708.0
-1.06343,47.22339,3,24249.0
-0.55927,47.46469,5,27582.0
-1.28981,47.95026,3,5870.0
-2.76445,47.65748,3,19097.0
-3.10593,47.98552,3,14932.0
-0.32393,45.71388,3,533.0
0.13279,45.51056,5,38574.0
0.42527,45.35267,4,139374.0
0.67333,45.19227,6,18525.0
0.94844,45.63414,6,159009.0
-0.16526,45.04738,4,117063.0
-0.03744,45.05912,4,15132.0
0.45466,44.86236,3,9385.0
2.16627,44.38887,5,37996.0
2.5067,44.36044,4,51227.0
2.68641,44.50126,3,29463.0
3.29373,44.70838,4,33359.0
3.33418,44.73231,1,0.0
1.38056,44.47214,5,32030.0
-0.36622,44.57028,3,9101.0
-0.26368,44.42527,3,8504.0
-0.08428,44.53704,3,13606.0
0.29851,44.28603,4,39556.0
0.6596,44.42462,4,39753.0
0.52409,44.65369,3,7522.0
-0.62944,44.87073,4,115671.0
-0.55061,44.90443,3,122244.0
-0.68044,45.14583,3,9556.0
-0.34812,46.07126,3,172.0
0.14562,46.32526,4,14040.0
0.32363,46.57934,8,86944.0
1.4817,46.60982,4,67561.0
1.52025,46.61889,3,69887.0
1.81113,46.75286,3,22831.0
2.11894,46.9402,4,33574.0
2.39152,47.09393,8,246281.0
2.89712,46.84912,4,2886.0
1.90231,47.92681,6,70075.0
1.91185,47.87957,3,59483.0
-0.05893,45.77863,3,3689.0
0.14017,45.77688,4,28690.0
0.72468,45.85546,4,15065.0
1.21044,45.84277,5,19579.0
1.35616,45.89363,3,190507.0
1.9898,46.08906,5,198723.0
2.1103,46.00671,3,1979.0
2.48725,45.81877,5,6316.0
2.88265,46.2808,4,43042.0
2.6212,46.29409,5,172611.0
2.55614,46.31834,3,9166.0
2.16005,46.56584,6,66220.0
2.41933,46.77886,3,100102.0
2.0488,47.24384,4,165482.0
1.65609,47.29746,4,155772.0
0.68306,47.39981,5,173094.0
0.6633,47.42917,3,160954.0
1.31823,47.61966,4,17314.0
0.25346,47.83971,2,136943.0
0.49184,47.61569,2,140219.0
-0.51437,47.00121,3,19554.0
0.69962,44.85951,4,1679.0
1.19226,44.58267,4,41558.0
9.32067,48.06205,3,34351.0
10.00866,48.36925,3,69709.0
10.26225,48.45269,4,422340.0
10.41817,48.4947,4,26544.0
10.78294,48.64282,4,24838.0
10.92002,48.66928,3,14606.0
11.06817,48.71984,3,12561.0
11.0851,48.74318,3,11742.0
11.43187,48.71462,3,2460.0
11.79775,48.86111,3,26443.0
11.47142,48.81937,3,22741.0
11.20662,48.79111,3,13028.0
10.83238,48.51864,2,18560.0
10.87391,48.38791,3,413281.0
10.87735,48.37386,4,440744.0
10.43981,48.4378,3,390852.0
10.41082,48.54379,3,15832.0
10.22062,48.53944,4,383095.0
9.87053,48.54802,3,373943.0
9.67819,48.5335,3,337338.0
9.41982,48.64528,3,330926.0
11.05627,48.0788,3,33295.0
10.98759,48.18581,3,369085.0
11.22066,48.14525,3,341640.0
11.32027,48.09782,3,346123.0
10.92258,48.3786,3,426677.0
10.96115,48.33075,3,368268.0
8.64142,49.17315,3,212273.0
8.68459,49.2993,4,210179.0
8.69204,49.40071,4,188202.0
8.70813,48.88506,4,221123.0
9.189,48.79993,4,343252.0
8.74593,50.25349,3,22011.0
8.78651,50.33258,3,7343.0
8.78131,48.2835,4,50922.0
8.96343,48.51904,2,47445.0
10.09464,48.83815,3,9592.0
10.15634,48.68117,5,6556.0
10.40475,48.57319,4,10742.0
22.72447,42.28386,3,58638.0
-0.42046,49.19994,3,6989.0
3.26667,45.39895,3,15309.0
13.74837,48.06353,3,4338.0
19.30808,43.78848,3,90289.0
19.37015,43.35355,3,365120.0
21.28826,46.17452,2,146374.0
23.18868,46.14459,3,23686.0
-4.14446,41.692,2,350.0
3.32326,43.7304,2,30983.0
13.24311,41.29752,3,149683.0
13.09964,41.25253,3,5490.0
12.92307,41.38625,2,7682.0
13.28424,41.31796,2,145732.0
13.41424,41.3611,3,142563.0
13.57402,41.26096,3,136828.0
13.52211,41.54934,3,249380.0
13.54287,41.52879,2,246176.0
13.28606,42.0845,2,26304.0
13.38244,42.0954,3,23489.0
13.39462,42.0927,3,17472.0
13.3457,41.64755,4,273996.0
13.69268,41.49519,2,225490.0
13.6891,41.49488,4,243524.0
13.81562,41.4822,3,222352.0
13.82324,41.49071,3,220861.0
13.85843,41.45121,3,218897.0
13.95419,41.43853,3,215720.0
14.0649,41.33694,3,116026.0
14.07081,41.25521,3,113279.0
14.06415,41.24811,3,111500.0
13.97155,41.22865,3,5755.0
13.92545,41.23316,2,8327.0
13.85902,41.1303,3,113066.0
13.95097,41.13058,3,23123.0
13.95626,41.13105,2,19481.0
13.93484,41.03681,2,80306.0
13.87347,41.11337,2,83819.0
14.05354,40.86205,3,77086.0
14.05217,40.84654,3,70596.0
14.10471,40.82993,3,64049.0
14.14601,40.91991,2,703.0
14.23573,41.0441,4,6951.0
14.25148,41.06473,3,70389.0
14.25421,41.07769,4,116200.0
14.19811,41.11472,3,119304.0
14.25205,41.1268,2,7172.0
14.35116,41.04603,3,29778.0
14.36902,41.03761,3,26529.0
14.63944,41.05898,2,16000.0
14.71094,41.07249,2,14677.0
14.76042,41.12813,2,15369.0
14.77133,41.1301,4,40589.0
14.7887,41.13233,3,20174.0
14.93047,41.09031,2,12067.0
15.01328,41.05756,3,16864.0
15.09648,41.01516,3,12085.0
15.10256,41.01254,2,8598.0
14.94819,41.20004,2,7548.0
14.98484,41.21047,2,9929.0
15.0121,41.22148,3,72280.0
15.08747,41.24978,3,106993.0
15.30758,41.35637,3,261884.0
15.32142,41.36,3,212276.0
15.61455,41.31582,6,207891.0
15.33331,41.50352,5,249336.0
15.51181,41.52306,2,8040.0
14.26084,40.84659,3,116868.0
14.29668,40.83754,2,113417.0
15.01613,40.42629,3,47828.0
15.12637,40.21491,2,0.0
15.40501,40.5712,3,34915.0
15.39482,40.57138,2,28741.0
15.27978,40.57553,3,34447.0
15.367,40.63226,4,16644.0
15.49929,41.7142,2,65711.0
15.23792,41.77733,4,323213.0
15.22326,41.78327,2,326080.0
15.21821,41.7846,3,329376.0
14.99325,41.81259,3,5593.0
14.92029,41.80471,3,12948.0
15.42292,41.04832,5,59366.0
15.15741,41.18402,4,66559.0
15.37304,41.01252,2,7611.0
14.87863,40.6451,3,87195.0
14.66112,40.74262,3,92621.0
14.61459,40.80682,3,100127.0
14.54059,40.85241,2,1553.0
14.60097,40.95409,2,101.0
14.46519,40.75433,3,110352.0
14.40402,40.99493,2,3672.0
13.78311,41.23363,3,127553.0
13.7605,41.24112,4,131507.0
14.08937,41.1208,2,16236.0
14.07004,41.24141,3,107105.0
13.56335,42.06483,3,14617.0
14.06284,40.81788,1,0.0
15.58439,41.66166,2,62366.0
15.74356,41.57553,3,61670.0
15.88652,41.61807,1,0.0
15.87501,41.61231,3,58062.0
15.55102,41.52864,3,5426.0
15.54832,41.20908,3,4133.0
15.86159,41.26168,2,27713.0
16.0482,41.23006,4,24678.0
16.31945,41.19645,2,13743.0
16.67222,41.11494,3,10198.0
15.53286,41.06969,2,35113.0
15.79514,40.97489,3,34082.0
15.80754,40.9626,4,157519.0
15.60793,40.36728,4,29549.0
15.7909,40.08206,4,32599.0
15.49345,40.07701,3,35889.0
15.61893,40.07834,3,47049.0
15.66665,40.01365,2,43257.0
15.90739,41.48556,2,51918.0
15.98741,41.40379,3,52698.0
16.27104,41.32356,3,45745.0
16.4791,41.25082,2,42150.0
15.77599,40.36173,3,85172.0
15.90216,40.28389,4,81579.0
15.92476,40.27796,2,4548.0
16.66014,40.22811,3,26405.0
16.64853,40.2297,3,3732.0
16.63557,40.17092,2,19812.0
16.20528,40.85303,3,62424.0
16.41792,40.81863,3,51633.0
16.43656,40.81398,2,48103.0
15.81036,40.81699,3,86943.0
15.77644,40.62477,4,84785.0
15.77159,40.61311,3,80949.0
15.9019,40.08528,4,71242.0
16.85513,41.12163,4,39749.0
17.29773,40.94861,3,34291.0
17.38125,40.88086,3,30715.0
17.68858,40.74493,2,22010.0
17.95563,40.63362,3,18638.0
18.17987,40.34657,2,14920.0
18.40583,40.13095,3,11010.0
18.46826,40.07965,3,7343.0
17.81042,40.55585,2,267.0
17.63897,40.49571,4,4155.0
17.38766,40.45926,3,35116.0
17.08288,40.55783,3,39303.0
17.06499,40.56839,3,41536.0
16.8436,40.64071,3,44602.0
16.85534,41.06872,4,13353.0
16.86275,41.00555,2,530.0
16.97714,41.02363,2,5775.0
16.78488,40.37673,3,26834.0
16.81121,40.4059,3,33957.0
16.82909,40.42726,3,2023.0
18.4288,39.99206,1,0.0
18.37349,39.99384,1,0.0
18.30371,40.21052,4,18347.0
18.03764,40.17201,4,21729.0
18.05676,40.05455,4,7343.0
18.08053,39.99786,1,0.0
17.63675,40.3902,4,29012.0
15.8335,39.77807,3,39717.0
15.82331,39.71349,3,31064.0
16.12667,39.04425,3,22230.0
16.26771,38.90796,3,51166.0
16.29488,38.87356,3,47528.0
15.97171,39.97634,3,67794.0
16.26685,39.60167,3,59608.0
16.30237,39.18304,3,41925.0
17.12912,39.06176,3,7346.0
17.11636,39.16245,3,10974.0
17.11718,39.18113,2,14592.0
16.49211,39.71012,3,19438.0
16.61029,39.92707,2,16212.0
16.30256,39.6978,3,64353.0
16.26107,39.15974,3,38295.0
16.26629,39.09642,2,32567.0
17.04672,38.93807,2,58.0
16.09428,38.67475,3,36609.0
16.09202,38.67015,2,32955.0
15.89463,38.426,3,11005.0
15.82935,38.31071,2,7338.0
15.65145,38.1915,2,3670.0
15.64071,38.0176,2,2.0
16.06171,37.94728,2,2.0
16.23141,38.21207,3,3676.0
16.57252,38.45583,2,12.0
16.59023,38.82781,4,3736.0
15.93732,38.54109,2,29300.0
15.92754,38.49543,3,25644.0
15.64436,38.27313,2,53.0
15.0418,38.12989,3,71.0
15.0444,38.1462,1,0.0
14.73879,38.15991,2,54.0
14.26562,38.00755,3,105.0
14.25688,37.99356,1,0.0
13.84948,37.97344,3,223.0
13.52656,38.09449,3,217.0
13.52568,38.10378,1,0.0
13.35383,38.13137,3,237.0
12.43257,37.79946,3,51.0
12.80863,37.6238,2,57.0
13.35322,37.82247,2,104.0
13.45652,37.7182,2,108.0
13.57536,37.3093,4,221.0
13.64111,37.30539,2,76.0
15.07441,36.79117,2,0.0
15.27981,37.07473,3,114.0
15.26995,37.84151,2,70.0
15.09189,37.50912,3,234.0
15.06789,37.48638,3,236.0
15.05748,37.40049,2,168.0
15.14506,37.22724,2,147.0
15.25485,37.10775,2,132.0
15.2685,37.08775,2,123.0
14.76189,37.63684,2,121.0
14.90034,37.56726,2,132.0
14.98845,37.52512,2,145.0
12.89186,37.97651,3,39.0
16.36923,44.55506,3,432780.0
16.16368,44.88443,3,1214.0
15.93357,44.78921,4,434779.0
15.09623,44.52345,3,8128.0
15.19967,44.24665,1,0.0
15.82862,43.79599,1,0.0
15.86082,43.7926,1,0.0
17.58048,43.19727,3,74397.0
17.35331,43.54705,3,5785.0
17.30206,43.48868,3,5211.0
17.32827,43.59743,3,4291.0
17.32039,43.8628,3,16404.0
17.56578,43.94097,3,17703.0
18.24138,42.7522,3,0.0
18.30137,42.60664,3,7.0
18.43328,42.62359,3,302.0
17.47935,44.56334,3,4854.0
17.95201,44.65732,3,8315.0
14.94599,41.88822,3,340157.0
14.57065,42.2153,2,342655.0
14.87844,41.75519,3,11211.0
14.67704,41.59488,3,14537.0
14.53274,41.45047,3,83192.0
14.62423,41.41952,2,64262.0
14.82896,41.2766,2,60951.0
13.60777,41.72606,3,5495.0
13.79919,41.61542,2,1483.0
13.59734,41.65469,2,289.0
13.75469,41.4241,4,12066.0
13.80162,41.42652,3,4414.0
13.81981,41.4056,2,0.0
13.98202,41.20897,2,454.0
14.42612,40.66153,2,3672.0
14.37002,40.62525,1,0.0
14.37026,40.94783,1,0.0
14.07093,40.88051,1,0.0
14.28333,41.14709,3,3796.0
14.50157,41.21656,3,29819.0
14.78424,41.0728,2,11964.0
14.82537,40.91218,3,9135.0
14.80032,40.90683,3,5615.0
14.76151,40.84476,2,1347.0
14.25305,41.21632,1,0.0
14.32208,41.32716,3,32851.0
14.20529,41.36294,3,35321.0
14.12442,41.50887,2,38323.0
13.66628,26.64052,3,1992.0
14.44041,27.06797,4,3978.0
14.27162,27.54989,4,5323.0
14.92502,27.27792,3,1287.0
13.96674,25.95096,3,668.0
13.91445,25.91791,4,10.0
15.1369,26.15965,3,0.0
30.7637,40.25089,1,0.0
31.54549,41.20008,1,0.0
29.6196,41.16452,3,151667.0
31.17309,41.07834,3,142966.0
32.05349,41.55108,1,0.0
32.05743,41.54457,1,0.0
35.0917,42.00278,1,0.0
35.09835,42.00948,1,0.0
39.7333,40.99846,3,7334.0
41.57346,41.55841,1,0.0
38.76774,40.036,3,36634.0
39.65365,40.02785,3,29352.0
35.07196,41.9024,1,0.0
36.33775,41.29878,3,3690.0
36.09417,40.00882,2,3672.0
36.95079,40.60904,3,19494.0
37.50611,40.98473,3,14623.0
37.84314,40.29503,3,80242.0
37.51129,41.02759,3,10997.0
38.19974,40.13993,3,69460.0
38.17491,40.01089,2,18340.0
37.02442,34.0521,1,0.0
37.0758,34.27062,4,11013.0
37.10073,34.30662,1,0.0
32.31835,34.89713,3,4.0
32.4101,34.92493,3,57.0
32.41142,34.93172,4,103.0
32.32391,35.05399,3,52.0
32.42152,35.03381,3,164.0
32.30119,35.04975,3,31.0
32.29605,35.08454,1,0.0
32.38732,34.84572,3,26.0
32.52816,34.71856,3,30.0
33.89639,35.17955,3,72.0
34.12736,35.50187,3,30.0
30.71809,37.48408,1,0.0
30.88859,37.44528,1,0.0
36.71987,34.75426,4,14469.0
37.10297,35.13641,4,41673.0
36.73645,34.04412,1,0.0
37.01101,36.01956,4,107062.0
37.2661,35.77051,3,13794.0
38.28553,34.5782,5,33362.0
38.32953,34.58158,1,0.0
37.79988,35.38663,4,3363.0
37.51877,35.80881,3,3477.0
38.76792,35.65423,3,485.0
33.73546,35.39453,3,38.0
33.72458,35.25344,3,78.0
13.15789,38.07446,3,146.0
12.78912,37.83094,3,75.0
12.79642,37.82451,1,0.0
12.89202,37.59298,2,66.0
13.23058,37.49371,2,82.0
14.21483,37.07793,2,111.0
14.35875,36.98817,3,108.0
14.45934,36.85228,3,16.0
14.80033,37.05325,3,86.0
14.90686,37.06366,2,87.0
14.31334,37.31392,2,64.0
28.20484,39.99112,1,0.0
28.10211,40.23416,2,1.0
27.92805,40.35364,1,0.0
36.40983,33.58667,2,16992.0
36.47167,33.63831,3,13501.0
36.66473,33.64766,3,6501.0
36.97361,33.75357,2,2843.0
37.28287,34.0189,2,6121.0
36.37323,33.14029,1,0.0
36.5344,32.71694,5,11010.0
36.44982,32.5235,5,64811.0
36.36131,32.54705,2,67275.0
36.35908,32.44699,3,19689.0
36.68082,32.49772,3,14386.0
36.7841,32.4247,2,3672.0
36.77785,32.12701,1,0.0
32.58185,31.04405,1,0.0
32.7673,30.99216,3,3672.0
33.72704,31.10226,2,7342.0
33.8194,31.1177,3,11011.0
34.92794,32.11799,3,182946.0
34.9115,32.01251,2,179490.0
34.89146,31.96569,5,176396.0
34.74752,32.05253,3,97727.0
34.74437,31.87495,3,88540.0
34.65185,31.76573,3,84970.0
35.05703,31.90799,3,7386.0
34.98636,31.85054,4,21072.0
34.8492,31.74917,3,132846.0
34.85621,31.67633,4,129697.0
34.87841,31.63898,3,122229.0
34.88775,31.62087,3,118865.0
34.90627,31.58655,3,115320.0
35.04937,31.51813,2,111843.0
35.07519,31.52945,3,109435.0
35.0947,31.53997,3,108344.0
35.15998,31.71132,3,3490.0
35.09435,31.73345,3,608.0
35.21672,31.78631,3,11183.0
34.92473,31.67969,3,524.0
35.21931,31.79019,2,14727.0
35.22165,31.79371,3,18496.0
35.23314,31.79449,3,4934.0
35.10255,31.81433,2,17613.0
35.08305,31.89455,2,3926.0
35.4252,31.85067,2,4859.0
35.45478,31.86909,3,71305.0
35.44943,32.03724,3,72832.0
35.42334,32.15189,3,77250.0
35.50497,32.12223,3,2521.0
34.64222,31.102,4,11783.0
34.73127,30.87021,2,7545.0
34.91329,30.70421,3,4157.0
35.08466,30.56008,2,688.0
35.14894,30.53577,4,57969.0
35.09775,30.93329,2,74988.0
35.05192,31.03891,3,89769.0
34.81479,32.19781,3,104388.0
34.77034,32.07627,3,101181.0
34.90468,32.12424,4,476.0
34.73171,31.92083,3,94256.0
34.69632,31.92974,1,0.0
34.62215,31.78661,1,0.0
34.58899,31.66417,4,78356.0
34.54534,31.67009,1,0.0
34.68406,31.64768,3,439.0
34.54805,31.5818,3,67759.0
34.89087,31.9423,3,160774.0
34.45782,31.51107,5,64483.0
34.43294,31.53094,1,0.0
34.38699,31.44999,3,39319.0
34.22555,31.29752,2,14560.0
35.2302,30.82272,4,71785.0
35.35833,30.67649,3,7426.0
35.01816,31.22478,4,96937.0
35.80085,31.78563,3,63384.0
4.74557,44.32239,2,18747.0
4.74613,44.36723,2,18156.0
4.7451,44.52498,2,23405.0
4.76555,44.47621,2,20322.0
4.74428,44.55648,2,26511.0
4.89459,44.93023,3,34337.0
4.89471,44.9499,3,37516.0
4.87472,45.51848,4,41992.0
5.21584,45.59473,3,399707.0
4.81735,45.75872,6,371324.0
4.8698,45.51889,3,38802.0
4.80277,44.83101,2,20600.0
4.76185,46.12626,1,0.0
4.72942,46.04612,3,3674.0
4.09056,46.00198,3,284531.0
4.8982,45.50175,1,0.0
4.94106,45.45284,2,3672.0
4.8646,45.56626,1,0.0
4.84484,45.78522,3,24849.0
4.67297,44.54672,3,18805.0
4.67083,44.49008,3,10775.0
4.63327,44.3681,3,9488.0
4.61261,44.28796,3,12594.0
4.60574,44.55669,3,7644.0
4.59497,44.56259,3,8376.0
4.46858,44.58527,3,3659.0
3.81647,45.13716,5,66968.0
3.73993,44.8357,3,57208.0
3.33666,44.69371,3,38831.0
4.08287,45.60025,3,60214.0
4.22063,45.74028,5,67485.0
4.16455,45.75374,3,8491.0
4.04317,45.78543,4,20613.0
3.68656,45.80756,2,0.0
4.04188,45.74005,4,16245.0
4.63092,45.75341,2,59635.0
4.85634,45.52555,3,14660.0
4.8199,45.8275,2,7296.0
5.03709,45.84697,3,14918.0
6.08964,43.82056,3,32214.0
6.5794,43.47513,3,248854.0
6.74325,43.44021,2,249189.0
6.92227,43.51586,2,251307.0
5.93025,44.20511,3,264019.0
5.94302,44.19807,3,262862.0
7.14468,43.65671,3,253894.0
7.27096,43.7211,3,272843.0
6.07916,44.03902,3,10906.0
6.23573,44.08916,4,49310.0
6.12419,43.91908,3,33167.0
7.08144,46.11565,1,0.0
7.07934,46.10213,3,16749.0
6.77722,45.61166,3,19103.0
6.53511,45.47948,3,89259.0
6.38646,45.66718,3,85735.0
6.3734,45.66201,3,84179.0
6.05337,45.4966,4,481889.0
5.94455,45.56753,3,500313.0
5.92679,45.71573,3,58052.0
5.85144,45.93094,4,27400.0
6.29936,45.73876,3,75499.0
5.71739,45.71643,3,25111.0
5.72702,45.69926,3,30301.0
5.61361,45.57474,4,430437.0
5.28737,45.88486,3,4308.0
5.75638,45.43748,3,47052.0
5.92681,45.55614,3,466908.0
5.73553,45.1984,3,10769.0
5.72695,45.16142,3,15440.0
5.7549,45.09583,3,11311.0
6.41443,45.04288,3,12860.0
6.63602,44.89816,3,343104.0
5.57575,45.31643,4,44559.0
6.36847,44.52641,3,327376.0
6.28743,44.47901,3,301464.0
6.04344,44.44448,3,255907.0
6.24452,44.46694,3,298092.0
5.46013,44.61494,3,13935.0
5.77191,44.45759,3,19919.0
5.77828,44.50966,3,16264.0
6.08524,44.56122,4,15484.0
6.19217,44.57066,3,21361.0
6.82242,45.04424,3,344212.0
6.94802,45.10438,3,346530.0
7.04913,45.13951,3,904287.0
5.90839,45.99573,3,7343.0
6.07408,46.12407,1,0.0
28.25208,39.99082,1,0.0
29.08718,40.17315,2,2.0
28.29708,41.48521,2,3672.0
28.89854,40.97495,2,2425030.0
28.57175,41.02664,2,2426976.0
28.18953,41.08082,2,2428920.0
27.91747,40.9769,3,2442074.0
27.74174,41.02397,2,11010.0
27.50774,40.97844,2,7342.0
27.06028,40.96773,2,3672.0
29.94063,40.75374,2,2262863.0
29.96248,40.72793,2,2260796.0
29.92565,40.70267,2,2258730.0
29.6633,40.55464,2,2256684.0
29.13327,40.15079,2,2.0
29.21637,40.39615,1,0.0
29.08679,40.95707,2,2423082.0
29.25594,40.87203,2,2421132.0
29.44636,40.78633,2,2419180.0
29.62865,40.77523,2,2417226.0
29.92798,40.75307,3,2416939.0
29.67575,40.47483,3,2257125.0
29.17844,41.21041,1,0.0
3.42882,43.45936,3,7343.0
3.43606,43.66817,3,43784.0
3.47754,43.31439,1,0.0
3.88717,43.6398,3,445377.0
4.36495,43.8366,6,469795.0
4.38588,43.83552,3,460866.0
4.4405,43.82989,3,456252.0
4.63052,43.80781,5,461036.0
4.70343,43.76584,5,492640.0
4.81263,44.13277,3,21348.0
4.80769,44.16755,3,21227.0
4.56745,43.92588,3,16551.0
4.56043,43.91235,2,5139.0
4.52025,43.75344,4,6541.0
4.6138,43.68966,3,7182.0
4.63247,43.67841,3,11002.0
4.82411,43.63564,3,9288.0
5.02059,43.64017,3,239163.0
4.86195,43.69049,3,232845.0
4.81751,43.78278,2,246704.0
4.85366,43.78284,2,248854.0
4.90054,43.77639,3,252873.0
5.53548,43.63459,2,26585.0
5.44235,43.52367,5,270648.0
5.38949,43.54734,2,241441.0
4.6373,43.80618,3,479950.0
9.30698,36.41834,4,20057.0
9.45317,36.51253,5,18906.0
9.22784,36.39475,5,23348.0
9.1495,36.35589,3,30095.0
9.13477,36.3466,3,31272.0
9.13051,36.34438,3,32114.0
9.11649,36.33685,3,32504.0
8.84112,36.08135,4,27249.0
8.81172,36.01022,2,26713.0
9.00247,36.06923,4,1004.0
9.01776,36.01837,1,0.0
9.07766,36.28979,3,112.0
9.00653,36.28388,2,14414.0
8.88434,36.24174,2,14966.0
8.69989,36.17959,6,39865.0
7.75065,36.18319,2,31264.0
7.97891,36.28939,5,32781.0
8.28606,36.24793,3,30611.0
8.36057,36.23393,4,32011.0
7.74897,36.6584,3,557.0
9.26773,36.4553,3,1352.0
9.24338,36.424,4,2202.0
10.65963,42.9839,2,724219.0
10.5445,43.097,2,725873.0
9.91038,44.16329,3,745560.0
9.99612,44.08059,2,742025.0
10.39306,43.79924,3,740443.0
10.48006,43.46935,2,727531.0
10.40075,43.70741,3,729887.0
11.06788,43.7696,2,491.0
11.10452,45.42206,3,44323.0
11.54752,45.56011,3,31538.0
12.5171,45.76791,2,5224.0
12.83339,45.76297,3,3675.0
12.1544,45.42695,3,2118.0
12.53799,44.07415,3,482832.0
12.51505,44.09188,3,15749.0
12.21113,44.39947,3,13905.0
12.16888,44.94938,3,12897.0
12.0436,45.0632,3,14491.0
12.07306,45.1823,3,5058.0
12.10243,45.35226,3,6678.0
12.0999,45.42297,3,8026.0
11.94257,45.69893,4,12558.0
11.87524,45.41315,5,21095.0
12.21323,44.14471,3,474734.0
12.24678,44.13631,2,467728.0
12.20481,44.28719,3,2751.0
11.4969,44.43239,3,477670.0
11.87092,44.2848,3,477095.0
11.33801,44.49185,3,1978136.0
11.36758,44.48271,3,1969930.0
11.27106,44.09683,3,4199.0
9.71367,44.22674,2,619132.0
9.39211,44.279,2,618795.0
9.69411,45.05553,5,2126715.0
9.55791,45.16868,4,2066026.0
9.16005,45.18284,4,39886.0
9.76405,45.18314,3,22593.0
10.0188,45.13784,5,22405.0
10.48358,45.15164,3,16087.0
10.68998,45.15485,3,3672.0
10.78701,45.16095,1,0.0
11.27628,44.51136,3,1979729.0
10.92709,44.64966,4,1984346.0
10.61935,44.70878,2,1964984.0
10.31717,44.80351,3,2094435.0
9.70654,45.04776,3,2096992.0
10.98771,45.43736,4,75052.0
10.65299,45.25122,4,21168.0
11.09193,45.10995,2,16274.0
10.98948,45.44408,3,58696.0
11.12128,46.06619,3,7343.0
11.15251,46.07881,1,0.0
11.1159,46.13021,1,0.0
9.18615,45.46423,5,2048521.0
9.195,45.45844,4,2043891.0
9.4136,45.30432,4,2041323.0
9.43468,45.293,3,2037965.0
9.667,45.69939,3,60272.0
9.5247,45.7268,2,61145.0
9.42156,45.80223,2,62662.0
9.34661,45.82426,2,64272.0
7.31687,45.73963,3,31771.0
7.8756,45.47289,4,29564.0
8.40742,45.3275,4,509776.0
8.61151,45.44589,3,500474.0
9.07095,45.8084,4,2607558.0
8.92356,45.16247,3,37628.0
8.5965,45.19694,3,37265.0
8.84238,44.89874,3,452346.0
8.83501,44.8817,3,374202.0
8.84479,44.70724,2,369920.0
8.84987,44.44471,3,634255.0
8.45253,44.31309,3,277399.0
8.27622,44.35575,3,1753.0
8.58617,44.78184,2,103.0
8.45113,44.90756,2,426809.0
8.18505,44.90015,3,426504.0
7.96773,44.92318,2,427795.0
7.80118,45.02579,2,429273.0
7.67972,45.07022,5,922581.0
7.87944,44.68024,3,2922.0
7.45778,44.37463,2,0.0
7.69179,45.10332,3,499634.0
8.28288,45.19583,3,499246.0
8.50311,45.26368,2,14334.0
7.87967,45.20104,3,500778.0
10.50966,35.99948,1,0.0
10.48762,36.03742,3,670.0
10.4736,36.28985,4,1336.0
10.56923,36.39808,4,3276.0
10.32012,36.72981,3,258.0
10.56932,36.42251,3,784.0
9.60407,36.64548,3,128.0
9.80254,36.65893,4,4920.0
9.6072,36.52943,4,5130.0
9.9933,36.71392,3,3572.0
10.11509,36.78146,2,2927.0
10.18075,36.81852,3,2412.0
10.31266,36.84707,3,504.0
11.25105,43.76835,5,13128.0
11.28156,43.8059,3,1488111.0
12.65808,43.41726,2,44788.0
12.99772,43.80852,2,46715.0
12.70349,42.95638,3,43110.0
12.73805,42.74106,3,24943.0
12.63206,42.55248,3,21750.0
12.51237,42.51812,3,17751.0
12.63833,42.11806,3,18469.0
12.62573,42.10118,3,22005.0
11.3675,43.78886,3,1493152.0
11.8441,43.48829,2,1491462.0
12.01876,42.87134,3,1489808.0
12.07619,42.70787,2,0.0
11.98346,42.65025,3,1486508.0
11.73515,42.19078,2,714363.0
11.70847,42.24232,2,715998.0
11.58696,42.35348,3,720297.0
11.29928,42.40742,2,720927.0
11.28235,42.42121,2,722571.0
12.85651,42.40388,3,21266.0
12.82002,42.22643,3,15441.0
13.02296,43.84521,3,479576.0
13.84088,42.11521,3,66076.0
13.80449,42.10027,3,14810.0
13.85377,42.19355,3,66094.0
14.21637,42.46615,3,412505.0
13.29155,42.35153,3,5093.0
13.09765,42.40975,3,9436.0
13.65115,42.57815,3,4775.0
13.96212,42.58456,3,6111.0
13.90557,42.89071,3,424510.0
9.06985,45.79222,1,0.0
9.43771,36.55903,3,761.0
12.18355,42.09456,3,14679.0
12.3449,42.12626,3,1482608.0
35.52298,33.90068,3,668799.0
35.2201,33.27124,3,634723.0
35.07675,32.92185,3,596948.0
35.08673,32.90462,3,427049.0
34.9394,32.67135,2,305608.0
34.90016,32.50191,5,302542.0
34.93249,32.14243,4,190181.0
35.26626,32.22015,3,96632.0
35.18643,32.25702,3,97735.0
35.28833,32.21352,4,93551.0
35.50374,32.50473,6,57562.0
35.59814,32.46794,4,50537.0
35.68797,32.11772,2,39555.0
36.10355,32.12922,1,0.0
36.13479,32.16941,2,3672.0
36.19257,32.21731,2,7342.0
36.33175,32.38123,3,14958.0
35.60948,32.61123,4,5594.0
35.53963,32.53543,3,4598.0
35.56578,32.70994,3,90443.0
35.59204,32.69512,3,83476.0
35.62162,32.71997,3,5124.0
35.62711,32.67633,4,85323.0
35.67867,32.65731,3,74427.0
36.10763,32.62371,3,70852.0
34.94426,32.43205,4,191392.0
35.16362,32.27234,3,105.0
35.2935,32.46009,4,108096.0
35.18935,32.57677,4,111394.0
35.2309,32.61238,3,55879.0
35.60739,32.90096,3,405.0
35.6219,32.89956,3,18240.0
35.53881,32.78263,3,93921.0
35.65057,32.85228,3,8461.0
35.64916,32.88928,3,11238.0
36.30884,33.51169,4,20958.0
12.22815,42.23374,3,1485880.0
10.1798,36.79559,3,938.0
10.85322,36.5716,3,1338.0
10.8952,36.99511,2,670.0
12.90512,45.72636,1,0.0
39.19559,40.00113,1,0.0
39.62872,40.25399,2,11044.0
39.66438,40.37756,2,7386.0
39.63194,40.41299,3,3730.0
39.62242,40.80453,3,61.0
38.67498,40.05486,3,43926.0
38.74482,40.00341,1,0.0
39.65629,40.018,4,11013.0
39.59865,39.99796,1,0.0
39.66078,39.99691,1,0.0
39.6935,39.99582,1,0.0
39.41762,40.5269,2,0.0
40.05276,39.99135,1,0.0
40.12688,39.99087,1,0.0
41.38957,39.96128,1,0.0
42.25062,39.97562,1,0.0
35.46086,41.14701,1,0.0
35.67173,40.98424,3,14580.0
35.81365,40.65532,3,38027.0
35.81525,40.63643,3,13251.0
34.04029,40.03568,1,0.0
35.82754,40.67773,3,22546.0
36.06467,40.40719,3,119381.0
35.7691,41.0258,3,7350.0
36.84358,40.64434,3,1617.0
36.93427,40.62015,3,23876.0
36.62721,40.38201,3,111951.0
36.55819,40.35278,3,125979.0
36.37999,40.36289,3,114586.0
37.34748,40.40806,3,83786.0
38.08804,40.17573,3,76641.0
37.87088,40.0011,1,0.0
32.08685,37.84931,1,0.0
32.12065,37.8565,1,0.0
35.82616,34.422,2,671895.0
36.0376,34.5656,3,675175.0
36.31484,35.83548,1,0.0
36.40795,36.05932,2,3672.0
38.14212,36.0162,3,626.0
38.64252,34.69074,2,537.0
37.86881,34.28319,2,9401.0
32.99394,35.19855,3,188.0
33.32112,35.33626,3,62.0
33.41492,35.32703,3,58.0
32.87944,34.66717,2,28.0
33.23775,35.02641,1,0.0
33.311,35.14821,3,135.0
33.347,35.15609,4,139.0
33.4127,35.01889,3,57.0
32.88456,24.86361,1,0.0
33.47959,24.9198,3,36.0
34.16064,25.03028,4,221.0
32.87028,25.9157,3,71.0
33.09123,25.83074,3,102.0
38.72977,40.00271,1,0.0
38.77562,39.94037,3,7.0
38.9,39.94155,3,5.0
39.0389,39.95545,1,0.0
27.53264,37.85204,3,209670.0
27.37119,36.6891,1,0.0
35.26949,24.29857,2,120.0
35.3643,24.14562,3,119.0
34.01269,24.73086,3,62.0
34.28,24.70481,3,180.0
34.44084,24.68096,3,230.0
34.65374,25.00141,2,155.0
34.57193,25.64361,2,224.0
34.40271,25.88835,2,212.0
34.24371,26.15539,3,172.0
34.23162,26.17078,1,0.0
34.94168,24.94025,4,292.0
34.64655,25.5055,3,256.0
30.32593,37.31713,1,0.0
30.34238,37.31552,1,0.0
35.77492,35.51677,3,668286.0
36.16816,36.05074,2,671536.0
36.41022,35.42822,3,14928.0
36.74108,35.66293,3,86951.0
36.76296,35.29857,4,65916.0
36.47563,35.40004,3,1658.0
36.75685,35.16248,3,18018.0
37.43948,35.08856,2,37942.0
36.19463,34.02585,1,0.0
36.40485,34.26055,2,3672.0
36.58816,34.62476,2,7342.0
37.63838,34.57673,2,88.0
36.41439,35.42356,3,13476.0
37.98734,34.63223,3,34907.0
32.41509,34.75801,2,11.0
33.4904,35.2447,3,88.0
33.90331,35.17403,2,60.0
33.05254,35.31496,3,83.0
33.94348,35.11784,3,47.0
33.84607,35.06266,3,44.0
33.60348,35.07133,3,16.0
33.62918,34.92852,4,52.0
33.77358,34.99049,3,29.0
32.67303,26.12234,1,0.0
32.76953,25.95496,1,0.0
28.26539,40.00489,1,0.0
28.18555,39.8427,3,7343.0
27.91019,39.60571,4,11048.0
27.79942,38.9719,3,18467.0
27.55569,39.17793,3,303.0
27.22551,39.1395,3,7580.0
27.18522,39.12803,4,58523.0
27.33592,38.16838,4,97893.0
27.54112,38.4301,3,75.0
27.13847,38.40241,2,90666.0
27.14034,38.40868,3,87170.0
27.14145,38.41754,3,79979.0
27.07263,38.60003,3,76349.0
26.98506,38.83907,3,72737.0
27.87025,38.83946,3,29347.0
27.84878,38.89749,3,25732.0
27.99309,38.4801,3,43638.0
27.96349,38.65271,3,40206.0
28.08256,38.46133,3,65317.0
28.29917,38.54074,3,14676.0
28.09538,38.61232,3,3832.0
28.72769,38.63574,2,11010.0
26.38536,40.91509,1,0.0
26.08602,40.7237,1,0.0
26.12281,40.84432,1,0.0
26.2716,40.94177,1,0.0
26.49919,41.35765,2,3672.0
26.57463,41.67692,3,2451920.0
26.09675,41.83464,2,2452092.0
20.73434,39.0065,3,5.0
20.77561,39.17058,1,0.0
20.77025,38.95135,2,3.0
37.76579,39.90101,3,7343.0
37.90106,40.01617,1,0.0
29.41232,38.67559,3,7343.0
28.20845,40.00179,1,0.0
27.18456,39.12194,2,61883.0
27.17909,39.10583,2,65483.0
27.0398,38.80847,1,0.0
24.10801,41.04297,4,131114.0
24.26404,41.03671,3,80226.0
24.39499,40.93594,3,7342.0
24.7651,41.08825,3,3672.0
24.77248,41.07863,1,0.0
21.016,38.8837,1,0.0
24.95689,35.05931,1,0.0
24.9822,35.10574,1,0.0
37.03485,39.75165,1,0.0
27.3643,37.93538,3,199046.0
27.44436,38.0112,3,188246.0
27.44087,38.02355,3,101417.0
29.51458,25.27449,3,132.0
29.61375,25.23063,3,119.0
30.54929,25.44269,4,103.0
28.98056,25.48319,3,144.0
29.3029,25.5989,3,99.0
29.37101,25.55976,3,118.0
29.41496,25.3751,3,117.0
35.27188,24.1105,3,105.0
35.29948,24.05309,3,160.0
35.31939,24.03545,3,132.0
35.46905,23.91335,3,36.0
35.47533,23.90838,1,0.0
34.96238,24.92882,1,0.0
34.15419,26.07064,3,76.0
34.17106,26.08198,3,128.0
34.06066,26.15593,1,0.0
30.61148,39.38259,1,0.0
30.3758,39.2077,1,0.0
28.63378,39.59033,1,0.0
29.11802,39.66844,2,3672.0
29.84345,39.33179,3,7343.0
29.6266,39.19568,1,0.0
29.74565,38.71753,1,0.0
24.35601,40.95669,3,73007.0
34.38229,25.93549,3,208.0
-6.65199,42.6279,4,73663.0
-6.48333,42.58036,3,77268.0
-6.43538,42.63471,3,0.0
-5.96007,42.49045,4,105442.0
-5.91948,42.42872,3,18106.0
-5.29878,42.4736,3,118884.0
-5.76319,43.21474,2,3672.0
-5.65698,43.54312,1,0.0
-5.45899,42.07546,3,14780.0
-5.58595,41.56992,3,11037.0
-4.34504,41.27466,2,348.0
-8.50767,40.08964,3,41535.0
-8.40692,39.55182,4,9865.0
-8.67982,39.35268,3,10718.0
-8.71758,39.21527,3,7544.0
-8.18507,39.33803,3,1068.0
-7.15535,39.02567,3,2477.0
-9.14747,38.82289,2,0.0
-9.04625,38.8826,2,105.0
-9.01723,39.04825,3,3879.0
-9.15823,38.68201,1,0.0
-8.5206,38.3582,3,3672.0
-7.86778,37.99072,4,3806.0
-7.96927,38.51919,3,8476.0
-4.83629,37.82695,5,113358.0
-4.82613,37.84804,4,14218.0
-6.40852,38.30406,3,1397.0
-6.37815,38.90586,5,24247.0
-5.68769,37.4544,3,18045.0
-5.37974,37.4948,3,21628.0
-5.14507,37.50887,5,25559.0
-5.01609,37.61565,3,28773.0
-5.96876,37.41421,4,14948.0
-5.79664,37.00982,3,11166.0
-6.20784,36.43916,3,3672.0
-6.29495,36.52872,1,0.0
-8.65829,42.74544,3,0.0
-7.5714,43.01136,3,7172.0
-8.55085,42.77783,3,3607.0
-8.43059,41.54332,3,56077.0
-8.64995,42.04464,3,187.0
-2.95277,38.59762,4,207995.0
-2.37025,38.9853,3,217404.0
-3.65262,38.06361,4,164693.0
-3.76767,38.03502,3,159602.0
6.66721,35.89247,3,670.0
6.54672,35.44801,5,55005.0
6.34964,35.42768,4,8790.0
8.899,33.71475,4,81820.0
8.79257,34.3998,3,82804.0
8.1668,35.36823,8,58831.0
7.70873,35.91105,4,2002.0
8.47669,35.54054,3,44432.0
7.98081,35.40803,3,591.0
7.86587,35.33296,3,24137.0
7.20852,35.3842,5,56568.0
8.56893,35.60481,3,37333.0
-0.45003,35.75644,3,4282.0
-0.25018,35.79872,3,5754.0
0.94209,35.04019,2,10942.0
0.23013,35.09966,3,10474.0
0.05081,35.09407,2,6277.0
-0.61242,34.95645,3,5719.0
-0.70765,34.94991,3,5206.0
-1.33242,34.88606,3,1272.0
-1.43804,35.07897,2,708.0
-1.41996,35.23805,3,1436.0
-0.43956,39.18299,3,225146.0
-6.40631,39.46307,4,7693.0
-6.86618,38.91402,2,6104.0
-6.15736,38.94051,3,19843.0
-5.77863,38.87063,3,22810.0
-4.90035,38.69537,3,25912.0
-4.76746,37.59885,3,81.0
-6.08651,37.45062,5,28183.0
-6.08375,37.41969,1,0.0
-6.07087,37.56331,3,866.0
-6.01475,37.50936,4,35648.0
-6.65518,37.6918,4,6231.0
-5.34193,38.2625,3,6997.0
-5.01173,37.14633,3,10776.0
-4.80829,37.3054,5,18169.0
-4.59857,37.06517,3,169.0
-4.57032,37.01324,3,4219.0
-5.07729,37.26731,4,207.0
-5.91473,36.46101,3,201.0
-5.91629,36.18798,3,24.0
-5.43544,36.17544,3,3690.0
-5.41157,36.19529,3,7232.0
-4.21593,37.90111,4,149370.0
-4.60325,37.34939,4,29189.0
-4.41126,36.725,4,100.0
-3.61947,40.18123,3,4738.0
-3.44481,39.27422,3,588.0
-4.08917,39.9378,2,0.0
-1.73557,38.95719,5,226436.0
-3.07838,38.94327,3,3487.0
-3.08631,37.58898,3,1248.0
-3.69265,37.76304,3,412.0
-3.79621,37.99488,3,156038.0
-3.14423,37.30112,3,3709.0
-1.98338,37.71238,2,6154.0
-2.73709,37.15212,2,160.0
-2.5201,36.96485,2,3290.0
-2.46455,36.84055,3,9911.0
-4.4102,38.66136,3,29411.0
-3.77638,38.80454,3,36387.0
6.65578,36.0496,1,0.0
8.60389,34.96062,3,10069.0
8.27122,35.12577,3,1599.0
7.72567,36.05179,1,0.0
8.70044,35.54401,3,20632.0
9.07523,35.55317,5,18372.0
9.02381,35.73459,3,1339.0
9.02091,35.72396,1,0.0
9.01095,36.03505,1,0.0
3.68946,35.86006,3,12872.0
4.16248,35.83884,3,13701.0
4.54407,35.69802,4,14258.0
-0.65367,35.69227,3,0.0
0.25217,36.02873,3,6556.0
0.26136,36.08476,1,0.0
-0.66423,35.39979,3,806.0
-0.62544,35.4487,3,1886.0
-0.2019,35.52705,3,1999.0
0.05299,35.58583,3,2697.0
1.07674,36.07572,1,0.0
-1.14144,35.26795,4,1702.0
-1.45576,35.23861,3,670.0
-2.93943,35.2679,1,0.0
-0.99755,37.606,4,23111.0
-0.6968,38.25258,3,25252.0
-0.9896,38.7228,3,222390.0
-8.40481,41.61712,3,59285.0
-2.23588,53.47985,6,5399.0
-1.88475,53.65379,2,1609.0
-1.82522,53.92367,3,997.0
-1.48933,53.87476,3,339.0
-1.4659,53.88205,3,126.0
-1.42239,53.85563,3,2035.0
-1.33864,54.02483,3,6418.0
-1.33276,53.90004,4,5779.0
-1.33519,53.88271,4,6013.0
-1.33667,53.86407,4,11379.0
-1.29748,53.87979,3,4380.0
-1.2686,53.88999,3,4199.0
-1.08379,53.95687,3,4761.0
-1.14853,53.97651,2,792.0
-1.0192,53.96743,3,4300.0
-0.99464,53.96513,2,807.0
-0.86617,54.00359,4,3010.0
-0.74397,54.02013,4,1678.0
-0.68857,53.89285,4,553.0
-0.54216,53.73216,1,0.0
-1.35776,53.72505,2,10198.0
-1.03709,53.5126,2,10278.0
-0.98691,53.44639,2,10379.0
-0.53402,53.30276,3,11054.0
-0.54488,53.49892,3,565.0
-0.54195,53.6853,1,0.0
-1.9051,53.27296,3,596.0
-1.59649,53.0243,1,0.0
-1.47756,52.93915,4,2851.0
-1.3408,53.43285,2,666.0
-2.44664,53.20526,3,1886.0
-2.42264,52.83545,2,3009.0
-2.15357,52.68557,5,4474.0
-1.81681,52.64939,4,5384.0
-1.49013,52.56589,3,4655.0
-1.29181,52.49092,4,6159.0
-1.12556,52.64824,4,5729.0
-1.06773,52.76574,3,3712.0
-0.5309,53.22043,3,11174.0
-0.52522,53.24219,3,11263.0
-0.33378,53.29869,2,283.0
0.21984,53.19345,1,0.0
-0.53975,52.9826,3,8259.0
-0.49614,52.91502,4,8525.0
-0.57933,52.89678,4,882.0
-0.37861,52.76731,3,8244.0
-0.36909,52.71262,3,8290.0
-0.36256,52.57728,3,9201.0
-0.36358,52.57196,3,8488.0
-0.35938,52.56153,3,8481.0
-0.39345,52.59162,3,393.0
0.02487,52.58598,2,2036.0
0.47935,52.62965,2,1867.0
0.69946,52.69111,4,1858.0
0.50689,52.94882,1,0.0
0.76994,52.71231,4,845.0
1.12671,52.77031,2,283.0
1.47572,52.77243,1,0.0
-1.91215,52.46716,3,1051.0
-2.14315,52.29148,4,2832.0
-1.88691,52.24491,4,553.0
-2.26559,51.87422,5,4691.0
-1.76383,51.89758,3,2938.0
-1.07043,52.27656,3,3470.0
-0.9899,52.13111,3,3903.0
-0.34912,51.74679,4,3299.0
-1.1627,51.88946,4,1514.0
-1.16282,51.51315,1,0.0
-2.36444,51.87339,2,283.0
-2.30638,51.82594,2,1254.0
-1.97635,51.71881,4,5862.0
-1.88992,51.73235,3,3536.0
-0.88336,51.84535,3,565.0
-0.50096,51.75254,1,0.0
-0.44212,51.6983,1,0.0
-2.33265,51.42096,3,1752.0
-1.7098,51.56983,3,3924.0
-1.41655,51.43341,3,1942.0
-1.68245,51.42114,4,2657.0
-1.07342,51.37422,5,4352.0
-1.11208,51.45108,1,0.0
-0.15439,51.5204,3,5311.0
-0.51675,52.40692,3,1934.0
-0.23345,52.38228,3,7944.0
-0.1765,52.3185,4,7856.0
0.01791,51.89997,3,7074.0
0.0184,51.88538,4,8805.0
0.06603,51.88375,3,3679.0
0.36196,51.87085,5,3490.0
0.13256,52.22334,4,1021.0
0.2225,52.33867,2,283.0
0.00971,51.87401,3,6356.0
-0.07989,51.51932,4,9717.0
0.07318,51.54627,3,2599.0
0.46824,51.73504,3,2370.0
0.55582,51.8799,4,3988.0
0.74822,51.87379,3,2432.0
0.90623,51.8853,4,1822.0
0.71967,51.84785,3,1341.0
0.465,51.79421,3,1241.0
0.30646,51.78011,2,92.0
0.72294,52.08947,4,2347.0
1.0765,52.13005,4,948.0
0.88225,52.32879,3,1288.0
0.73169,52.6487,3,1200.0
0.92753,51.89375,3,1010.0
1.08813,52.05031,2,475.0
1.08977,52.11751,3,586.0
1.30589,52.57095,1,0.0
-1.48315,51.22352,4,3301.0
-1.08042,51.34623,3,1286.0
-0.94853,51.17077,4,605.0
-1.32511,51.06709,6,2061.0
-2.41995,50.72424,4,661.0
-2.05393,50.82549,4,1139.0
-1.80619,51.0922,4,1838.0
-1.36345,50.9777,3,565.0
-1.22395,50.90841,3,912.0
-1.37531,50.91087,1,0.0
-0.78714,50.83087,4,973.0
-2.26913,51.152,2,386.0
-0.53151,50.94567,3,1199.0
-0.40829,51.09055,3,1239.0
-0.31448,51.25799,2,1350.0
-0.14208,51.45287,3,2011.0
-0.08701,51.50023,3,6732.0
-0.05968,51.4706,3,4435.0
0.50048,51.38899,3,3825.0
1.08249,51.27902,6,2230.0
1.15263,51.31177,3,565.0
1.22191,51.33171,1,0.0
1.19148,51.36516,1,0.0
1.24339,51.15653,2,0.0
1.27644,51.28517,3,283.0
1.32329,51.295,1,0.0
1.04998,51.07892,1,0.0
-2.54176,53.82544,4,3060.0
-2.25959,53.9251,2,235.0
-2.75666,53.77189,2,84.0
-2.65135,53.55832,3,236.0
-2.60473,53.37193,3,631.0
-2.44637,53.27502,4,5779.0
-2.57048,53.24888,2,3967.0
-2.8949,53.20165,3,4246.0
-2.85732,53.15485,2,4246.0
-2.64954,52.95317,3,4362.0
-2.63512,52.6681,4,2375.0
-2.79819,52.09372,4,2509.0
-2.64212,52.08668,4,2013.0
-2.65648,51.49121,1,0.0
-2.45554,51.44395,3,1367.0
-2.35773,51.40447,4,2636.0
-2.51113,51.20975,4,2080.0
-2.69946,51.30461,1,0.0
-2.67985,51.00816,4,1356.0
-2.60005,50.88106,2,344.0
-3.38206,50.75787,2,283.0
-3.00832,50.77469,3,564.0
-3.68438,50.49844,1,0.0
-3.59265,53.2706,1,0.0
-3.20534,53.28477,1,0.0
-2.914,51.97524,1,0.0
-3.94025,56.1963,1,0.0
-3.92066,56.2257,1,0.0
-3.87356,56.25087,1,0.0
-3.34635,56.5141,1,0.0
-3.93086,56.11859,1,0.0
-3.80628,56.00534,1,0.0
-4.08305,55.83454,1,0.0
-4.02444,55.80147,2,283.0
-3.4918,55.67211,4,1125.0
-3.62253,55.43233,2,1939.0
-3.65546,55.48486,3,1673.0
-3.3848,55.298,2,2208.0
-2.95374,54.9649,3,2749.0
-2.55986,55.52209,2,2.0
-2.26642,55.28066,1,0.0
-2.26641,55.28064,2,0.0
-1.99739,55.05336,3,843.0
-1.99398,54.97262,3,1399.0
-1.81962,54.88509,2,1668.0
-1.6931,54.71923,3,2215.0
-1.67475,54.65781,3,2475.0
-1.66335,54.44056,3,6234.0
-1.39185,54.09352,3,6907.0
-2.9481,55.02412,1,0.0
-2.93476,54.90458,4,3815.0
-2.7808,54.73043,3,4258.0
-2.68084,54.64275,3,5157.0
-2.55067,54.62643,3,3863.0
-2.32021,54.52481,2,3640.0
-1.95492,54.51757,3,3805.0
-3.52934,54.47917,1,0.0
-3.38288,54.67346,3,565.0
-2.53299,54.10236,2,2658.0
-2.59058,54.44424,2,2468.0
-2.56038,54.35086,2,2511.0
-0.76649,54.14834,5,1126.0
-0.69242,53.9394,2,14.0
-1.82267,53.92462,1,0.0
-2.28021,52.56772,1,0.0
-2.20929,52.51777,3,2536.0
0.27756,52.41568,1,0.0
0.61043,52.09016,1,0.0
-1.3878,50.93405,1,0.0
-2.42478,51.89059,1,0.0
-3.42233,52.52795,3,565.0
-3.61851,51.49721,1,0.0
-3.2174,51.48596,1,0.0
-3.06648,55.93353,1,0.0
-2.92939,55.86301,2,2.0
-0.76403,54.15523,1,0.0
16.36597,48.20733,3,61160.0
27.19749,38.24031,1,0.0
27.3434,38.17081,3,3.0
27.38793,38.08512,1,0.0
27.38821,38.23733,1,0.0
27.3268,37.94076,1,0.0
27.3596,37.93289,3,3.0
27.3734,37.89835,1,0.0
27.37191,37.94485,1,0.0
-8.47429,40.63425,3,49011.0
-6.93061,37.41024,3,7342.0
-6.40213,37.4463,3,10992.0
9.02915,33.72259,3,64158.0
9.79507,33.87922,4,63391.0
10.10508,33.87663,3,62659.0
10.00497,34.09587,1,0.0
9.52694,34.08767,1,0.0
9.41326,33.55519,3,16962.0
9.50449,33.49598,3,16595.0
10.18815,33.79637,3,61774.0
10.2881,33.65733,4,1322.0
10.36492,33.55237,3,1053.0
10.56075,33.30114,2,441.0
10.35863,33.66322,4,62308.0
10.48242,33.5919,2,61912.0
10.67865,33.54214,2,61517.0
10.81187,33.44788,2,61123.0
10.43463,32.31361,3,13092.0
10.49551,32.93746,3,13831.0
11.04037,33.47462,3,60863.0
11.12611,33.34987,3,59931.0
11.29068,33.27592,2,59533.0
11.69617,33.07429,3,59133.0
12.46695,32.80531,3,58865.0
12.23903,31.9236,2,10973.0
12.28876,31.93733,3,10557.0
13.02713,31.47752,3,9986.0
13.05537,32.10963,4,1129.0
13.69526,32.4528,3,771.0
14.28626,32.64087,3,54825.0
14.56232,32.46449,3,54382.0
13.17729,32.89605,4,57641.0
13.65081,32.74357,3,55302.0
13.75435,32.73835,2,54842.0
13.92538,32.70832,2,54393.0
13.07363,32.84869,2,57988.0
12.4883,32.80152,2,58404.0
20.24003,31.30768,3,13328.0
20.0953,31.61986,3,0.0
20.1108,32.06758,3,611.0
20.12098,32.1222,3,59.0
20.9785,32.65934,3,8815.0
20.99744,32.65242,3,8255.0
21.7334,32.58874,3,0.0
21.86982,32.82701,4,4330.0
21.71283,32.76313,3,5427.0
21.91563,32.80607,3,3125.0
21.97096,32.89715,1,0.0
22.08199,32.80506,3,1893.0
22.17561,32.77996,3,727.0
22.3133,32.79409,3,142.0
22.63884,32.76999,3,165.0
11.04003,31.88385,4,12829.0
11.83427,31.74504,3,11388.0
14.82388,32.25702,3,53492.0
14.74002,32.43773,3,0.0
14.95841,32.14908,3,53045.0
13.36092,32.81101,3,56302.0
15.03387,31.93661,3,52621.0
15.18365,31.72201,2,48156.0
15.7052,31.3825,2,47681.0
15.24938,31.40793,3,3454.0
15.9565,31.2761,4,47806.0
16.25777,31.21226,2,47291.0
16.55891,31.20106,2,46816.0
16.57561,31.2015,3,46499.0
16.98756,31.14943,2,45958.0
17.11833,31.11968,2,45446.0
17.88326,30.85213,2,44932.0
18.10414,30.79758,2,44416.0
18.445,30.53052,2,43898.0
18.78461,30.36185,2,43394.0
18.85747,30.29831,2,42904.0
19.12311,30.25068,3,43655.0
19.20418,30.25076,3,40800.0
20.29647,30.75432,4,26090.0
20.25866,30.98767,3,13911.0
20.22184,31.56225,5,12244.0
20.89333,32.4946,3,9373.0
21.33911,32.76957,3,7076.0
21.62669,32.75521,3,6563.0
22.51882,32.58931,4,1252.0
23.0707,32.3338,4,24054.0
23.65285,32.09705,3,23458.0
23.96044,32.08048,3,1305.0
23.97884,32.08286,1,0.0
23.96201,32.04246,3,68.0
25.00099,31.62614,3,8307.0
23.93165,31.93954,4,21012.0
25.12329,31.58544,3,7725.0
25.45151,31.46658,2,7061.0
26.64943,31.38597,2,6426.0
25.54577,29.32213,3,7864.0
25.66365,29.36142,3,7298.0
26.53046,29.63793,3,130.0
26.79184,30.96394,3,47.0
27.22315,31.35578,3,5826.0
27.3383,31.23676,3,4522.0
28.63033,30.97745,3,3230.0
29.52934,30.9511,3,670.0
28.93675,30.79123,3,1387.0
29.49972,30.89847,3,712.0
0.85146,52.29394,3,1260.0
-4.93398,38.05924,3,10647.0
0.24191,52.14206,3,507.0
0.45925,52.08409,1,0.0
-2.52134,54.98634,2,30.0
-2.52113,54.98489,1,0.0
-0.03304,52.12558,3,6804.0
-1.60674,52.14624,4,2962.0
-6.93191,37.4108,2,3672.0
-2.47342,51.7546,1,0.0
-2.50574,51.74559,3,283.0
-3.00921,51.83414,2,10.0
9.15401,34.13737,1,0.0
9.17756,34.1411,4,1339.0
9.28646,34.18142,4,813.0
9.5741,34.06439,1,0.0
9.14089,34.23306,3,3148.0
8.79318,34.40258,2,3773.0
8.81686,34.43882,3,5049.0
8.81547,34.53994,3,5587.0
8.58852,34.97859,3,12557.0
8.79393,35.1651,3,14907.0
9.12241,35.24971,7,19423.0
9.57005,35.39515,4,2761.0
9.42214,35.27439,3,206.0
7.98367,35.67671,1,0.0
7.89598,35.74981,1,0.0
10.79966,35.75512,1,0.0
10.81932,35.7061,3,1342.0
10.87187,35.6727,3,99.0
5.40414,36.17933,5,50187.0
5.51524,36.16206,3,47487.0
5.64071,36.27108,3,3694.0
5.73164,36.30818,3,4938.0
5.73416,36.29575,3,5443.0
5.76894,36.2972,3,5771.0
5.68281,36.1414,3,47326.0
5.75775,36.14297,3,47770.0
5.90814,36.14248,3,47970.0
6.04372,36.17329,4,56238.0
35.91198,31.83371,3,20938.0
35.92572,31.93054,3,27912.0
36.1181,32.12228,1,0.0
35.70552,32.05444,3,36267.0
35.9095,31.94709,3,31280.0
35.79219,31.70221,3,58604.0
35.65111,30.66221,3,36939.0
35.57676,30.54716,3,33312.0
35.61694,30.41993,3,15094.0
35.5534,30.24932,3,7852.0
35.48763,30.35507,3,8.0
35.47217,30.35785,4,10971.0
35.48501,30.24771,3,38.0
35.51045,30.1962,3,4283.0
35.44397,30.36549,1,0.0
35.76616,31.55804,3,54909.0
35.60742,30.3634,3,11468.0
35.7686,31.01597,3,40068.0
35.73317,31.17065,4,51580.0
35.002,29.53065,4,40370.0
35.46602,30.05543,3,662.0
31.28784,27.92303,3,4.0
31.38254,27.92128,3,4.0
31.53716,27.98808,1,0.0
31.4216,28.01632,3,4.0
30.87434,27.81143,1,0.0
36.82124,31.85966,1,0.0
36.80108,32.02327,3,3.0
36.80647,32.10575,1,0.0
6.24462,36.21795,3,28699.0
6.60702,36.36709,5,32972.0
5.93408,36.3992,4,6653.0
6.27032,36.4663,4,6274.0
6.58995,36.39514,3,5942.0
6.69593,36.49762,3,4575.0
6.70102,36.50808,3,3695.0
6.73928,36.55902,3,3932.0
6.84039,36.65662,4,3838.0
6.86217,36.73815,3,1312.0
6.91408,36.881,4,3170.0
7.75417,36.88253,5,4015.0
7.74271,36.81899,4,7368.0
7.73547,36.79128,3,1632.0
6.64371,36.35786,3,28203.0
7.12533,36.41599,3,3775.0
7.2619,36.46577,5,2077.0
7.0977,36.39474,3,5678.0
7.20861,36.40093,3,5971.0
7.22447,36.40345,3,6687.0
7.24486,36.41577,3,7528.0
7.36708,36.54144,4,1802.0
7.46392,36.56669,3,1506.0
7.53907,36.21337,3,24992.0
7.68307,36.16923,5,32696.0
7.65093,36.21329,3,3244.0
7.63482,36.29821,3,2298.0
7.67507,36.3699,3,114.0
7.70873,36.53335,3,335.0
7.67602,36.1593,3,3993.0
10.094,34.547,4,1515.0
9.49354,35.58913,4,11475.0
9.71777,35.58179,5,11111.0
8.9939,36.03283,1,0.0
9.14335,35.24513,3,6818.0
9.38643,35.19344,4,5227.0
9.57267,35.39831,3,2143.0
10.16393,34.55849,4,726.0
10.23097,34.57702,4,709.0
10.41008,34.61824,3,81.0
10.74913,34.71614,5,316.0
10.92806,34.96283,3,42.0
11.15026,35.22963,3,674.0
11.16156,35.22716,1,0.0
11.03869,35.38747,3,2623.0
11.07074,35.49989,3,712.0
11.08681,35.50474,1,0.0
11.02749,35.5426,3,49.0
10.76035,35.4321,3,721.0
10.64075,35.81329,3,1953.0
10.02173,34.07231,1,0.0
10.07077,34.26138,3,670.0
10.18901,34.41204,3,20.0
10.42536,34.48808,3,28.0
10.79783,35.22441,4,524.0
10.9808,35.36385,3,3242.0
10.71203,35.29171,6,6331.0
9.73198,35.08062,4,4601.0
10.07012,34.99733,4,4114.0
10.16321,34.96035,4,2842.0
10.27316,35.65116,5,4495.0
10.63685,35.82461,4,3891.0
10.50828,36.02166,1,0.0
29.80189,31.04778,1,0.0
29.89065,31.18458,1,0.0
32.58861,31.04282,3,7.0
32.60887,31.00806,1,0.0
6.57278,36.02538,1,0.0
7.11701,36.41224,3,3852.0
7.093,36.39142,3,5828.0
7.2492,36.42236,3,2401.0
7.31937,36.28556,4,5491.0
7.36595,36.26378,3,5973.0
7.25876,36.3569,3,5334.0
7.67624,36.01392,1,0.0
-5.92228,35.50379,4,49.0
-5.84022,35.64354,3,54.0
-5.80207,35.77177,3,37.0
-5.93966,35.73651,1,0.0
-5.97823,35.59225,1,0.0
-6.11544,34.59799,3,48.0
-6.48747,34.33044,3,19.0
-6.85089,33.96423,1,0.0
-5.91035,34.25293,4,96.0
-5.94253,34.56935,3,84.0
-5.83648,35.49313,2,40.0
-5.50714,34.08284,3,0.0
-5.50871,34.10975,3,18.0
-5.79976,34.13251,4,34.0
-5.85225,34.1893,4,78.0
-5.67042,34.17959,3,32.0
0.99489,35.99315,1,0.0
1.33518,36.15556,3,1566.0
1.65873,36.21959,3,2116.0
2.0343,36.26376,2,2698.0
2.2243,36.25253,3,3280.0
2.50461,36.18622,3,3572.0
2.51645,36.21937,3,1806.0
2.45428,36.36539,3,2714.0
2.40192,36.37201,3,2140.0
2.42539,36.41835,3,1279.0
2.39587,36.56738,3,13298.0
1.00528,36.4559,3,10039.0
1.3154,36.50623,3,12126.0
1.70656,36.54864,3,12713.0
0.18879,36.00988,1,0.0
0.27044,36.03385,3,8337.0
0.5419,36.24363,3,8897.0
0.84788,36.35893,3,9505.0
3.91252,36.91055,3,397.0
4.1307,36.89309,3,931.0
4.17443,36.90073,3,320.0
4.42061,36.89364,3,431.0
3.95658,36.8008,3,2326.0
4.03682,36.71987,3,21356.0
4.28582,36.68961,3,23977.0
4.30341,36.69135,3,24502.0
3.70508,36.84979,3,390.0
3.41399,36.76487,3,15571.0
3.25022,36.79279,2,14899.0
2.69178,36.46543,3,1525.0
3.41346,36.72988,3,17747.0
3.69126,36.7139,3,18158.0
3.69984,36.16307,3,8184.0
2.92136,36.15311,3,7052.0
2.45553,36.58891,4,13418.0
2.87209,36.74381,3,14406.0
35.98334,36.09944,3,3672.0
36.03768,36.00557,1,0.0
36.17107,36.16525,3,681756.0
36.35554,36.24562,3,112392.0
36.59735,36.24021,3,102551.0
36.85853,36.14448,3,99132.0
37.17574,36.20702,4,17296.0
37.26456,36.25054,2,7118.0
36.93079,36.76562,3,62488.0
36.85573,36.46157,3,4155.0
37.00475,36.73631,3,55786.0
37.18329,36.70176,3,39648.0
37.2779,36.69529,3,32902.0
37.14388,36.4315,1,0.0
36.65992,37.1105,1,0.0
37.36437,37.16337,5,8675.0
37.88686,37.38642,3,1925.0
38.08294,37.45333,3,15261.0
38.22735,37.50554,2,7342.0
38.52207,37.52319,2,3672.0
37.87221,37.05303,6,30355.0
37.98088,37.06691,3,13706.0
38.68924,37.13405,3,3672.0
38.98206,37.15724,1,0.0
38.41727,36.97104,4,4156.0
39.06932,36.86363,1,0.0
38.0199,36.69387,3,6570.0
38.11272,36.65341,4,1656.0
37.94164,36.53631,3,3644.0
33.05914,28.1183,1,0.0
12.55669,41.94238,4,50426.0
12.58024,41.67413,3,39629.0
12.59181,41.69203,4,26634.0
12.58474,41.69869,3,79377.0
12.57452,41.71086,4,114055.0
12.57327,41.71545,3,112959.0
12.56997,41.72181,3,101038.0
12.56427,41.73057,3,106532.0
12.57175,41.73271,3,1162.0
12.59908,41.73714,3,1032.0
12.59947,41.74337,3,72696.0
12.57131,41.74451,3,75738.0
12.48687,42.00198,3,5.0
12.44881,42.03958,1,0.0
12.56262,41.54734,4,5361.0
12.5529,41.56781,4,87349.0
12.54802,41.57791,3,12465.0
12.53237,41.59753,3,29856.0
12.54101,41.60331,4,39104.0
12.52213,41.58785,4,13943.0
12.51534,41.59339,4,3355.0
12.49626,41.61313,3,1069.0
12.47855,41.64799,3,7753.0
12.48394,41.65864,4,10930.0
12.52531,41.6974,4,14260.0
12.54571,41.70278,4,17540.0
12.55202,41.70469,4,24941.0
12.51646,41.71938,4,23321.0
12.59003,41.72038,3,13445.0
12.58776,41.72739,3,3088.0
12.55694,41.75893,4,218164.0
12.54307,41.7075,3,4252.0
12.57403,41.68518,4,52820.0
12.54249,41.66315,3,10761.0
12.5348,41.61569,3,7345.0
12.53516,41.6187,3,8742.0
12.57095,41.56797,3,79348.0
12.58516,41.57924,3,3037.0
12.56948,41.59516,3,6523.0
12.54032,41.61054,3,7722.0
12.5386,41.67067,3,2176.0
12.50377,41.73103,3,21911.0
12.49947,41.76464,4,106576.0
12.50696,41.78458,3,853.0
12.51477,41.79233,3,2978.0
12.5159,41.80075,4,56919.0
12.53785,41.79217,4,65268.0
12.56991,41.82223,4,53245.0
12.55557,41.83143,4,578260.0
12.41443,41.78031,3,26230.0
12.35593,41.79688,1,0.0
12.39738,41.74258,4,2904.0
12.46369,41.70564,3,1655.0
12.46681,41.73783,3,24901.0
12.46485,41.74438,3,30164.0
12.47849,41.7758,4,119651.0
12.44997,41.74729,3,22915.0
12.52772,41.77037,3,4368.0
12.54379,41.77914,3,6479.0
12.33644,41.8424,4,8748.0
12.35386,41.92738,3,21699.0
12.34925,41.93553,3,18883.0
12.37693,42.00178,3,371268.0
12.35942,41.92695,3,7069.0
12.41166,41.96455,3,54554.0
12.42827,41.93779,3,44662.0
12.19443,41.86604,3,289478.0
12.2343,41.87951,4,12431.0
12.23272,41.88354,3,14425.0
12.59161,41.80688,3,31985.0
12.57669,41.82938,2,21301.0
12.57184,41.9006,2,9097.0
12.57139,41.90194,4,11905.0
12.52857,41.93158,1,0.0
12.5395,41.89658,2,1448602.0
12.52336,41.88838,1,0.0
12.54425,41.88443,4,1175676.0
12.57086,41.75863,4,88709.0
12.58666,41.77836,4,19411.0
12.57631,41.78712,4,28361.0
12.55976,41.79627,4,216826.0
12.56245,41.80439,3,212014.0
12.55666,41.80881,3,208773.0
12.49977,41.84734,3,13238.0
12.51682,41.82322,3,10629.0
12.53408,41.80723,3,12502.0
12.56012,41.78661,3,191435.0
12.55861,41.76311,3,135825.0
12.56215,41.77069,3,135916.0
12.52132,41.75972,4,107690.0
12.48211,41.78914,3,17304.0
12.48312,41.80648,4,31163.0
12.47999,41.82626,3,1151.0
12.50647,41.80312,4,51390.0
12.51322,41.81496,3,1773.0
12.45307,41.82472,3,5795.0
12.51747,41.8288,3,4185.0
12.59091,41.90408,4,52247.0
12.5636,41.88365,4,21611.0
12.57731,41.88279,3,18668.0
12.48401,41.99204,1,0.0
12.41427,42.02156,2,1.0
12.40858,42.03949,1,0.0
12.49221,42.00211,2,3.0
12.46447,42.03941,1,0.0
12.67412,42.00176,4,26674.0
12.71087,41.9896,4,20164.0
12.72056,41.99544,3,9072.0
12.74608,42.02245,4,6165.0
12.75307,42.0045,3,9224.0
12.75261,41.97504,4,9976.0
12.77901,41.96466,3,18650.0
12.78469,41.96407,3,15298.0
12.77896,41.98557,3,7277.0
12.78878,41.99482,3,3672.0
12.79458,41.97152,3,1581.0
12.83397,41.95235,2,0.0
12.84878,41.95241,2,3672.0
12.89291,41.96385,3,11010.0
12.91366,41.96463,3,14676.0
12.93889,41.98387,3,3677.0
12.92869,42.01596,1,0.0
12.94056,41.98251,3,7332.0
12.93459,41.96375,3,28465.0
12.99872,42.01602,2,7113.0
12.9888,41.93358,4,10793.0
13.17312,41.88341,1,0.0
13.15944,41.8985,3,7343.0
13.10829,41.9212,2,11010.0
13.1754,41.99707,1,0.0
13.10205,42.03734,1,0.0
12.75916,42.03867,1,0.0
12.75748,42.03316,3,3672.0
12.7618,42.01044,3,2271.0
12.76054,42.00805,3,5950.0
12.79616,42.03858,1,0.0
12.69952,41.93153,3,0.0
12.72597,41.92339,3,14882.0
12.76341,41.94535,3,39859.0
12.7568,41.92426,3,12445.0
12.75846,41.9397,1,0.0
12.78039,41.93788,3,7835.0
12.78961,41.92712,2,2297.0
12.79221,41.91232,3,19082.0
12.83212,41.9132,3,23809.0
12.83559,41.91615,2,20306.0
12.83488,41.92502,3,17144.0
5.8108,49.69163,4,62842.0
5.87817,49.54823,1,0.0
5.52719,49.55576,1,0.0
5.59524,49.6749,3,10818.0
5.76198,49.78273,3,43954.0
6.20701,51.4057,3,366.0
5.95842,49.47498,1,0.0
7.83929,49.48824,3,3045.0
8.15649,49.59692,4,12334.0
8.10033,49.73866,4,4309.0
8.20037,50.18988,1,0.0
7.90993,49.92821,3,7485.0
8.23506,48.76987,3,171857.0
8.13635,48.82651,3,4370.0
8.56986,49.31615,4,21664.0
7.39816,48.75124,4,192145.0
7.78621,48.5942,3,208761.0
7.98573,49.06215,3,6168.0
5.0987,50.29971,4,26899.0
2.9976,47.28747,1,0.0
3.03023,46.6055,3,178035.0
3.04644,46.60907,3,178364.0
33.47862,36.68058,3,1184.0
33.85662,36.71531,3,13736.0
30.40563,36.68101,3,23930.0
30.61915,36.85637,3,30576.0
29.3738,36.68388,4,39042.0
29.24371,36.73337,3,2356.0
29.39254,36.74557,4,42561.0
32.74487,36.69088,3,33069.0
32.88112,36.61829,3,31356.0
32.48739,36.91046,3,39168.0
31.60226,36.6978,3,17454.0
31.65424,36.6599,3,7938.0
31.51524,36.77217,3,20656.0
31.73596,36.701,3,461.0
31.7585,36.62548,3,4797.0
31.72143,36.70809,3,4659.0
33.87909,36.5807,3,11078.0
29.19707,36.81297,3,11112.0
34.64125,36.80533,3,63226.0
29.92459,36.73839,3,40487.0
29.81652,36.75214,3,1621.0
34.51909,36.73983,3,14201.0
34.28458,36.58938,3,13728.0
34.27138,37.02515,3,64770.0
29.39286,36.94154,3,52.0
20.24192,40.51577,3,1462.0
22.20802,40.50112,4,9612.0
22.46717,40.62806,1,0.0
22.4851,40.55346,3,9838.0
22.15736,42.15339,3,37896.0
22.73398,42.28056,3,55259.0
-0.89409,43.8299,3,7787.0
-0.81116,43.9433,3,2678.0
-0.46253,44.16568,2,4830.0
2.14272,41.62619,3,3528.0
1.98975,41.56119,3,140.0
1.67722,43.75756,3,4854.0
0.27036,44.21849,3,43329.0
-0.25489,43.70072,3,88261.0
5.45946,34.71048,4,23430.0
4.87979,34.88049,4,1796.0
5.13019,35.09206,3,405.0
5.36927,35.21621,3,18556.0
5.27277,35.40076,5,20118.0
4.53623,34.89648,3,1359.0
5.13418,34.69206,3,670.0
-1.2426,34.98376,3,635.0
-1.1215,35.05882,3,1110.0
-5.40501,37.6798,5,42429.0
-5.34054,37.66718,4,56596.0
-5.388,37.65466,4,7236.0
-6.0094,38.19886,3,3433.0
-6.03032,37.45861,3,603.0
-5.86126,37.55865,4,3727.0
-5.87466,37.5902,3,38572.0
-8.01776,39.46828,3,13.0
-7.39579,40.19805,3,432.0
-8.30389,39.44639,3,6398.0
-8.16766,37.86407,1,0.0
8.27473,34.0269,3,670.0
7.92003,33.86428,1,0.0
7.17822,35.82133,3,2646.0
7.17329,35.4768,3,3901.0
7.45204,35.73924,4,939.0
4.14438,35.41931,3,490.0
3.76243,35.71678,3,1296.0
3.73007,36.08868,1,0.0
4.60709,36.12609,1,0.0
4.66381,35.99651,4,20612.0
4.72527,35.99401,2,20558.0
5.42412,36.15347,1,0.0
5.44373,36.0914,3,3.0
5.48258,35.98159,1,0.0
37.60971,39.2399,3,22293.0
26.27411,39.24675,3,7.0
26.53017,39.12796,1,0.0
26.17546,39.35865,1,0.0
34.08153,39.27372,3,37878.0
34.17409,39.13587,3,35412.0
22.38121,39.29099,3,311349.0
22.26354,39.23271,3,306601.0
22.74709,39.38607,1,0.0
23.0521,39.32675,3,14679.0
23.21689,39.20235,3,7343.0
23.26189,39.30085,1,0.0
30.01507,39.33937,3,21098.0
28.10037,39.41314,1,0.0
21.87389,39.34225,3,25437.0
21.94524,38.95031,3,22033.0
22.92501,39.34267,3,47195.0
22.41149,39.62576,4,368183.0
22.92481,39.36294,3,29327.0
22.40328,39.3444,3,314709.0
22.07625,39.51186,3,33766.0
22.94289,39.362,3,22007.0
23.09496,39.47362,1,0.0
22.88469,39.48998,1,0.0
38.1209,39.37268,3,19444.0
22.00165,39.37516,3,30688.0
38.12485,39.38697,1,0.0
21.65049,39.42788,3,3993.0
21.64418,39.46139,3,10925.0
30.17118,39.836,3,482063.0
30.89182,39.1529,3,228732.0
21.02306,39.23802,1,0.0
22.06754,39.58384,4,62237.0
21.75199,39.5532,4,18457.0
21.91045,39.7127,1,0.0
21.53784,39.73331,3,3963.0
22.04265,39.63566,1,0.0
22.20466,39.60033,3,65320.0
22.41867,39.6359,3,371120.0
22.40889,39.63142,1,0.0
22.2792,39.73262,3,74979.0
22.69029,39.67312,2,141.0
22.51723,39.84735,3,374277.0
22.72713,39.67982,2,3530.0
34.52314,39.67811,3,8724.0
34.5206,39.8592,3,10673.0
22.61111,39.89109,3,384724.0
22.20417,39.69572,3,68390.0
21.00348,39.70951,1,0.0
22.28891,39.74529,3,78284.0
21.54366,39.82226,3,10775.0
22.09605,39.73594,3,233.0
10.55989,36.81114,1,0.0
9.84383,37.26112,3,1000.0
10.12012,37.21286,2,131.0
10.03977,36.90236,2,200.0
9.82954,36.82304,3,1123.0
8.93727,36.60623,3,1400.0
9.67709,37.12224,1,0.0
10.39664,35.99039,1,0.0
10.23681,36.25819,3,3885.0
10.13407,36.39061,3,8926.0
10.55094,36.3984,3,3828.0
10.43886,36.30099,4,2618.0
10.38513,36.23988,3,0.0
10.60253,36.44873,1,0.0
9.63399,36.39803,4,12085.0
9.60941,36.31006,1,0.0
9.89649,36.39151,4,10213.0
9.61267,36.45739,3,12676.0
9.87132,36.52635,1,0.0
9.89266,36.56047,1,0.0
11.38858,43.98172,3,1488965.0
11.37927,44.20968,3,1487858.0
12.70445,42.54956,3,19231.0
30.6138,24.54589,3,57.0
31.08244,24.61896,1,0.0
30.57931,24.78726,3,83.0
32.46181,25.59498,1,0.0
33.90056,24.84352,1,0.0
26.54846,39.53996,2,14668.0
26.71502,39.56737,3,25662.0
26.9737,39.52738,4,32990.0
-5.66541,43.07384,2,7342.0
-4.24589,42.43907,1,0.0
-4.03346,43.42771,1,0.0
12.32908,41.96522,3,353738.0
12.49508,41.85955,3,11857.0
12.51293,41.85769,1,0.0
12.48474,41.95377,1,0.0
12.45156,41.98994,3,3672.0
12.4046,42.01618,2,5398.0
12.39919,42.0111,3,9066.0
12.42756,41.8775,4,14642.0
12.42201,41.81018,1,0.0
12.28149,41.83467,3,6445.0
12.32069,42.03934,1,0.0
12.30347,41.9617,4,356753.0
12.22663,41.92988,2,0.0
12.16134,41.97275,4,355515.0
12.11588,41.97249,3,351921.0
12.10737,41.987,3,359448.0
12.12409,41.96202,3,2194.0
12.15194,41.93964,3,3172.0
12.16615,41.99732,3,4716.0
12.15649,42.03867,2,4.0
12.12182,42.00538,3,6297.0
12.20551,42.03897,1,0.0
12.29558,41.75543,1,0.0
12.31807,41.74347,1,0.0
12.10291,41.93242,4,290117.0
12.09907,41.98995,3,360104.0
12.09217,41.99192,3,371068.0
12.08272,41.99759,3,7343.0
12.04412,42.02994,1,0.0
12.08292,42.03851,1,0.0
12.10779,42.0121,3,4.0
12.04778,41.95785,3,3672.0
12.0444,41.96129,1,0.0
12.61985,41.788,3,48411.0
12.62688,41.78234,4,64149.0
12.62836,41.78656,4,27410.0
12.61476,41.80752,2,20496.0
12.62441,41.64465,3,3672.0
12.63955,41.66817,4,19545.0
12.64856,41.65798,4,10772.0
12.67741,41.66535,3,10124.0
12.6576,41.64567,3,57979.0
12.69904,41.59015,3,4173.0
12.74048,41.62446,3,2867.0
12.76197,41.61521,4,2439.0
12.77541,41.67236,4,6210.0
12.73947,41.64034,3,5474.0
12.78387,41.68101,3,15184.0
12.85099,41.68316,4,16407.0
12.82575,41.64273,3,9450.0
12.84295,41.64264,4,12734.0
12.86031,41.64492,4,980.0
12.89162,41.64781,3,1520.0
12.89255,41.62955,3,1322.0
12.86285,41.61267,3,3394.0
12.87536,41.66855,4,6039.0
12.85447,41.69576,3,19221.0
12.87916,41.72103,3,27879.0
12.88503,41.73509,3,92479.0
12.89454,41.73079,3,59974.0
12.88391,41.73938,3,106756.0
12.88064,41.75193,3,4471.0
12.91508,41.739,4,15212.0
12.85145,41.7361,4,30190.0
12.84965,41.74067,3,24632.0
12.87056,41.81854,3,11685.0
12.83023,41.78079,4,17618.0
12.76104,41.81622,4,7255.0
12.76302,41.83912,4,3679.0
12.76886,41.84278,4,20911.0
12.75955,41.85705,2,21583.0
12.74629,41.83469,3,6624.0
12.73968,41.84402,2,1264.0
12.73561,41.86563,2,3665.0
12.73051,41.87657,4,8161.0
12.62391,41.5571,3,81492.0
12.72822,41.53894,5,111802.0
12.72661,41.53061,3,16339.0
12.73266,41.53768,3,88801.0
12.75807,41.51352,3,86537.0
12.82652,41.59035,3,7286.0
12.78237,41.51406,3,6118.0
12.84185,41.54216,4,6094.0
12.89322,41.57422,2,2898.0
12.92573,41.56969,4,43612.0
12.90012,41.57753,3,58569.0
12.95425,41.55325,4,25841.0
12.97415,41.56835,3,18526.0
12.9749,41.56845,3,15427.0
12.97836,41.56689,3,11544.0
12.98091,41.55349,4,16933.0
13.04181,41.49439,4,12150.0
13.10634,41.4736,3,3672.0
13.16244,41.52293,3,3920.0
13.16803,41.52158,1,0.0
13.15194,41.52591,3,7790.0
13.12261,41.5788,3,5126.0
13.0853,41.60448,3,11544.0
13.07859,41.6059,3,14104.0
13.03587,41.65387,3,13803.0
13.05491,41.6779,4,3870.0
13.03267,41.68017,3,17358.0
13.02223,41.6896,4,23949.0
13.00601,41.68501,3,34941.0
12.99975,41.68543,3,36285.0
12.95666,41.71027,3,39386.0
12.91437,41.71863,5,47794.0
12.98087,41.72347,3,4327.0
12.94316,41.7388,4,9178.0
13.16038,41.73885,3,8953.0
13.1711,41.74243,2,5394.0
13.12083,41.69841,4,8120.0
13.09176,41.66954,3,4637.0
13.03464,41.70127,3,11369.0
13.02821,41.70726,4,14846.0
13.03271,41.71876,4,18619.0
13.06023,41.80355,3,4633.0
13.05792,41.82174,4,28009.0
12.97392,41.81612,3,29795.0
12.97094,41.81807,3,34086.0
12.95903,41.89137,3,11168.0
12.9654,41.90913,3,17168.0
13.12363,41.82658,3,17704.0
13.14336,41.8235,3,4082.0
13.1723,41.82681,1,0.0
13.19325,41.83614,3,9592.0
13.10125,41.92425,3,15562.0
12.69027,42.01908,4,12349.0
12.82538,41.94641,3,3751.0
12.87776,41.90833,4,49334.0
12.95159,41.92473,3,49752.0
12.947,41.85934,3,8660.0
12.90464,41.8621,3,4354.0
12.8875,41.89592,3,872.0
12.83915,41.89558,2,52032.0
12.83872,41.88566,4,19612.0
12.88381,41.85008,4,24347.0
12.86598,41.84984,3,3672.0
12.88385,41.84988,2,27453.0
12.89049,41.83196,4,72014.0
12.90201,41.82781,3,60456.0
12.91184,41.8239,3,35449.0
12.93873,41.78218,3,2960.0
12.96681,41.81799,3,35189.0
13.00197,41.72612,4,33292.0
13.0937,41.71007,3,15037.0
13.10941,41.71993,2,5302.0
13.16421,41.68044,2,0.0
13.16896,41.59789,1,0.0
13.0312,41.60485,4,4540.0
13.00708,41.62023,3,4624.0
13.00465,41.63269,3,7794.0
12.93036,41.67815,3,3045.0
12.92291,41.68859,3,5791.0
12.9224,41.69995,3,8256.0
12.91788,41.71323,3,2659.0
12.89917,41.69311,3,15693.0
12.87763,41.70387,3,20899.0
12.92144,41.63808,3,7420.0
12.92406,41.64187,3,10811.0
12.92147,41.64289,3,14027.0
13.06777,41.50328,3,10246.0
13.061,41.50516,4,13889.0
12.98864,41.57292,3,8699.0
12.98729,41.5743,3,5835.0
12.96562,41.58663,3,3933.0
12.95747,41.59533,4,5668.0
13.05975,41.49671,2,1243.0
13.12528,41.45237,1,0.0
12.96344,41.43399,3,67908.0
12.85998,41.48509,3,68490.0
12.77079,41.49308,3,72359.0
12.76781,41.50142,3,76170.0
12.77923,41.51265,3,85882.0
12.74767,41.48093,3,934.0
12.74583,41.47782,3,3682.0
12.7467,41.45435,1,0.0
12.73305,41.50653,4,7482.0
12.70286,41.55086,3,131174.0
12.83902,41.62318,4,9836.0
12.85173,41.60721,4,68649.0
12.89666,41.57918,4,64164.0
12.93848,41.58839,3,9819.0
13.14962,41.74408,3,14968.0
13.16386,41.75444,3,8545.0
13.17116,41.75823,1,0.0
13.1425,41.7501,3,5131.0
12.91671,41.77267,3,28253.0
12.64752,41.97417,3,28402.0
12.64882,41.96968,2,9433.0
12.68445,41.95106,1,0.0
12.72215,41.96466,3,23245.0
12.75703,41.96437,4,31996.0
12.67418,41.92016,4,26958.0
12.68437,41.9172,3,14343.0
12.70419,41.89005,3,164610.0
12.71293,41.90202,4,163520.0
12.72465,41.892,3,83402.0
12.73222,41.9115,3,56748.0
12.75396,41.92024,3,54019.0
12.7591,41.91883,3,37366.0
12.75613,41.92065,3,53349.0
12.76919,41.90184,4,72368.0
12.7743,41.89092,3,9065.0
12.75911,41.89516,3,77902.0
12.7972,41.87588,2,6572.0
12.85902,41.82287,3,13192.0
12.69188,41.87016,3,14693.0
12.70378,41.87333,2,1581.0
12.85341,41.6973,3,19406.0
12.78723,41.69157,3,14570.0
12.77861,41.68611,3,19448.0
12.72619,41.69291,3,11998.0
12.77785,41.69173,3,10992.0
12.70435,41.69959,3,19837.0
12.71186,41.70256,3,1610.0
12.77593,41.74236,3,18092.0
12.7356,41.80454,3,8035.0
12.71616,41.79544,2,8196.0
12.70998,41.7618,4,3636.0
12.68268,41.78083,5,30806.0
12.69939,41.74263,4,12794.0
12.70994,41.73762,5,19817.0
12.7221,41.72834,3,16353.0
12.70621,41.73074,3,4438.0
12.69715,41.7371,3,16823.0
12.68718,41.75107,3,19942.0
12.68392,41.75278,4,22497.0
12.6641,41.76283,3,20280.0
12.65195,41.76034,3,5219.0
12.64828,41.74907,3,5034.0
12.64959,41.75998,3,6196.0
12.63372,41.75947,4,11047.0
12.62342,41.7494,1,0.0
12.64224,41.77438,3,42072.0
12.66123,41.77139,3,40686.0
12.66956,41.77139,3,20656.0
12.68122,41.73133,4,24803.0
12.76062,41.45411,1,0.0
12.79773,41.94156,2,12584.0
12.80127,41.93779,2,9798.0
12.79198,41.94917,3,19217.0
12.7942,41.95723,3,23575.0
12.84018,41.82405,3,15898.0
12.70957,41.79736,2,159.0
12.68869,41.83809,2,138.0
12.50513,41.91284,3,1687175.0
12.51473,41.91965,3,39932.0
12.53517,41.933,4,34599.0
12.56921,41.94806,3,27935.0
12.5598,41.89988,4,7489.0
12.5986,41.8749,4,17292.0
12.59127,41.90349,2,14374.0
12.57932,41.87474,4,17173.0
12.59331,41.84478,4,24682.0
12.56693,41.87416,3,8389.0
12.55976,41.8989,2,8015.0
12.52005,41.77896,3,686.0
12.54389,41.60743,3,38546.0
12.5447,41.60858,2,36540.0
12.57617,41.65546,3,38915.0
12.54669,42.01477,3,12902.0
12.54911,42.0162,3,11010.0
12.54987,42.01647,3,7343.0
12.54464,42.00093,3,16308.0
12.55169,41.9905,3,6626.0
12.57742,41.99076,1,0.0
12.55357,41.97513,4,13888.0
12.5376,41.97394,4,11873.0
12.53563,41.97464,4,37684.0
12.53165,41.97794,3,3672.0
12.5383,41.97854,4,16724.0
12.5054,41.97365,1,0.0
12.5181,41.968,2,0.0
12.5272,41.96493,4,45056.0
12.53699,41.96194,4,8848.0
12.54631,41.95903,4,16698.0
12.53822,41.94731,3,97.0
12.51986,41.95163,4,50078.0
12.49449,41.91006,1,0.0
12.49347,41.9134,3,3672.0
12.507,41.9266,1,0.0
12.45009,41.8091,3,13755.0
12.04412,42.00515,1,0.0
12.11103,42.00974,3,4.0
12.1234,42.0385,1,0.0
12.10015,41.99418,2,361664.0
12.11536,42.00296,1,0.0
12.11233,41.93381,3,288908.0
12.48199,41.66155,1,0.0
12.10595,42.00985,3,4.0
12.0981,41.99673,1,0.0
12.62358,41.4496,2,863.0
12.61433,41.46147,1,0.0
12.63342,41.91222,3,44139.0
12.64492,41.90912,3,36529.0
12.67252,41.92041,3,6511.0
12.66926,41.92095,1,0.0
12.69899,41.9124,3,11627.0
12.70724,41.91521,4,19024.0
12.70672,41.90747,3,19142.0
12.73057,41.89128,3,80527.0
12.67021,41.87832,3,12184.0
12.66245,41.84027,4,32875.0
12.65722,41.83348,2,8268.0
12.64117,41.82047,3,12021.0
12.63736,41.81511,2,9472.0
12.6521,41.74137,1,0.0
12.63918,41.78265,1,0.0
12.61514,41.83675,4,11132.0
12.61486,41.84968,4,17580.0
12.61423,41.85664,4,18823.0
12.61371,41.86297,1,0.0
12.61967,41.85227,4,21926.0
12.62732,41.83258,3,6031.0
12.61617,41.75618,3,3672.0
12.61692,41.75459,1,0.0
12.62344,41.67854,4,23898.0
12.65836,41.69744,5,87614.0
12.68952,41.70769,4,25636.0
12.67945,41.71501,3,31046.0
12.67376,41.714,2,32496.0
12.69922,41.69917,3,24682.0
12.70194,41.6795,3,16960.0
12.69672,41.67274,3,14176.0
12.69921,41.58848,3,53877.0
12.70215,41.54977,3,127086.0
12.64723,41.47103,3,11475.0
12.74874,41.51052,4,4554.0
16.37303,40.68626,3,35432.0
17.66892,40.3018,1,0.0
17.9874,40.1381,1,0.0
18.42345,40.28649,1,0.0
17.99873,40.048,1,0.0
17.21241,39.01202,1,0.0
15.86293,39.60493,1,0.0
16.15191,39.63522,3,3807.0
16.43816,39.69422,2,269.0
15.89669,39.80082,2,1527.0
16.11676,39.74316,2,60.0
16.44615,39.69152,3,11654.0
16.0775,38.35499,3,7329.0
12.89428,38.02534,1,0.0
12.77635,41.67957,3,27958.0
12.77682,41.68361,3,36654.0
12.70082,41.79718,3,3694.0
12.76317,41.9211,3,31061.0
12.79196,41.90744,3,4337.0
12.81503,41.89698,4,71243.0
12.82307,41.89068,2,10217.0
12.82666,41.89392,2,55604.0
12.87457,41.82316,3,19572.0
12.87713,41.826,3,76815.0
12.81513,41.86537,1,0.0
13.15038,41.88455,1,0.0
13.00667,42.01681,2,19508.0
13.02342,42.00319,2,16237.0
12.94018,41.95379,2,32121.0
12.9424,41.95184,3,38823.0
12.9691,41.94762,3,3108.0
12.88717,41.9616,2,7342.0
12.80288,41.96372,1,0.0
12.65038,42.02058,4,13174.0
12.70019,42.03901,1,0.0
12.68997,41.97552,2,17581.0
12.96299,41.58318,3,6553.0
12.95391,41.58555,1,0.0
12.90936,41.70589,3,9360.0
13.03703,41.49009,3,14605.0
12.79261,41.92326,3,2666.0
12.78138,41.91744,3,24669.0
12.79023,41.91342,3,21793.0
12.70596,41.87434,3,4680.0
12.75871,41.85854,3,25897.0
12.75702,41.862,2,28171.0
12.67522,41.83368,2,15362.0
12.66476,41.83931,2,18342.0
12.62379,41.99581,1,0.0
12.64161,42.01539,1,0.0
12.56262,41.61838,1,0.0
12.82444,41.94716,1,0.0
0.35098,49.04238,4,14627.0
0.91088,48.84094,3,8396.0
1.44347,48.09854,3,685.0
1.41964,48.42477,3,1512.0
1.76735,48.208,3,918.0
3.03249,48.80841,3,19305.0
3.49197,48.8712,3,18264.0
3.46038,48.90221,3,15155.0
2.83752,48.9682,3,20166.0
2.02693,50.80421,4,3742.0
1.93857,50.8553,1,0.0
2.42427,50.66731,1,0.0
2.8606,50.72791,1,0.0
3.43006,51.28647,1,0.0
3.4447,50.86243,3,150.0
3.66873,50.58922,3,6883.0
3.73992,50.89325,3,60.0
4.01843,50.98912,1,0.0
3.61934,50.08912,1,0.0
2.26603,49.65486,3,16189.0
2.25414,49.61166,1,0.0
4.52076,50.97254,3,6066.0
5.3774,50.39805,4,3448.0
4.86975,50.47275,3,8460.0
29.33113,36.29755,3,3718.0
29.41302,36.27274,3,1247.0
29.44763,36.30186,3,5953.0
29.34625,36.36658,3,10004.0
29.61206,36.44303,3,9458.0
33.41135,36.32034,3,3998.0
33.88314,36.37292,3,13319.0
29.79833,36.34595,4,6671.0
29.69458,36.23052,3,108.0
30.05975,36.4967,3,1732.0
29.31387,36.35052,4,6210.0
29.2369,36.62178,4,7377.0
33.90685,36.36448,3,12581.0
33.36324,36.15432,3,1426.0
30.27542,36.37184,4,13296.0
30.54821,36.56268,3,0.0
30.40324,36.67443,3,20348.0
33.41164,36.63808,3,15620.0
33.9175,36.37358,3,9908.0
30.136,36.37482,3,10074.0
36.32647,36.48834,3,1585.0
32.16195,36.41236,3,8740.0
32.39522,36.53385,3,6078.0
32.00997,36.53899,3,10785.0
29.41193,36.55036,4,16400.0
34.13769,36.45286,3,13430.0
32.82288,36.48859,3,9581.0
32.84849,36.09211,3,952.0
29.64654,36.49056,3,22070.0
33.92836,36.51432,3,29.0
33.92449,36.56396,3,5733.0
32.61688,36.6522,3,5972.0
36.36694,36.53556,3,4763.0
5.63926,50.65208,2,0.0
4.42547,47.01569,3,462785.0
4.81447,47.35755,3,17673.0
4.87329,47.7124,3,18812.0
4.44294,47.60432,3,23089.0
6.42202,47.86346,3,0.0
5.38217,46.05757,1,0.0
3.42406,46.15533,3,96499.0
3.40441,46.34996,4,290989.0
3.05677,46.44965,5,199392.0
7.53097,46.42646,2,7737.0
7.63707,46.72217,3,14986.0
8.15696,46.7284,3,9894.0
8.37088,46.55175,3,20582.0
3.39654,45.85495,2,3672.0
3.68898,45.82679,1,0.0
5.94896,48.21964,1,0.0
-4.45649,48.38634,1,0.0
-4.0754,48.52778,4,7343.0
-3.81909,48.59068,3,1092.0
-3.46428,48.72878,4,3680.0
-3.25356,48.74298,5,10560.0
-3.2108,48.83057,1,0.0
-3.44474,48.8123,1,0.0
-3.50629,48.56501,4,5184.0
-4.23177,48.44793,1,0.0
-4.05897,48.0847,3,3672.0
-3.64551,48.13977,3,2100.0
-2.78733,48.37866,4,1302.0
-2.53602,48.46365,4,31789.0
-2.41291,48.52286,4,3672.0
-2.18104,48.47674,4,46671.0
-2.04234,48.42469,4,50320.0
-1.35693,48.58533,3,373.0
-1.34011,48.62278,3,4506.0
-1.34633,48.6959,3,7418.0
-1.32985,48.30483,4,69382.0
-1.48017,48.31959,4,65038.0
-1.6443,48.33938,3,61311.0
-1.71369,48.17664,3,3233.0
-1.85728,48.37435,4,60871.0
-1.89507,48.50289,4,3888.0
-2.01431,48.64095,1,0.0
-3.31594,48.57063,4,8288.0
-2.92242,48.56934,3,27661.0
-3.08825,48.56329,4,11903.0
-2.68505,48.29986,4,4498.0
-2.44368,48.44528,4,35772.0
-2.45565,48.62273,1,0.0
-2.48923,48.06443,3,4152.0
-2.12135,48.12521,3,7785.0
-1.23354,49.31593,3,3985.0
-1.57162,49.64113,1,0.0
12.14773,48.17319,4,116259.0
12.49235,48.26261,2,114142.0
12.92965,48.4332,3,1265.0
12.1976,48.60502,4,7354.0
11.95413,48.44942,3,8267.0
12.75936,48.72866,2,6767.0
14.22503,48.20137,4,82682.0
14.77218,48.11038,1,0.0
15.18045,48.21793,1,0.0
15.56999,48.40279,3,0.0
15.74121,48.35973,3,11010.0
16.06759,48.32135,3,7343.0
16.0958,48.31784,1,0.0
16.03287,48.33665,1,0.0
36.53574,36.7691,3,1236.0
-4.45585,48.62341,1,0.0
9.17378,47.66671,1,0.0
8.79237,47.37042,2,0.0
8.86866,46.69049,3,25538.0
9.46128,45.78927,1,0.0
8.81503,46.16079,1,0.0
11.08874,47.58992,3,452981.0
11.21744,47.58146,1,0.0
13.80156,47.61046,1,0.0
13.92812,46.62397,3,0.0
13.93889,45.61997,3,2458.0
13.6925,45.36405,3,5159.0
13.55832,45.46975,2,0.0
13.47772,46.07099,3,16931.0
13.62489,46.22556,3,9413.0
13.79328,46.13214,3,8276.0
10.74101,47.22175,1,0.0
12.26378,46.12486,1,0.0
13.65083,45.07061,1,0.0
17.73315,42.8334,1,0.0
15.76938,47.62898,3,39046.0
15.71225,47.10514,3,9505.0
15.91225,47.09357,3,6976.0
16.04653,47.46641,3,6451.0
15.89327,47.67711,2,38220.0
15.92327,47.68838,2,37455.0
16.06855,47.74051,3,36920.0
16.30585,48.08979,1,0.0
14.43001,46.1477,3,101507.0
14.34992,46.24893,3,92281.0
14.49548,45.69426,3,0.0
14.26937,45.86297,3,4277.0
14.84294,46.70735,3,7476.0
15.42312,45.50298,4,98205.0
15.28564,45.44237,3,382083.0
16.97715,45.83201,4,51471.0
17.36304,46.06665,3,159667.0
17.42456,46.41972,4,20356.0
18.38867,46.13252,3,155525.0
18.62311,46.90006,4,26215.0
17.41335,46.58882,3,6868.0
18.35275,47.56704,3,3026.0
15.1956,46.05891,3,34597.0
13.6207,45.31587,1,0.0
13.65983,45.29766,1,0.0
13.43082,46.09302,3,16676.0
25.36257,42.61235,3,114535.0
25.39513,43.00473,3,108196.0
25.64244,43.18981,3,45898.0
25.88308,42.04185,3,2454010.0
27.34812,41.88763,2,11010.0
27.62792,42.59329,3,2893.0
27.43922,43.28811,4,10753.0
27.91293,43.18853,3,7452.0
24.22521,41.80972,1,0.0
25.64346,43.21067,4,49557.0
25.32423,43.21929,4,89927.0
24.04139,43.18571,4,21587.0
23.64856,43.24439,3,6358.0
23.78126,43.10017,3,17638.0
25.32468,43.33683,3,88692.0
25.45209,43.49062,3,31986.0
25.6419,43.24815,3,47434.0
26.92735,43.29712,3,14291.0
27.96629,44.06557,3,43718.0
28.63812,44.16737,3,11106.0
28.54291,44.38615,3,7468.0
28.66207,44.45536,3,3708.0
28.32808,44.53662,4,25625.0
28.43861,43.37795,3,3831.0
28.46443,43.35348,1,0.0
25.19287,43.50972,4,93640.0
25.64757,43.50572,2,17731.0
28.83102,44.89694,3,3678.0
28.57675,45.03017,3,14634.0
28.52372,44.98325,3,21970.0
29.0456,45.02205,1,0.0
28.11992,45.40125,1,0.0
24.38746,45.37885,3,0.0
26.1185,46.02395,3,7343.0
27.25884,46.03098,1,0.0
19.73295,44.71871,3,44873.0
20.18531,44.64742,3,306.0
20.42177,44.75631,3,1626.0
20.49513,44.11618,4,41807.0
20.78651,43.89493,3,40833.0
21.12123,44.16542,4,2164542.0
21.00153,44.34919,3,2355778.0
21.21059,44.22662,4,6653.0
21.22474,44.36729,4,192566.0
21.68662,44.45478,3,163928.0
21.73417,44.42856,3,162028.0
21.73529,44.2078,3,11598.0
21.98455,44.01342,3,11751.0
22.12335,44.09049,1,0.0
22.06117,43.91836,3,9104.0
22.31203,43.83551,3,10334.0
22.29214,43.99043,4,1909.0
22.62917,44.1767,3,159834.0
22.71416,44.16897,2,158296.0
21.32671,43.93771,3,2156946.0
21.27567,43.59576,3,103129.0
19.63632,43.85005,3,96903.0
20.02572,43.82405,3,97887.0
19.90699,44.27032,5,44868.0
20.44232,43.88728,3,98759.0
20.78002,43.72789,4,137411.0
19.68056,43.38705,3,361596.0
20.83912,42.92099,3,391401.0
21.63901,42.90563,3,3928.0
22.28232,43.00439,3,8143.0
22.00815,43.28747,1,0.0
23.45502,43.08164,3,22448.0
23.54278,43.18353,3,8121.0
22.13777,44.28093,4,162191.0
22.5015,44.22247,4,160036.0
23.50767,44.52246,3,3672.0
21.50315,44.74526,3,6888.0
22.16932,44.43778,3,5041.0
22.43636,44.43822,2,1022.0
22.19541,44.44983,2,2393.0
21.64768,44.89763,3,6656.0
22.69115,46.20121,1,0.0
22.805,46.14363,3,26244.0
22.96428,46.00576,1,0.0
22.87016,46.14691,3,23040.0
22.94313,46.19791,1,0.0
23.09069,46.3949,3,16007.0
22.96274,46.40533,3,7343.0
22.73138,46.42205,1,0.0
22.89801,46.4772,1,0.0
23.59414,46.52014,3,3757.0
23.42001,46.62435,1,0.0
23.74837,46.85241,3,7340.0
23.88543,47.19619,3,0.0
22.67949,45.71411,1,0.0
23.32359,45.66967,1,0.0
23.66177,45.90422,1,0.0
21.61714,45.45897,1,0.0
21.75108,45.40096,3,3672.0
23.1122,45.36589,1,0.0
29.38713,36.5453,3,12631.0
29.71535,36.56964,3,26847.0
32.92648,36.55721,3,19559.0
30.41471,36.67066,3,16764.0
29.82839,36.65032,4,33868.0
32.89158,36.60394,3,28523.0
29.13095,36.62305,3,3725.0
33.40486,36.65357,3,18346.0
29.13958,36.64413,3,138.0
0.11404,43.22756,1,0.0
-4.02289,47.96749,3,3136.0
35.78346,36.75483,1,0.0
28.8648,36.75551,3,7404.0
36.51574,36.78966,3,6540.0
28.75017,36.77001,3,3740.0
28.7045,36.70579,1,0.0
31.55953,36.88051,3,59535.0
32.06572,36.77865,3,10792.0
36.54665,36.80849,3,1101.0
34.61747,36.79246,3,65852.0
29.72714,36.84736,3,1166.0
29.15444,36.93694,3,19769.0
28.64514,36.82157,3,3672.0
0.30931,46.18831,4,27024.0
0.20943,46.19989,3,2317.0
0.2481,46.08878,3,21869.0
-0.025,45.12643,4,134774.0
-0.34462,45.57105,4,10172.0
-0.52363,45.58333,3,4722.0
-0.56018,45.5851,3,10546.0
-0.32115,45.37804,3,1122.0
-0.11623,46.44633,3,4894.0
-0.07222,46.66386,3,257.0
1.24065,45.77157,3,163288.0
1.30576,45.80588,3,171274.0
1.31186,45.79422,3,4922.0
2.18582,45.80439,4,2900.0
1.51441,45.42977,4,5333.0
1.72136,45.30662,4,65112.0
2.265,45.55702,4,66927.0
2.44581,46.18437,4,195282.0
2.84059,46.48984,5,312819.0
2.54493,46.58446,4,148646.0
2.06729,47.13547,4,12371.0
1.84961,47.73196,3,6147.0
1.89885,47.85359,3,46112.0
1.64674,47.25529,3,3942.0
2.72482,46.21723,4,45893.0
1.59753,46.99796,4,714.0
1.11277,44.52486,2,35398.0
1.46135,44.66116,4,45611.0
1.4845,44.87196,3,47432.0
1.48043,44.93314,3,53009.0
1.69075,44.75302,4,7984.0
1.5092,44.92652,3,58591.0
0.71927,45.15632,3,2922.0
1.48391,45.16876,4,57231.0
1.88203,45.08413,3,2631.0
2.3737,44.93082,4,3932.0
2.35542,45.29929,3,4528.0
2.49142,45.64305,4,74127.0
2.48475,44.63922,3,4456.0
3.00033,45.05254,3,3260.0
11.13791,48.07771,3,3284.0
11.63982,48.15283,3,116465.0
11.32694,48.32584,3,43580.0
11.77192,48.40079,2,8473.0
11.87866,48.15572,3,116204.0
10.95165,48.37873,3,59201.0
10.99797,48.36954,4,48049.0
8.66401,50.42498,1,0.0
8.82959,50.42842,1,0.0
8.56268,50.26643,1,0.0
8.84166,49.90043,3,7343.0
9.11386,49.89854,1,0.0
9.41554,49.41379,1,0.0
8.78833,50.24289,3,7343.0
8.97143,50.21964,1,0.0
8.98029,50.17031,1,0.0
8.49234,49.75404,1,0.0
9.17053,49.22333,3,5202.0
9.17207,49.1355,3,9480.0
9.49487,49.20237,1,0.0
9.46423,49.30589,1,0.0
9.12533,48.28598,1,0.0
9.52101,48.48531,3,3672.0
9.18731,48.81811,4,25201.0
9.3165,48.82397,3,14081.0
9.29929,48.83241,1,0.0
9.53343,48.82389,3,18279.0
9.61519,48.87838,1,0.0
9.65665,48.79852,3,19633.0
9.63385,48.71282,3,29492.0
9.86098,48.58525,3,31713.0
10.11747,48.90119,3,7677.0
10.33619,48.85634,4,4066.0
10.5898,48.91527,5,5952.0
10.46059,49.02616,3,7084.0
10.39159,48.71202,2,3281.0
10.7665,48.71332,4,15376.0
10.7658,48.73011,3,11582.0
10.94655,48.94935,4,5788.0
10.97164,49.01051,3,4634.0
11.03467,49.0154,3,11168.0
10.56222,49.04684,3,7713.0
10.55932,49.09255,1,0.0
11.20653,48.80188,3,3829.0
11.24772,48.87996,4,15914.0
11.35755,48.94355,1,0.0
28.83591,44.6762,1,0.0
23.80807,44.27939,1,0.0
25.03975,43.70135,1,0.0
23.99082,46.14961,1,0.0
28.30883,36.84764,1,0.0
31.45994,36.82366,3,43677.0
-0.75895,47.64404,1,0.0
13.42516,42.11561,1,0.0
13.446,41.90461,2,989.0
13.56212,41.21516,1,0.0
13.54604,41.24665,3,3931.0
13.42585,41.26324,2,0.0
13.04468,41.50542,1,0.0
13.24878,41.69523,1,0.0
13.33809,41.70968,3,5874.0
36.5948,36.92028,3,1316.0
34.57379,36.86038,2,53726.0
34.43735,37.03708,2,56314.0
32.49143,36.86791,3,6439.0
33.40364,36.87718,3,3037.0
31.79186,37.11531,3,62827.0
31.16563,36.93951,3,11597.0
31.42791,37.04072,3,13201.0
29.20083,36.97287,3,23385.0
29.48647,36.99811,3,4639.0
30.58317,37.11265,3,6825.0
30.81438,36.98074,3,54485.0
32.44976,36.9819,3,41980.0
35.34603,36.98365,3,31031.0
35.38139,37.52056,3,711.0
13.40887,41.70011,2,17306.0
33.85469,37.11478,3,75897.0
32.18952,37.18192,3,103042.0
32.20062,37.17138,3,103327.0
31.1841,37.21078,3,9478.0
31.13053,37.21865,1,0.0
35.66239,37.24974,3,23779.0
35.86767,37.25171,3,23416.0
36.48884,37.26455,3,71625.0
36.06026,37.29775,3,16004.0
36.1127,37.36115,3,12464.0
29.77658,37.30569,4,103654.0
29.79918,37.37441,3,112387.0
30.22748,37.13576,3,50931.0
13.0825,41.23897,1,0.0
13.68856,41.94085,2,2141.0
14.10244,41.78264,3,48240.0
14.03306,41.48337,3,100487.0
14.12616,41.51552,4,127519.0
14.22713,41.59519,3,122750.0
14.26396,41.59624,2,86441.0
14.25303,41.04453,4,58630.0
14.19074,41.04408,1,0.0
15.36987,41.81061,2,3672.0
14.93835,41.83209,3,11299.0
15.44663,41.44822,2,974.0
13.92135,42.04499,2,48898.0
14.07924,41.60603,1,0.0
15.32695,41.24218,1,0.0
15.4719,40.64048,2,1440.0
15.33996,40.39469,3,40876.0
15.82327,41.84337,1,0.0
15.79807,41.35656,2,5550.0
15.95771,41.39675,2,4427.0
15.85464,41.00937,4,158521.0
16.03294,41.1964,2,511.0
16.14701,41.29915,2,124.0
15.4861,40.38747,2,219.0
15.52676,41.22443,1,0.0
27.7636,41.57765,2,7342.0
28.16757,41.22776,2,3672.0
28.98827,41.02222,1,0.0
27.09472,41.43612,2,2444400.0
27.35424,41.41075,2,2442472.0
27.7976,41.16666,2,2440542.0
27.01618,40.38094,1,0.0
27.3917,40.3343,2,3.0
27.82083,40.30587,3,5.0
27.88252,40.3857,1,0.0
27.52464,40.01471,1,0.0
27.01793,40.31404,1,0.0
27.27412,40.28606,2,1.0
27.5917,40.21271,1,0.0
28.0771,40.15121,1,0.0
27.81342,40.01887,1,0.0
28.9167,40.36524,1,0.0
29.04426,40.21388,1,0.0
29.17663,40.42272,1,0.0
29.28501,40.64994,1,0.0
29.0183,41.0107,1,0.0
29.10538,41.1688,2,3672.0
29.56821,40.58952,3,7343.0
29.52224,40.71597,1,0.0
29.63637,40.68095,1,0.0
4.86392,46.12696,1,0.0
4.94369,46.10373,3,7343.0
4.76644,46.0281,3,3714.0
4.97193,46.12719,1,0.0
4.52323,44.44009,3,3097.0
3.92578,44.43939,3,26383.0
3.48779,44.51529,1,0.0
3.27954,44.92367,1,0.0
3.74045,45.55062,1,0.0
4.80513,46.1271,1,0.0
4.67248,45.56021,2,9302.0
6.95347,43.78596,3,12298.0
6.75775,43.86127,3,3672.0
6.82047,43.94951,1,0.0
6.73211,43.78084,3,14861.0
7.10878,43.72106,3,14711.0
5.13229,44.36089,3,6797.0
6.1247,44.62668,3,2576.0
6.99987,45.13165,3,902875.0
6.86202,45.19852,2,551335.0
6.74938,45.21715,2,549059.0
6.64586,45.1946,3,547484.0
6.46111,45.23778,4,547469.0
6.65754,45.93632,1,0.0
7.03582,46.114,1,0.0
6.23003,46.123,1,0.0
5.90144,46.12507,1,0.0
5.82955,45.93514,3,13022.0
5.80578,45.95965,3,3672.0
5.81724,45.91873,3,5152.0
5.80593,46.12575,1,0.0
5.69968,45.74713,3,22350.0
5.64259,45.81615,3,17195.0
5.63734,46.12609,1,0.0
5.35287,43.372,3,15497.0
5.36651,43.29731,1,0.0
5.31124,43.40848,3,9889.0
5.18627,43.39202,3,5818.0
5.23631,43.44591,3,1724.0
5.20204,43.53075,3,8291.0
4.94159,43.59145,3,5393.0
4.95117,43.46779,3,4391.0
4.93603,43.43182,1,0.0
3.55832,43.65309,3,45621.0
4.63048,43.81512,3,14320.0
3.22639,43.33654,1,0.0
8.7462,36.94993,4,1865.0
9.20731,36.73215,1,0.0
9.24879,36.76831,1,0.0
9.09168,36.78624,2,10.0
8.68135,36.75949,2,1034.0
8.69068,36.63653,3,1614.0
8.73021,36.56138,4,3605.0
8.68013,36.45304,3,2642.0
9.15136,36.4937,3,2.0
9.09011,36.47733,3,670.0
9.08349,36.59085,1,0.0
9.23569,36.45056,6,4020.0
9.22771,36.51473,2,0.0
9.23473,36.44418,3,4550.0
9.23374,36.42426,4,331.0
9.40602,36.39033,3,0.0
8.51773,36.35457,3,4181.0
7.98783,36.1524,3,1388.0
7.92198,36.09637,3,0.0
7.93537,36.13344,4,1335.0
7.97436,36.27279,3,1594.0
7.88574,36.11771,4,670.0
9.09362,36.37999,4,0.0
9.15322,36.36645,3,5564.0
5.37216,45.95872,3,13143.0
9.19029,36.43489,3,670.0
11.6556,45.23471,3,1178.0
11.129,44.71821,3,1346.0
11.40948,44.32505,3,1489570.0
11.02653,44.74948,3,20091.0
11.36407,45.15737,2,1715.0
11.48548,45.24292,3,6353.0
11.20353,45.38041,2,7784.0
9.71969,44.78865,1,0.0
9.37681,44.76983,1,0.0
9.20665,45.2525,3,2266.0
10.50577,44.92066,1,0.0
12.74331,42.57835,1,0.0
12.688,42.18129,1,0.0
12.38858,43.10511,1,0.0
11.99309,42.29147,2,7342.0
11.86306,42.41995,2,3672.0
11.4987,42.66413,1,0.0
11.62701,42.41301,1,0.0
12.19461,42.34196,1,0.0
12.86145,42.22376,1,0.0
13.10485,43.79099,2,428583.0
13.52421,43.53421,2,426168.0
14.42989,42.31488,2,345929.0
13.73503,42.12823,1,0.0
14.1299,42.53749,3,412245.0
14.0248,42.65126,3,421469.0
13.7159,42.65534,1,0.0
9.43416,36.38427,1,0.0
11.76165,42.2659,1,0.0
11.91251,45.80911,1,0.0
13.09933,42.78747,1,0.0
33.9915,30.50148,1,0.0
34.35763,30.41006,3,10916.0
34.35998,30.40555,3,3768.0
34.42265,30.88111,4,18239.0
34.59498,30.15295,1,0.0
34.79023,31.25047,4,1318.0
35.34789,31.21219,3,42.0
35.28193,30.43567,3,3858.0
35.46202,31.03493,3,1209.0
34.92373,30.13624,2,0.0
35.13587,30.22278,4,54264.0
35.13199,30.13849,2,46988.0
35.2616,30.27147,2,219.0
35.13258,31.48419,3,103653.0
35.21159,31.64728,2,0.0
35.33856,30.99348,4,960.0
35.7046,31.10231,3,4743.0
35.26026,31.01369,3,7623.0
35.26297,30.92653,3,387.0
34.15237,30.81862,3,112.0
36.72075,34.07817,1,0.0
37.02226,34.07683,1,0.0
36.45251,33.19232,1,0.0
36.55358,32.8042,3,3672.0
36.76666,32.74554,3,0.0
36.66118,32.67661,4,7339.0
36.73651,32.6353,1,0.0
36.58758,32.31853,3,3675.0
36.36343,32.33157,2,292.0
36.6984,32.12671,1,0.0
35.26711,32.16364,3,7343.0
35.88903,32.27765,4,5783.0
35.82624,32.12836,2,1928.0
35.19061,32.28606,3,104480.0
35.26411,32.12209,1,0.0
35.16393,32.11983,1,0.0
35.14434,32.61375,3,114599.0
35.28353,32.75419,3,156344.0
35.11678,32.91336,3,163148.0
35.50579,32.90662,2,51.0
35.77277,32.87832,3,3959.0
36.17013,33.06091,2,3810.0
36.17676,33.07555,3,7124.0
36.15054,33.6093,2,20725.0
36.08665,33.63333,2,23975.0
35.9625,33.85458,2,27410.0
35.69015,33.24923,3,31668.0
35.78437,33.20338,3,7242.0
10.05448,36.54365,2,35.0
13.21573,27.55967,3,670.0
14.35378,28.7905,3,7919.0
15.36976,28.25429,3,2918.0
15.12293,27.73117,3,2195.0
12.81127,28.4412,1,0.0
14.33647,30.02326,3,8728.0
13.58693,30.43463,2,9004.0
15.98404,29.11367,2,1341.0
16.17891,29.14678,3,2013.0
13.55791,25.97032,3,7.0
13.28248,26.54486,3,10.0
13.73268,26.25772,3,667.0
35.14779,37.12327,3,999484.0
36.36569,37.41036,3,37609.0
36.36253,37.40137,3,40605.0
35.8244,37.42888,3,21808.0
35.82195,37.40583,3,25709.0
35.60972,37.80968,3,596.0
30.8907,37.46475,3,44967.0
32.94113,35.29946,1,0.0
34.45317,35.65036,1,0.0
26.15205,39.76027,3,0.0
26.32616,40.00759,3,8.0
26.33526,39.84055,3,7342.0
26.44589,39.58167,3,11006.0
27.13556,38.40682,2,45.0
27.74134,38.13991,3,68931.0
27.73335,38.08046,3,76133.0
27.61453,38.92052,1,0.0
27.14264,39.11369,2,0.0
27.17663,39.1248,2,3672.0
27.57254,39.61781,4,3716.0
27.87059,40.01787,1,0.0
27.58699,40.02839,1,0.0
26.93761,39.49968,3,36570.0
28.14216,38.66738,1,0.0
22.59901,40.73798,1,0.0
22.86536,40.68727,1,0.0
22.73349,40.93348,3,3676.0
22.90787,40.84406,3,3672.0
22.76742,41.17889,3,25664.0
22.98189,41.26651,2,29288.0
23.07112,41.26113,3,36583.0
23.35766,40.98984,3,43865.0
23.36455,40.98414,3,51149.0
23.45944,41.11494,1,0.0
22.16883,41.70657,1,0.0
22.64821,41.44953,3,3742.0
23.49912,41.49377,2,7363.0
23.12769,41.90681,1,0.0
23.55181,41.88549,3,7343.0
22.95815,40.6716,1,0.0
22.97691,40.711,1,0.0
23.35418,41.27231,1,0.0
22.60443,41.03228,1,0.0
22.7224,41.09375,3,11008.0
22.7453,41.16685,3,14732.0
23.83875,40.81988,2,54772.0
23.90655,40.78744,3,58410.0
23.55276,41.92184,1,0.0
23.78752,41.60211,4,25628.0
23.92703,41.04292,3,7343.0
23.95494,40.98952,1,0.0
30.52861,37.47655,3,83118.0
31.8783,37.50067,3,65323.0
29.75101,37.51206,3,3829.0
29.91862,37.59953,1,0.0
36.95378,37.51554,3,64543.0
36.96582,37.56942,4,63609.0
36.36381,37.51982,3,34120.0
36.41477,37.60481,3,27034.0
23.95908,41.06705,3,11010.0
24.05616,41.11305,4,29220.0
24.24293,41.08864,3,0.0
24.64393,40.98262,1,0.0
25.07355,41.11205,1,0.0
24.15671,41.92987,1,0.0
26.41772,40.12971,3,3672.0
20.03207,39.74552,1,0.0
22.95676,37.94093,1,0.0
23.00628,37.91233,1,0.0
23.75451,35.54534,1,0.0
23.76597,35.66477,1,0.0
38.23295,39.87071,3,14679.0
38.5442,39.50902,1,0.0
38.81956,39.84065,2,4.0
38.94703,39.77283,3,5.0
39.02664,39.67271,1,0.0
35.39444,39.8085,1,0.0
26.85058,38.10909,2,0.0
27.35365,37.94111,3,3734.0
27.22855,37.05417,1,0.0
27.46265,37.0763,3,3.0
27.81821,37.41245,1,0.0
27.37423,37.12987,1,0.0
27.24543,37.42635,1,0.0
27.26936,37.48733,2,3.0
27.27538,37.50688,3,5.0
27.58512,37.27709,1,0.0
27.21322,37.62554,1,0.0
27.32325,37.66885,1,0.0
27.40982,37.75081,3,3672.0
30.01525,25.62013,3,89.0
30.43688,25.73051,3,65.0
30.54989,25.72412,3,52.0
30.39096,25.7811,1,0.0
30.62365,25.69121,3,29.0
30.70022,26.09724,1,0.0
29.41816,25.28656,1,0.0
30.02976,26.07634,1,0.0
35.38883,23.92775,2,2.0
34.0018,24.62281,1,0.0
34.1804,24.66137,3,71.0
34.12418,24.59295,1,0.0
34.00963,25.8782,1,0.0
34.19267,25.79337,1,0.0
34.57065,25.43654,1,0.0
35.23473,38.68953,1,0.0
35.25652,38.62815,1,0.0
29.88448,39.20843,1,0.0
23.53698,41.0913,1,0.0
27.05601,40.38054,1,0.0
37.38575,39.23465,1,0.0
37.238,39.11086,1,0.0
27.46434,38.018,3,79687.0
27.74367,38.08489,1,0.0
30.55233,25.47747,3,61.0
30.54133,25.20847,2,64.0
30.60755,24.66689,3,137.0
30.60238,24.69761,3,101.0
30.62232,24.7049,1,0.0
30.61106,24.47646,1,0.0
28.78073,25.65409,1,0.0
28.87107,25.68661,3,57.0
28.85891,25.66595,1,0.0
28.88639,25.69615,3,107.0
28.88067,25.70321,1,0.0
28.92847,25.69061,2,125.0
35.35957,23.97351,2,34.0
35.21621,38.77331,1,0.0
35.26495,38.80118,1,0.0
31.39008,38.39339,1,0.0
29.68056,38.50734,1,0.0
28.56698,37.9137,1,0.0
29.23215,37.63318,1,0.0
6.00781,35.53203,4,6254.0
6.01493,35.5729,3,2998.0
6.15891,35.43341,3,4939.0
6.34545,35.44398,3,7138.0
6.40284,35.59667,3,3508.0
6.44237,35.32145,3,9232.0
6.44258,35.27858,3,8692.0
6.41861,35.63719,4,42272.0
5.93575,35.24071,3,2004.0
5.73682,35.07492,3,1339.0
5.69266,35.0812,1,0.0
5.69343,35.02367,1,0.0
5.69144,34.98251,1,0.0
5.69862,34.98135,3,24002.0
5.85901,34.86064,4,24780.0
6.00721,34.7233,4,17615.0
7.29187,36.04204,3,1242.0
7.27883,36.05206,1,0.0
7.07887,36.02375,4,1903.0
6.9605,36.04322,2,0.0
7.01383,35.947,3,1988.0
6.75611,34.71547,3,17221.0
7.13747,34.52882,3,17308.0
7.53262,34.4258,4,46561.0
7.58347,34.44835,3,75105.0
7.63901,34.46519,3,83616.0
8.34093,34.9765,4,9529.0
7.59441,34.38373,1,0.0
7.47663,34.64852,3,29285.0
7.73384,34.91091,3,29085.0
7.95778,35.3252,3,25019.0
7.79111,35.22099,3,1124.0
7.30525,34.70813,3,28863.0
7.48773,35.26897,3,28935.0
5.48051,36.07524,1,0.0
4.74597,35.34508,3,2946.0
5.0912,35.55656,4,17415.0
5.30749,35.71369,3,2656.0
5.00853,35.66087,5,12696.0
5.23554,36.06592,3,670.0
5.26165,36.1492,1,0.0
5.40076,35.86731,4,679.0
5.39964,35.81211,3,2003.0
5.4857,35.77358,1,0.0
5.48974,35.56855,1,0.0
5.48605,35.20387,3,19084.0
5.49598,35.20415,1,0.0
5.49078,35.14574,3,19348.0
5.49653,35.1486,1,0.0
5.49866,35.10576,2,19214.0
5.46015,34.70143,3,1684.0
5.50434,34.70652,1,0.0
5.20134,35.94759,3,1328.0
5.48461,35.84728,1,0.0
4.09565,34.68238,3,670.0
4.16387,35.23058,4,732.0
30.49022,37.52626,3,85630.0
30.524,37.62336,3,514.0
31.76649,37.52676,3,90781.0
4.36587,35.2811,3,1950.0
5.00076,34.49088,1,0.0
3.51244,34.19101,1,0.0
3.70345,35.16571,3,670.0
3.2723,34.70335,1,0.0
0.13317,36.04474,2,7112.0
-0.60702,35.63543,4,3674.0
-0.72265,35.1234,3,2871.0
-0.60072,35.23402,3,964.0
-0.92067,35.18864,2,91.0
-0.04304,35.30145,3,3099.0
-1.22001,35.08362,2,186.0
-0.29626,53.50279,1,0.0
-1.73177,53.3393,3,704.0
-2.11581,52.60413,1,0.0
-1.40783,52.0867,1,0.0
-1.28806,52.88445,1,0.0
-0.51707,52.56673,1,0.0
-0.17869,51.96884,3,283.0
-0.22979,51.87061,1,0.0
0.18978,52.06004,3,322.0
0.7784,52.95959,1,0.0
0.82093,52.78662,1,0.0
1.02042,52.46029,1,0.0
1.08127,52.60536,1,0.0
1.11637,52.52565,1,0.0
1.28949,52.38055,1,0.0
0.86724,51.86188,1,0.0
0.8648,51.96078,1,0.0
1.09052,51.92972,1,0.0
0.81363,51.85502,1,0.0
1.30275,52.1538,1,0.0
0.14066,51.77996,1,0.0
-0.94148,52.23473,1,0.0
-0.65066,52.24431,1,0.0
-0.59493,52.31216,1,0.0
-1.39717,51.63066,1,0.0
-1.31292,51.70955,1,0.0
-1.165,51.08719,1,0.0
-1.58837,50.93597,1,0.0
-2.19765,51.07751,1,0.0
-2.02282,50.72052,1,0.0
-0.80007,50.78134,1,0.0
0.95525,51.20175,1,0.0
0.57268,51.19712,3,1123.0
0.57513,51.07733,3,565.0
0.81672,51.11069,1,0.0
0.52932,51.00639,1,0.0
-0.17142,50.91526,4,413.0
-0.37719,50.9103,2,264.0
0.02523,50.91277,3,283.0
-0.0347,50.81938,1,0.0
-0.51145,51.18559,1,0.0
-2.49021,53.1038,1,0.0
-3.00243,53.30649,1,0.0
-2.65575,53.31232,1,0.0
-3.98393,52.2021,1,0.0
-3.9342,52.34157,1,0.0
-4.02102,52.13414,1,0.0
-3.96548,52.02707,1,0.0
-2.67957,52.28554,1,0.0
30.29387,37.72956,3,87286.0
36.96639,37.57413,3,7951.0
36.52341,37.57702,3,422.0
36.52387,37.95735,4,35420.0
-3.87918,51.95234,3,565.0
-4.27178,51.83258,1,0.0
-2.31972,51.3564,1,0.0
-2.91733,51.15931,1,0.0
-2.44668,50.63474,1,0.0
-3.89561,53.0258,1,0.0
-3.92405,52.96382,1,0.0
-3.9178,52.92698,1,0.0
-3.8958,52.86787,1,0.0
-3.65459,52.88136,1,0.0
-3.45555,52.99491,1,0.0
-3.81694,51.67682,1,0.0
-3.4469,51.95756,4,1400.0
-3.19769,55.85458,1,0.0
-3.21338,55.66075,1,0.0
-3.21315,55.27067,1,0.0
-3.01899,55.37696,1,0.0
-1.60101,54.97795,1,0.0
-1.56332,54.92456,3,3.0
-1.42245,54.99363,1,0.0
-1.57507,54.79828,1,0.0
-0.65294,54.06121,1,0.0
-0.23077,54.08734,1,0.0
-1.52601,54.74718,1,0.0
-1.46773,54.68051,2,283.0
-1.45534,54.50318,2,564.0
-1.33982,54.23551,2,843.0
-0.79295,54.33142,1,0.0
-0.74711,54.4308,1,0.0
-2.50234,54.11681,1,0.0
-2.10982,54.30307,1,0.0
-3.38688,54.35794,1,0.0
-2.973,54.42783,1,0.0
-2.87443,54.48649,1,0.0
-2.75724,54.64205,1,0.0
-2.93598,54.63152,1,0.0
-2.60251,54.9929,1,0.0
-2.67569,55.06542,1,0.0
-1.82197,55.3957,3,283.0
-1.99591,55.77039,1,0.0
-1.6377,54.75018,1,0.0
-3.49075,54.7111,1,0.0
-0.37192,52.92355,4,565.0
-0.27111,52.91668,1,0.0
1.41299,52.49181,1,0.0
1.50643,52.36248,1,0.0
0.66724,52.30831,1,0.0
-0.92252,51.90121,1,0.0
-1.03178,51.1313,1,0.0
-0.85896,51.21216,1,0.0
1.0017,51.0831,1,0.0
1.73997,50.93541,1,0.0
2.10011,50.86362,1,0.0
-3.39268,52.26209,1,0.0
-3.16766,51.49482,1,0.0
-3.31236,51.72895,1,0.0
-3.98682,53.24537,1,0.0
-3.87443,53.07864,1,0.0
-3.42148,55.13274,1,0.0
-0.87342,54.1409,1,0.0
31.73714,37.67775,4,108364.0
24.97244,29.64572,3,8455.0
26.44512,28.77577,2,5958.0
24.58269,30.13828,3,11557.0
27.84403,27.40108,1,0.0
27.96886,27.06135,5,2674.0
27.90018,26.94211,1,0.0
27.84188,27.00311,1,0.0
28.20227,26.94196,1,0.0
28.20943,27.37602,2,3330.0
28.52599,27.72281,2,3990.0
28.66417,28.41642,2,4648.0
26.75853,28.72289,2,5304.0
27.22535,30.18602,3,119.0
-0.38322,53.02084,1,0.0
-2.48099,54.83985,3,548.0
-0.21626,52.75431,1,0.0
0.78632,52.75245,1,0.0
-3.51616,52.49747,1,0.0
-3.40193,52.59435,1,0.0
8.9397,34.51451,3,109.0
10.1027,34.63162,6,5957.0
9.49961,34.97958,4,6958.0
9.61013,35.01814,3,162.0
9.35791,35.13046,4,838.0
9.328,35.08844,3,8228.0
9.33675,35.0587,3,7638.0
8.499,35.17873,3,9565.0
8.47314,35.41553,3,670.0
23.43726,37.74963,1,0.0
23.49142,37.77578,1,0.0
30.55847,37.75653,3,3063.0
31.02308,37.7617,3,11651.0
36.83036,37.76238,3,8045.0
-0.65436,54.14647,1,0.0
-2.73337,54.3273,1,0.0
-2.60755,54.39038,1,0.0
-2.27344,54.92558,1,0.0
16.03934,48.32351,1,0.0
16.05875,48.30737,3,7343.0
15.95304,48.31756,1,0.0
16.18955,47.92041,1,0.0
16.86142,48.07811,1,0.0
17.06696,47.94915,1,0.0
28.62782,45.01456,1,0.0
28.57773,44.9665,1,0.0
-1.93179,53.48845,1,0.0
-0.21143,50.84007,1,0.0
9.17598,34.07791,1,0.0
11.11063,33.4882,1,0.0
9.67787,33.00863,1,0.0
10.06225,33.06924,3,14600.0
11.83474,32.40717,3,58.0
10.47453,30.23381,2,0.0
13.35393,31.02547,2,9453.0
36.88874,37.87099,1,0.0
36.76102,37.76369,3,9734.0
37.64598,37.78186,2,0.0
37.87746,38.08033,2,2965.0
36.33442,37.78773,2,8710.0
35.95329,37.8104,3,14402.0
30.87843,37.81527,3,63194.0
30.87434,37.83137,3,70003.0
31.11934,38.17398,3,73228.0
35.90237,37.85642,3,4175.0
30.7506,37.87724,1,0.0
30.4159,37.88908,3,96131.0
23.93392,37.89218,4,7343.0
24.03069,37.67089,1,0.0
24.00075,37.89739,1,0.0
30.39733,37.89856,3,99467.0
22.89158,37.91236,1,0.0
22.96587,37.94221,3,3672.0
35.51472,37.9273,3,825.0
15.40051,30.61416,4,2859.0
15.3604,30.82106,3,3376.0
15.82125,29.04679,1,0.0
16.05516,29.67026,3,1357.0
19.19973,29.20905,3,3019.0
21.39306,29.19434,3,1338.0
21.63708,29.0591,2,670.0
23.06112,29.76208,1,0.0
20.64405,32.2542,4,10465.0
21.06132,31.58005,4,25586.0
22.29355,32.14861,3,25011.0
20.90667,32.30039,3,17.0
21.52573,32.84464,1,0.0
21.62829,32.91553,1,0.0
22.16552,32.77238,3,0.0
8.42453,40.81438,3,22.0
8.57321,40.79813,3,20.0
8.84823,40.92848,3,15.0
8.89028,40.90959,3,22.0
9.05668,41.11517,3,15.0
8.99637,40.90303,4,97.0
23.52763,37.92838,1,0.0
23.42305,37.98861,1,0.0
23.34414,38.00095,5,3786.0
22.9851,37.98597,3,10978.0
8.92124,40.85644,3,14.0
9.10137,40.91047,4,158.0
9.29113,41.17685,3,46.0
9.08122,40.7126,3,180.0
9.43397,40.92535,3,59.0
9.29915,40.83353,3,49.0
9.50519,40.93147,3,34.0
9.18949,41.22426,3,36.0
9.18727,41.2371,1,0.0
9.18434,41.379,1,0.0
9.51571,42.53704,1,0.0
8.45683,39.05565,1,0.0
8.49568,39.08421,3,30.0
9.09471,39.21572,3,4.0
9.08607,39.23527,3,38.0
9.67658,40.76979,2,0.0
8.57726,39.23636,3,58.0
8.58996,39.67695,3,96.0
8.55171,39.67478,1,0.0
8.76603,39.64875,4,169.0
8.83472,39.98238,3,197.0
8.8719,40.0205,3,213.0
8.60392,39.87352,3,48.0
9.06643,39.29037,3,53.0
9.09519,40.05802,3,10.0
8.7699,40.41515,3,208.0
8.43517,39.87351,1,0.0
8.44368,39.90162,3,30.0
24.54856,29.83037,4,10938.0
24.29568,29.70907,1,0.0
24.32216,29.71513,3,670.0
24.65935,29.67015,3,9078.0
9.36878,35.81242,3,1338.0
9.36398,35.82042,3,670.0
9.20378,35.86491,1,0.0
8.43854,35.57177,1,0.0
8.65912,35.57922,1,0.0
8.69161,35.89885,1,0.0
10.16267,34.60801,3,2580.0
10.08629,34.89581,4,330.0
9.90528,34.7479,3,6210.0
10.08697,35.46526,4,5595.0
10.194,35.4563,4,5048.0
10.37767,36.01236,1,0.0
4.66876,36.11612,3,26214.0
4.5976,36.2445,3,11806.0
4.36833,36.39456,3,10285.0
5.45161,36.65257,3,4894.0
5.7689,36.80688,3,5415.0
4.45706,36.68602,3,25853.0
4.49806,36.87453,3,956.0
4.97963,36.77134,3,716.0
4.66815,36.68946,3,26373.0
4.83581,36.66059,3,27263.0
23.73553,37.97171,3,25662.0
23.78141,37.99922,3,11006.0
5.05945,36.72842,3,4832.0
4.91904,36.49897,3,24579.0
5.06436,36.11512,3,19112.0
5.17001,36.14952,3,19556.0
5.33667,36.09981,3,2004.0
5.53509,36.05109,3,1339.0
5.53869,35.99875,1,0.0
5.94814,36.22845,4,5777.0
6.01364,36.21341,3,7686.0
5.80617,36.2924,3,2807.0
5.74233,36.26999,3,0.0
5.90923,36.30727,3,5379.0
5.88166,36.44354,3,2393.0
5.86085,36.48934,3,1955.0
5.78888,36.62352,3,1103.0
4.71263,36.11387,3,19451.0
5.04958,36.32142,4,24494.0
5.20356,36.16446,3,19719.0
5.36153,36.18281,3,47729.0
5.18773,36.23658,3,24866.0
5.32529,36.19866,3,27245.0
4.99256,36.45829,3,23719.0
5.13285,36.44615,3,1476.0
5.1059,36.31523,3,24822.0
5.15662,36.3374,3,1894.0
5.49963,36.36265,3,568.0
5.69228,36.45085,3,927.0
5.716,36.41519,3,1143.0
30.04954,31.2992,2,4.0
30.40505,31.04885,2,6.0
32.61753,31.04829,1,0.0
35.89956,31.63477,3,10767.0
35.91403,31.58874,2,7102.0
35.95052,31.68869,3,14338.0
35.85656,31.22825,3,3720.0
35.73993,31.27023,1,0.0
23.71441,37.98289,4,33002.0
23.64262,37.93766,1,0.0
23.71907,38.01511,3,36528.0
23.24747,38.04103,4,18310.0
22.95153,38.02874,1,0.0
23.8777,38.01248,3,3678.0
23.83055,38.10721,1,0.0
23.35913,37.98204,1,0.0
23.46088,38.0993,3,10984.0
30.8391,28.41139,1,0.0
31.29664,30.11713,1,0.0
33.96618,28.63309,3,7339.0
34.90742,29.59039,3,25666.0
35.01697,28.47635,3,7343.0
34.74122,28.40329,1,0.0
35.06894,28.13151,1,0.0
35.06516,29.88365,3,43361.0
6.08392,36.02637,1,0.0
6.1502,36.11005,4,49384.0
6.23723,36.02648,5,49710.0
6.28561,36.48648,3,6132.0
6.45955,36.48788,3,4683.0
6.28094,36.60892,3,3576.0
6.65545,36.64808,4,1380.0
6.5632,36.9916,3,2082.0
6.27713,36.62574,3,2898.0
6.09888,36.86444,3,2197.0
7.18382,37.07447,1,0.0
7.27308,37.04727,3,1180.0
7.55999,36.98544,3,1418.0
7.10222,36.74762,3,3119.0
7.28423,36.71874,3,3238.0
7.18488,36.92162,3,1819.0
7.78438,36.962,1,0.0
6.70535,36.25805,3,22043.0
7.06773,36.22044,3,20115.0
6.80596,36.13149,3,985.0
7.01664,36.09485,4,1052.0
6.9426,36.02267,2,0.0
7.09295,36.2133,4,1574.0
7.11112,36.23432,4,19437.0
7.16533,36.33523,3,422.0
7.21821,36.18882,4,158.0
7.14741,36.2366,3,19173.0
7.18909,36.1532,3,1167.0
7.42411,36.47517,6,2701.0
7.51098,36.39211,3,2047.0
7.38248,36.10004,3,2973.0
7.79293,36.13589,1,0.0
24.00102,38.02812,1,0.0
23.39383,38.29573,3,50986.0
23.75013,38.30211,3,3771.0
35.55362,38.03397,3,3185.0
35.81683,38.15231,3,3700.0
7.28468,36.24329,3,19270.0
9.19722,34.06513,1,0.0
32.56738,29.95782,1,0.0
32.5933,29.91286,3,3674.0
35.50094,32.09954,1,0.0
35.31757,31.92592,1,0.0
35.45545,31.85847,1,0.0
36.70621,32.10834,1,0.0
6.27699,36.58191,3,2949.0
6.6835,36.55815,4,4194.0
6.82964,36.53899,3,2057.0
7.55096,36.99842,1,0.0
7.02764,36.45909,3,1982.0
30.21006,38.54996,3,421144.0
30.13344,38.11731,3,588.0
7.24735,36.2295,3,19123.0
7.26565,36.23684,3,19272.0
7.31409,36.25032,3,420.0
7.35301,36.44375,3,1686.0
6.68772,36.12056,1,0.0
6.74141,36.15945,3,1657.0
7.23469,36.10807,3,2432.0
7.79526,36.24819,1,0.0
7.25612,36.10573,3,2838.0
7.45579,36.01708,1,0.0
-5.40653,35.5472,1,0.0
-5.84081,35.50712,1,0.0
-5.7243,34.05085,3,16.0
-5.59523,34.11221,3,1.0
-5.93104,34.18094,3,0.0
0.90958,36.2437,4,670.0
37.25991,38.7214,3,3300.0
35.83871,38.21647,3,9125.0
36.18241,38.15761,3,6750.0
23.32391,38.2218,3,40154.0
23.22248,38.2341,3,3672.0
36.9852,38.23368,4,9450.0
36.92077,38.34693,1,0.0
23.12849,38.20285,1,0.0
23.32739,38.31318,3,109202.0
35.80284,38.2454,3,11178.0
34.78171,38.25014,3,6201.0
34.45706,38.40103,4,15906.0
34.75032,38.37231,3,11161.0
26.01683,38.25386,4,6.0
26.08938,38.25688,1,0.0
25.975,38.39084,1,0.0
25.97527,38.35016,1,0.0
36.34284,38.27662,3,6577.0
23.32981,38.29877,3,98350.0
23.73778,38.30066,1,0.0
23.62863,38.38167,3,7408.0
25.91251,38.31002,1,0.0
23.32772,38.32485,3,149102.0
29.82689,38.32063,3,3543.0
23.32728,38.3299,3,32864.0
33.05199,38.18042,3,10377.0
29.83923,38.32589,3,1499.0
23.28546,38.55912,1,0.0
23.58121,38.47102,3,25662.0
22.19147,38.36049,1,0.0
22.25541,38.39734,3,4020.0
22.6969,38.36356,1,0.0
22.74154,38.38511,1,0.0
37.47876,38.578,3,106.0
35.52467,38.36514,3,6064.0
36.46782,38.49839,3,36358.0
34.75189,38.38732,3,7721.0
22.63892,38.38365,1,0.0
22.67026,38.42918,3,7343.0
34.96638,38.38785,3,9898.0
34.66713,38.74398,3,17046.0
22.37447,38.39296,3,4116.0
22.37794,38.37432,1,0.0
22.43494,38.44697,3,11406.0
22.20274,38.51948,3,18256.0
22.97342,38.39834,3,156132.0
22.96261,38.36306,1,0.0
34.35084,38.40956,1,0.0
21.87462,38.42206,3,3810.0
21.83587,38.39821,1,0.0
22.1464,38.54096,3,7536.0
22.71778,38.40663,1,0.0
22.67756,38.44768,3,11643.0
34.13469,38.43067,3,20615.0
22.87592,38.43542,3,159776.0
22.9168,38.46734,3,162578.0
22.44803,38.42827,1,0.0
22.43252,38.45776,3,29442.0
23.61052,38.4673,3,22007.0
24.1221,38.51445,1,0.0
23.63647,38.56397,3,14679.0
22.99917,38.6503,3,3672.0
22.8075,38.53341,3,169633.0
36.41384,38.74307,3,39136.0
36.23861,38.68729,1,0.0
22.18018,38.73775,3,21569.0
22.74147,38.51695,1,0.0
22.79259,38.55981,3,180356.0
21.98719,38.90707,3,724.0
23.62185,38.58048,3,7343.0
23.7152,38.5853,1,0.0
23.55246,38.59552,1,0.0
23.46863,38.79125,1,0.0
22.67932,38.58068,3,183909.0
22.54689,38.66332,3,345.0
34.12661,38.79359,4,9177.0
21.43542,38.61074,3,3676.0
21.02681,39.12979,1,0.0
36.02878,38.6778,3,17648.0
22.39526,38.6302,3,32555.0
34.49043,38.64129,3,1705.0
23.06012,38.66965,1,0.0
23.00791,38.65757,1,0.0
22.57804,38.78587,3,190720.0
22.43025,38.66878,1,0.0
22.45689,38.71645,3,7289.0
22.31334,38.6976,3,61068.0
22.38402,38.82816,4,272999.0
34.85141,38.7139,3,10265.0
35.2939,38.76776,3,3672.0
22.48442,38.78496,3,205026.0
37.2972,38.72776,1,0.0
36.62695,38.86456,3,30045.0
34.62065,38.74867,3,20086.0
35.31318,38.76662,1,0.0
30.45989,38.82428,4,425970.0
34.43621,39.05689,3,26678.0
31.71282,38.82261,2,1048472.0
22.4224,38.88671,3,286864.0
22.27551,38.88591,3,7727.0
23.04016,38.86034,1,0.0
23.09114,38.9484,1,0.0
22.21494,38.86896,3,4187.0
21.52011,38.89061,3,10870.0
21.52248,38.90134,1,0.0
22.43115,38.89289,3,290447.0
22.83284,38.94767,3,1219.0
24.55981,38.90813,1,0.0
24.57635,38.84373,1,0.0
21.79343,38.90819,3,18198.0
21.76301,38.86315,1,0.0
22.94926,39.05071,3,3672.0
22.84188,39.11004,3,11600.0
22.33732,39.04511,3,296252.0
22.24216,39.01416,1,0.0
22.96853,39.03758,1,0.0
25.92543,39.14317,1,0.0
25.97507,39.23597,3,7.0
22.2916,39.14551,3,303200.0
22.28818,39.12742,1,0.0
21.02335,39.1934,1,0.0
23.20087,39.13711,1,0.0
23.3433,39.17611,1,0.0
26.01604,39.28438,1,0.0
22.12007,39.86322,3,17779.0
22.17739,39.87843,4,106376.0
29.99819,40.14143,3,1809940.0
21.78972,39.92213,3,14160.0
21.46915,40.27209,1,0.0
25.11453,39.84424,1,0.0
25.27407,39.91682,3,3.0
22.47077,39.84936,1,0.0
22.55346,40.04694,3,391642.0
25.27574,39.87368,1,0.0
25.30047,39.93758,1,0.0
21.93113,40.14983,3,3672.0
22.15601,39.93483,3,120325.0
22.09002,40.01855,2,7320.0
29.02906,40.21394,1,0.0
22.49426,40.26192,3,518330.0
33.05874,40.11752,3,19232.0
33.43044,40.09695,1,0.0
21.85009,40.27596,1,0.0
29.9663,40.37923,1,0.0
33.62787,40.5996,3,12115.0
33.61212,40.68146,3,8797.0
34.82545,40.84515,3,2384.0
25.73241,40.85012,3,121.0
27.48935,40.92401,1,0.0
31.94629,41.21436,3,35116.0
24.97624,40.956,3,21.0
24.99191,40.93515,1,0.0
25.07931,41.02467,4,85.0
27.49228,40.98984,1,0.0
27.2574,41.16829,1,0.0
24.97186,41.08281,3,40.0
31.42718,41.27032,3,62302.0
25.55174,41.14059,3,21.0
24.90099,41.148,2,21.0
25.44362,41.18048,1,0.0
25.19023,41.19629,1,0.0
25.62343,41.19525,1,0.0
24.86519,41.19713,1,0.0
31.94348,41.22282,3,37142.0
32.7091,41.3493,2,6355.0
32.04093,41.55767,3,24322.0
32.95478,41.43596,2,2952.0
33.77758,41.42486,3,6306.0
33.71199,41.46077,3,267.0
33.77061,41.45642,4,1637.0
33.75903,41.97247,3,14997.0
32.33343,41.63336,3,20690.0
34.8271,41.56169,2,6571.0
32.74804,41.44994,1,0.0
35.11362,42.00563,3,12203.0
35.16047,42.01984,1,0.0
24.15916,41.13862,1,0.0
24.28085,41.15417,1,0.0
37.2607,37.51928,3,54316.0
36.81014,36.18298,1,0.0
37.31689,37.39783,3,11355.0
37.48135,37.51534,4,38078.0
37.87385,37.68422,4,10748.0
38.27532,37.76515,1,0.0
37.75687,37.84549,1,0.0
37.65352,37.98134,1,0.0
37.65668,37.99272,1,0.0
37.88245,37.55596,2,20369.0
38.06565,37.4798,3,17596.0
37.97774,37.60077,2,117.0
39.00657,37.92739,1,0.0
38.52269,37.5081,1,0.0
33.08887,29.06732,2,4.0
33.68951,29.95298,3,11006.0
33.82909,30.13627,1,0.0
33.60168,28.25709,1,0.0
30.76162,26.03243,1,0.0
31.17803,27.18116,1,0.0
32.82172,36.08318,3,6866.0
32.45006,36.13913,1,0.0
32.4206,36.12072,1,0.0
29.9751,36.25466,3,4384.0
29.96778,36.23545,1,0.0
29.97705,36.27132,1,0.0
29.30979,36.27104,1,0.0
13.57805,41.71592,3,14202.0
13.59438,41.72162,3,11371.0
12.59468,42.13394,1,0.0
33.47072,37.01753,3,14879.0
34.35719,37.0204,3,58988.0
34.15076,37.03248,3,67432.0
34.12357,37.03552,3,73061.0
33.2485,37.04111,3,21195.0
35.18696,37.08767,3,997382.0
29.68649,37.15619,3,101892.0
36.20121,37.11109,3,40964.0
29.66195,37.1576,3,44317.0
29.58674,37.14485,1,0.0
32.2244,37.16281,3,89333.0
36.46424,37.16886,1,0.0
9.20836,36.42491,4,5042.0
9.09318,36.44177,1,0.0
8.56045,36.49017,6,6195.0
7.75234,36.13038,1,0.0
7.74959,36.23934,1,0.0
5.38202,44.75536,1,0.0
5.6282,44.88567,3,8359.0
5.74025,45.54113,2,420676.0
5.37673,45.9982,3,7343.0
5.37514,46.125,1,0.0
5.5441,46.12526,1,0.0
10.31164,45.50526,1,0.0
10.45719,45.73428,1,0.0
8.73003,45.44946,3,4167.0
5.69487,34.5794,1,0.0
5.68696,35.95892,1,0.0
5.82624,35.92058,3,670.0
5.98995,35.82841,3,2777.0
5.8539,35.80071,3,884.0
5.78608,35.72246,5,1398.0
5.7456,35.62289,4,840.0
5.68962,35.65541,1,0.0
5.72459,35.47837,3,679.0
5.68991,35.4491,1,0.0
5.74398,35.49765,3,1320.0
5.84931,35.56684,3,1275.0
6.15526,35.76876,3,49452.0
6.17926,35.8294,3,48545.0
5.89083,36.04137,1,0.0
5.98457,35.72176,3,2483.0
6.09424,35.6974,3,6268.0
6.16245,35.71189,3,49406.0
6.26126,35.70183,3,44662.0
6.27423,35.63265,3,3323.0
6.58886,35.84181,3,610.0
5.97213,35.67087,3,889.0
5.8162,35.60108,3,1468.0
5.95497,35.51844,3,3877.0
-9.21548,39.08832,3,3566.0
-8.83161,39.63816,3,21390.0
-8.81537,39.69714,3,25050.0
-8.58927,37.16692,1,0.0
-2.74283,39.99687,1,0.0
-3.78168,38.38013,3,150.0
5.69646,34.64323,1,0.0
5.68822,35.73037,1,0.0
5.68789,35.86499,1,0.0
6.24864,36.04456,1,0.0
6.21385,36.04387,1,0.0
7.11098,36.05021,1,0.0
8.8042,35.14273,1,0.0
4.83618,36.64356,3,24448.0
5.26083,36.62665,3,5547.0
5.3228,36.02741,3,1339.0
5.36214,35.99874,1,0.0
5.30446,36.00212,1,0.0
5.65162,35.99854,1,0.0
5.85922,35.99817,1,0.0
5.87295,36.80177,3,4666.0
23.19247,38.08926,1,0.0
23.54339,38.06147,1,0.0
23.3794,38.18157,3,36512.0
30.05107,31.30165,1,0.0
4.01883,36.0234,1,0.0
3.69962,36.1716,3,8654.0
3.81165,36.22447,3,9799.0
3.85384,36.36906,2,0.0
3.72236,36.74802,3,1929.0
3.72218,36.76354,3,1220.0
3.8621,36.89849,1,0.0
2.85081,36.75754,1,0.0
4.1678,36.85825,3,1494.0
2.72682,36.29119,3,2387.0
1.2762,36.42514,3,1515.0
1.31182,36.47521,3,1385.0
1.09373,36.07255,1,0.0
2.54381,36.57117,1,0.0
