chunk,load
0,0.0006844669812932208
1,0.0005962997041105945
2,0.0005962997041105945
3,0.0014491295926898752
4,0.0011716584169751175
5,0.0011716584169751175
6,0.0011716584169751175
7,0.0014385743708975013
8,0.0014385743708975013
11,0.025754311524500778
12,0.025751228669340945
13,0.025751228669340945
14,0.025804117087814583
15,2.526291195902202e-06
17,1.934759077660624e-05
18,2.289706296999441e-05
19,2.2656944312335486e-06
20,2.2656944312335486e-06
22,0.00039895251053657276
25,1.8713759166073045e-05
26,1.8713759166073045e-05
32,0.010723248249339802
33,0.004061404030165346
34,0.003662451519628773
35,0.0036647172140600068
36,0.0008848503117038984
37,0.0008139091719372196
38,0.0006295046140785174
39,0.0006295046140785174
40,0.0006295046140785174
41,0.006111494302299172
42,0.000546978863317781
43,0.006216190671840217
44,0.006111494302299172
45,0.006111494302299172
46,0.006111494302299172
50,0.00043680989359580626
51,0.00043680989359580626
52,0.02539690008052631
53,0.02539690008052631
54,0.02539690008052631
55,0.02539690008052631
56,0.000613221545193046
57,0.000613221545193046
58,0.000613221545193046
59,0.001582828906127208
60,0.0015241446016238148
61,0.0015241446016238148
62,0.0015180879682089074
63,0.03451769825337625
64,0.03451769825337625
65,0.03451769825337625
67,0.034504859513376396
68,1.2838739999850565e-05
69,0.0029548539879084732
70,0.0029548539879084732
71,0.002061741629348886
73,0.16105607305472966
74,0.14201114420606192
75,0.017930694896136055
76,0.0008903809136086817
79,0.0059062233695999725
80,0.0002768667258875985
81,0.00014685245670907035
83,0.0002768667258875985
84,0.0020206886176785503
87,0.058410355555921126
88,0.058410355555921126
90,0.058410355555921126
91,0.05271931323730128
92,0.05271931323730128
93,0.05271931323730128
94,0.05271931323730128
95,0.05271931323730128
96,0.05271931323730128
97,0.05862553660690125
98,0.05862553660690125
99,0.05851964463602728
100,0.05851964463602728
101,0.05851964463602728
102,0.060409042925949216
109,0.0061830900954875714
110,0.001521500314579866
111,0.002081780660815611
112,0.001521500314579866
113,0.0011459907297521295
114,0.0006164751615994073
115,0.0006351889207654803
116,0.0006273711634064948
117,0.0006175799128408391
118,0.0004329959222355276
119,0.0004180725028592061
120,0.0004180725028592061
121,0.0009676590592840713
122,0.0009676590592840713
123,0.0010326901742370158
124,0.0010311355850110746
125,0.025471326835515187
126,0.025454641455570377
127,0.02547335521473645
128,0.025454641455570377
129,0.02534024400465674
130,0.02534024400465674
131,0.02534024400465674
132,0.02534024400465674
133,0.02534024400465674
134,0.025355056892969834
135,0.025358066089376918
136,0.025353999024716314
137,0.025353999024716314
138,0.025353999024716314
139,0.025355507667755586
140,0.025353999024716314
141,0.025621128315946862
142,0.025602906379249953
143,0.00015140514525082346
144,0.00015140514525082346
145,0.00015140514525082346
146,0.000590339028715034
147,0.0005639205804879465
148,0.0005639205804879465
149,0.0005632591661132773
150,0.0005503993425173648
151,0.000548930195023712
152,0.0005454450279453646
153,0.0005495120926059692
154,0.0005422150280904411
155,0.00043680989359580626
156,0.00043680989359580626
157,0.00043680989359580626
158,0.006135047560865522
159,0.0061294989844814
160,0.012274422825966504
161,0.011960698278954277
162,0.010524925402965709
163,0.010528062795066092
164,0.01052591807849088
165,0.009979728042414407
166,0.009979728042414407
167,0.009979728042414407
168,0.009979728042414407
169,0.009979728042414407
170,0.009979728042414407
171,0.009979728042414407
172,0.010006808720095038
173,0.010006808720095038
174,0.009085829911949006
175,0.009085829911949006
176,0.00914603598212772
177,0.009144950982591488
178,0.0004581814030397948
179,0.0007141140890412961
180,0.0011716584169751175
181,0.0011716584169751175
183,3.562268209679981e-06
184,5.607261732642187e-06
185,5.607261732642187e-06
186,0.006150531103217747
187,5.548576384122072e-06
188,0.00043680989359580626
189,0.02534024400465674
191,0.025514325124975767
192,0.11055396080208309
193,0.11038377974869096
194,0.11038377974869096
195,0.11038377974869096
198,5.430439052618651e-05
199,5.430439052618651e-05
200,2.321119712094914e-06
201,0.00043680989359580626
202,0.006111494302299172
205,0.0014491295926898752
206,0.000125938822626864
207,0.0004012182049678063
208,0.0008848503117038984
209,0.0006141644746523724
210,0.01782283163077409
211,0.01782283163077409
212,0.12710891861481377
213,0.058410355555921126
214,0.002061741629348886
215,0.001521500314579866
216,0.001521500314579866
217,0.0015419025156902797
218,0.0011193923207806116
219,0.0011193923207806116
220,0.0004329959222355276
221,0.00016330502338702976
222,0.0002161290341564884
223,0.0012533115425677139
224,0.00811440965131296
225,0.007689861740347858
226,0.006427758681100318
227,1.7429354798918698e-05
228,0.001005102647133083
229,0.000924912101561428
230,0.00014642513052201452
231,0.00022661567609366944
232,0.00021905938655696725
233,0.00021905938655696725
234,3.4911945495318755e-05
235,0.0005922663167424877
236,0.004125214726400728
237,0.004245087393361329
238,0.004289919245535786
239,0.005071046628115802
240,0.0020423505192986155
241,0.002795440383873058
242,0.0023679695533044436
244,0.11038377974869096
245,0.11512690745870979
246,0.0020081320723895424
248,0.00072864796289028
249,0.00043532760710868147
250,0.00289066993186642
251,0.002313210057009252
252,0.11155780853485575
253,0.0009876732923341641
254,0.0026740558558226266
255,8.587392517269509e-07
256,8.587392517269509e-07
257,0.0008301465698042445
258,0.0008975651339725161
259,0.011010729456745196
260,0.015419784570273746
261,0.012243643098668414
262,0.001129750339633089
263,0.0019808769479860377
264,0.0005047689962605271
265,0.0005445871111581371
266,0.0007089789260785095
267,0.0007089789260785095
268,0.0007708925921007446
269,0.0006471573295028583
270,0.00011967332997168078
271,0.0007263774463565268
272,0.00010523320484886992
273,0.00248632282241773
275,0.00248632282241773
276,0.0008310053090559715
277,0.00248632282241773
278,1.50454672722361e-05
279,0.0008310053090559715
280,0.0050009455088752385
281,0.004344430460207379
282,0.004357131719015631
283,0.001984950658866306
288,0.002501368289689966
289,0.00024018692474034385
290,0.00016075526928381736
291,0.00016075526928381736
292,6.191366602223509e-05
296,1.170787583275364e-06
297,1.170787583275364e-06
298,1.170787583275364e-06
301,7.94316554565265e-05
302,1.4341397510686838e-05
307,1.170787583275364e-06
308,1.170787583275364e-06
309,1.170787583275364e-06
311,0.0025915560272666
312,0.0050136467676834915
313,0.00011527215188845475
314,1.170787583275364e-06
316,1.4954433746274311e-05
317,0.0035650146775204525
318,0.0006592310807781239
319,0.002471340676799328
320,0.0014761079517255104
321,0.0007936105688206345
322,0.0007936105688206345
323,1.170787583275364e-06
324,1.170787583275364e-06
325,0.11507492418789571
326,0.0005935926776544943
327,0.014049879144618348
328,0.0020081320723895424
329,0.0030212943402320325
330,0.00012034008131118371
331,0.00035982919986157796
332,0.12560768767947408
333,0.12596751687933566
334,0.0006746452459416081
335,0.01005353642106356
336,0.00023716389986610387
337,0.00019421457663530668
339,0.00046929474602286673
340,0.000586366461768875
341,0.00046929474602286673
342,0.010458010613438082
343,0.0003003125801866782
344,0.002329801398767574
345,0.002623254583904165
346,0.009364232197512833
347,0.009200304073299378
348,4.27649201569699e-06
349,0.002071435825732989
350,0.0006889509516191054
351,1.763766100955761e-05
352,0.0035881072106834573
353,0.00329139619222963
354,0.00044913151727818423
355,0.0006451030671529545
356,4.27649201569699e-06
357,0.0029430041435305025
358,0.12350712728304518
359,0.0006592719672335127
360,0.12350712728304518
361,4.095496837682998e-05
362,0.1210021474537424
363,0.000644602351631491
364,0.000644602351631491
365,0.12350712728304518
366,0.002504979829302785
367,0.00044913151727818423
368,0.0033750463647281717
369,0.1210021474537424
370,0.003439015785607858
371,1.763766100955761e-05
372,0.0007085717725111773
373,2.1333561822886367e-05
374,0.00044913151727818423
375,0.008268598976428882
376,0.005402078194619526
378,0.015612672449447177
379,0.00010199198996399577
380,2.827827275223322e-05
381,0.00010137970491419321
382,0.00010137970491419321
383,9.848571376209126e-05
384,8.565588560079427e-05
385,0.0027304440130966807
386,1.0433694624314322e-06
388,0.0034364091513217894
389,9.892095092814318e-05
390,0.000596178152489012
391,0.003337488200393646
392,0.0031550918614954254
393,0.0031550918614954254
394,0.00228808401797697
395,0.00228808401797697
396,0.002495511737559818
397,0.002495511737559818
398,0.000596178152489012
399,0.008563503868096173
400,0.0002690480647396275
401,0.0004392106087976978
402,0.0004392106087976978
403,0.0004392106087976978
404,0.00045958982278704677
405,0.004133773227873868
406,0.012428229031230413
407,0.008294455803356545
408,0.012917868889962396
409,0.016479753071936807
411,0.00020946216336038449
412,0.0003454751185729645
413,0.00033012453547681014
414,0.0002666789779885194
415,0.0002375576117945738
420,0.0020302668429993415
421,0.0020302668429993415
422,0.0027359304480564202
423,0.0043895918929639805
424,0.0043895918929639805
425,0.003358783275973545
426,0.004922317761180593
427,0.012164219166047463
428,0.0007175989517063296
429,0.0007175989517063296
431,0.0005338082551087251
432,0.0005959420845243637
433,0.0005338082551087251
434,0.0005338082551087251
435,0.00023916935564459693
436,0.00023916935564459693
437,0.00020183573917054932
438,0.008294455803356545
439,0.008294455803356545
440,0.017751123145062362
441,1.170787583275364e-06
442,9.568879888232604e-05
443,0.0008605132805550653
444,0.009985628990179605
445,0.007152917540324665
446,0.008156638473154933
447,0.0007296072311856759
448,0.0010093469766363624
453,0.013256000834407627
454,0.004507871007991978
455,0.01787521658728172
456,0.018124587042861923
457,3.51855036680113e-05
458,6.01801841090406e-06
459,0.00010864502570040494
460,9.985303825721933e-06
461,0.009248582315510545
462,0.009809819692891323
463,0.009809819692891323
464,0.009809819692891323
465,0.00923269849894525
466,0.009787484224668854
467,0.0003623677768708454
468,0.009425116447798008
469,0.010423325033823528
470,0.006744996137894285
471,0.0025039364598403533
472,0.0025039364598403533
474,0.0001090383660840318
475,0.0006510077998608515
476,0.006708017376981824
477,0.009481131912863086
478,0.009518110673775547
479,0.0005590158589159557
480,0.00017425850675188573
481,0.004137146736300699
482,0.00018422839405241487
483,0.003501570276948154
484,0.004339651497452527
485,0.005448028949702139
486,0.00046052285364208296
487,0.00046052285364208296
488,0.0009098376460423089
489,0.0007488206671106946
490,0.009872864634957288
491,0.0016338314558842603
492,0.005735204313411289
493,0.005681407333483708
496,5.2453720573853706e-05
497,5.2453720573853706e-05
498,0.0011893842083157075
499,0.004818326220088166
500,0.007675123475148535
501,0.00048151499800639736
502,5.7399860432309526e-05
503,0.0007240619459483183
504,0.00012500487607001128
505,8.079443941162296e-08
506,0.006576416873818716
507,0.006576416873818716
508,0.012164219166047463
509,7.942393262095231e-05
510,0.0007936105688206345
511,0.0005445871111581371
512,6.44772217102522e-05
513,0.00042194584158997453
514,0.002826260521873337
515,0.006611436741599444
516,0.0003262570427076485
517,0.005470349865699266
519,0.0002491891738663844
520,0.00023003545427023535
521,0.00017622415179867717
530,8.693689172136325e-06
531,8.622944965379e-06
532,8.824975080249142e-06
533,4.572113164563335e-06
534,4.572113164563335e-06
535,4.1100331963238314e-05
548,0.0014799457559517679
549,0.0014799457559517679
550,0.0015090617621152595
551,0.0017111020644551907
555,0.0010314826655420343
556,0.0010314826655420343
557,0.0010314826655420343
558,0.0010314826655420343
559,0.0010314826655420343
560,0.0010314826655420343
561,0.0010314826655420343
562,0.0010314826655420343
563,0.014904100676936
564,0.017766266148944502
565,0.12224514783296837
566,1.0433694624314322e-06
567,0.016189149289844912
568,2.827827275223322e-05
569,0.014874324756951917
570,0.0012839553476028088
571,0.001776083615141015
572,0.0001341392624833026
573,0.1222734261057206
574,0.12402123144810938
575,0.0030498877893674952
576,0.0012839553476028088
577,0.0012839553476028088
578,0.0001488873803704694
581,0.00022537225373239208
582,0.009560954456560147
584,0.006688629167168929
586,0.007414556235878134
587,0.007300260069407229
588,0.007300260069407229
589,0.009477346719218077
590,0.009477346719218077
591,0.009477346719218077
592,0.007773729383593009
593,0.007485826357429579
594,0.010855243029472984
595,0.24664651323999898
596,0.0017638017135958865
597,0.0017638017135958865
598,0.0017750938932048583
600,0.003369416672043405
601,0.003369416672043405
602,0.0017750938932048583
603,0.0017750938932048583
604,0.0009594373319090176
605,0.0007847005690232743
606,0.007414556235878134
607,0.0007489109144558976
608,0.24791321671078773
610,0.06335495801007897
611,0.06296733613489354
612,0.0003648215837440016
613,0.0003648215837440016
614,0.18459167041208693
615,0.1811210019121668
616,0.009872864634957288
617,0.01465147780702183
618,0.00925311977750454
619,0.009359925955225609
620,0.00013903235787570642
621,0.0002360276046872462
622,0.0002360276046872462
623,0.0002360276046872462
624,0.00018846474556082776
625,0.00018846474556082776
626,9.699524681153978e-05
627,0.00850940834713692
628,0.0009258363534200211
629,0.0009258363534200211
630,0.025887389966892944
631,0.02500924423825762
632,0.02503836024442111
633,0.02503836024442111
634,0.02503836024442111
635,0.0057096893771343875
636,9.703123330967941e-05
637,9.703123330967941e-05
638,4.939640118698171e-05
639,0.005561493808552768
640,0.005612658143824708
641,0.005612658143824708
642,0.0055051642072383574
643,0.00010680617772106831
644,0.00551556995246092
645,0.00021042656796954577
646,0.00924125420693386
647,0.00924125420693386
648,0.0076866631665908165
649,0.016099076266916194
650,0.016128192273079687
651,0.016128192273079687
652,0.016128192273079687
653,0.00028321586935193106
654,0.02523353907078225
655,0.02495603085834012
656,0.024961738515249913
657,0.02500924423825762
658,0.02500924423825762
659,0.0003004456452207577
660,0.0018042255771827387
661,0.0018042255771827387
662,0.0017928508589207493
663,3.938051008530122e-05
664,0.0018194885716264367
665,0.005221643538487789
666,0.005221643538487789
667,0.005221643538487789
668,3.938051008530122e-05
669,0.00526102404857309
670,7.096418688148779e-05
671,0.005324492813082402
672,0.0053373503539915264
673,4.9908897292201726e-05
674,2.5574873150111397e-06
675,0.005287441456699325
676,0.002652319141540944
679,1.1374718261989524e-05
680,1.1374718261989524e-05
681,1.1374718261989524e-05
682,0.002364764517984881
683,0.004942505029440046
684,0.00017926556820047865
685,0.0013743161756735903
686,1.2784243985901825e-05
687,0.0007970698511345983
688,0.0007842856071486965
689,0.0007842856071486965
690,0.004064538787629963
691,0.00484882439477866
692,0.004064538787629963
693,0.0040694616670827145
694,0.00019017488029135653
695,0.0003706647273136336
696,0.004257812878638142
697,0.000741817647846668
698,0.06137451293010878
699,0.0613920746778334
700,2.377798333484665e-05
701,3.280178791080389e-05
702,0.002203770697431604
703,5.6579771245650536e-05
704,0.060589044353226554
705,0.06137332996037525
707,0.06137332996037525
708,0.05911382175862716
709,0.00010483975072331663
710,3.93333179751218e-06
711,4.1339731059465485e-05
712,0.007041132110114225
713,0.0013933621391856717
714,0.0014123076142502362
715,0.00012832038421045977
716,0.05919352635292134
717,4.7162309959921526e-05
718,4.7162309959921526e-05
719,4.7162309959921526e-05
720,0.00013419115887298067
721,0.00010090641892580445
722,7.981666561542204e-05
723,4.511500850356157e-05
728,4.511500850356157e-05
729,0.17520706538744835
733,0.005647769970928554
734,1.894547506456471e-05
735,0.005666715445993118
744,0.003515995230791474
746,0.000740634678113137
747,0.059348395657592555
748,0.003515995230791474
749,0.003515995230791474
750,0.003515995230791474
755,0.001387100419659492
756,0.0013782495074711025
757,0.0013782495074711025
758,0.0013782495074711025
760,0.0013918417307634812
761,3.842346909276836e-05
762,3.842346909276836e-05
763,0.05912267267081555
764,0.05911382175862716
765,8.850912188389646e-06
766,8.850912188389646e-06
767,7.981666561542204e-05
768,0.0001807230845412265
770,0.00011478398893854977
771,0.0017586077874628958
772,0.0008280553705898638
773,0.0018728556011074196
774,0.0018704246403510284
775,0.00280097705722406
776,0.0008928905105993462
777,0.001105665447221491
778,0.0009747503214314259
779,2.546316840040017e-05
781,0.0017548940821056891
782,0.0012390934767298445
783,0.000833656355103197
784,0.000833656355103197
785,0.000833656355103197
786,0.000833656355103197
787,0.0008280671915384556
788,0.005394056542812394
789,0.005422140917055706
790,0.0009092211554492148
791,0.0023377635297087917
792,0.18113179154395845
793,0.005848007108960149
794,0.010073424427969865
795,0.005650394346823725
796,0.005650394346823725
797,0.0045433676536911095
798,0.1798271520886894
799,0.17982825009895376
800,0.175450702792738
801,0.17553707554393488
802,3.283961055457726e-05
803,7.632421721976867e-05
804,1.570804996352616e-05
805,9.400534028505187e-06
806,0.03341226015258874
807,0.028859961270336205
808,0.028859961270336205
809,0.028859961270336205
810,0.0005407841760527301
811,0.003246984685158007
812,3.835791311394449e-05
816,0.0019205389988351921
817,5.7523427817259945e-06
818,5.7523427817259945e-06
819,0.00044501003231041576
820,0.0009615549322867023
823,0.00012662101425113125
824,0.00012662101425113125
826,0.00012662101425113125
827,0.00012662101425113125
830,0.0005165448999762865
831,0.0005165448999762865
832,0.002351660976998882
834,0.002351660976998882
835,0.0023603213004626646
836,0.00043925768952868976
837,0.00043925768952868976
838,0.00043925768952868976
839,0.03342166068661725
840,0.0017548940821056891
842,0.0005166020905867013
843,0.0005166020905867013
844,2.8887726645862828e-05
845,0.002259667550766837
846,0.0008076103053949708
847,0.0014520572453718664
848,0.00046315222654855193
850,0.0019152094719204183
851,0.0019152094719204183
852,0.0005165448999762865
853,0.0005165448999762865
854,0.0005454898172325642
855,0.0005169677158432386
856,0.0019147866560534662
857,2.936773312322975e-05
858,6.040666596228882e-05
859,4.0989125784507644e-05
860,3.835791311394449e-05
861,3.835791311394449e-05
863,0.1757095236084648
864,0.17569572226332114
865,0.17572900700326832
866,0.17572900700326832
868,3.295063790866095e-05
869,3.101193438193739e-05
870,0.0005105463776651789
871,0.00052073306454573
872,0.0006299248858042594
873,0.00010916382777434593
874,0.00043242088247852004
875,0.03312623257792465
876,0.028752325339908458
877,0.02875475630066485
878,0.03431517366700995
879,0.034184258541219883
880,2.8926632531129366e-05
882,0.005742947230267991
883,0.00025400674696585227
884,0.00792291794992453
885,0.06321212314158127
886,0.004410329019998356
887,1.0186686880550961e-05
888,3.3284739947176206e-05
889,0.0001309151257900651
890,0.002696049050184501
891,0.002418540837742366
892,0.002418540837742366
893,0.027374571696082484
894,1.3606543010982208e-06
895,0.00040555990464833074
897,0.0017480396104419692
898,0.0017480396104419692
899,5.099910765935234e-05
900,1.2634438648389558e-06
901,0.0005405156669707307
902,4.5167903737033745e-08
904,0.00034652616097256546
905,0.00035592145129007663
906,0.0007024476122626421
907,4.5167903737033745e-08
909,0.059164731143998096
910,4.452079954739872e-05
913,5.6579771245650536e-05
914,5.6579771245650536e-05
917,0.20508280558466785
918,0.20501654688130705
919,0.20501654688130705
920,0.20501654688130705
921,0.20490463651803198
922,0.0027003176830031885
923,0.0018021455644967365
924,0.0011596053013833798
925,4.971163306979414e-05
926,0.0011098936683135857
927,0.0011076287123787415
930,0.0011076287123787415
931,0.0011076287123787415
932,0.0011076287123787415
933,0.0016647479817736854
934,0.19838237063594025
935,0.20058511430423254
936,0.2001508237392703
937,0.2001436832447463
938,0.002164075367687099
939,0.22896400615162038
940,0.22896400615162038
941,0.22785781587251583
942,6.321396575751802e-05
943,7.572478325625224e-05
944,0.00347274297850956
945,0.004374455966113095
946,0.004374455966113095
947,0.004969166966003714
948,0.004920594772224475
949,0.005399947356310737
950,0.004303849339369341
951,0.004303849339369341
952,0.000586385185434758
953,0.000586385185434758
954,4.2846056549157456e-05
955,3.485211722549167e-05
956,3.485211722549167e-05
957,0.0002279644358708129
958,3.0117577417631243e-05
959,0.006110601182088306
960,0.006080483604670675
961,0.005823045332948115
962,0.006020892191401297
963,0.0024411548436182946
964,0.002457839566143362
965,0.0015960930484497289
966,0.0016354716092753306
967,0.00254005158374135
968,0.00254005158374135
969,1.4662658773049925e-05
973,5.6579771245650536e-05
974,5.6579771245650536e-05
978,0.06109469067068992
979,0.06095190282948896
981,9.142030934806392e-05
982,0.0007389763375796926
983,0.0007793641347318218
984,0.0007441478983224364
985,3.2036298417725883e-05
986,0.0008303966469277565
987,0.00039547765352608235
988,0.00032944932723341403
989,0.00016545919837007808
990,0.0002906016793367718
991,0.0002906016793367718
992,0.0002759373393840277
993,0.00023967653429823348
994,0.00019898877394380747
995,0.0610394515695169
996,0.005333072969290065
997,0.0015675148807007004
998,0.0015675148807007004
1000,0.0015675148807007004
1001,0.0015675148807007004
1006,0.004560097445215327
1007,0.004560097445215327
1008,0.0039676033862883296
1009,0.0039676033862883296
1010,0.0039676033862883296
1011,0.005802433497057253
1012,0.0029295470284631713
1013,0.0029295470284631713
1014,0.0029295470284631713
1015,0.0011208972582519982
1018,0.0011208972582519982
1019,0.0011208972582519982
1020,0.00037502596806860945
1021,0.00037502596806860945
1022,0.0012408946742314265
1023,0.00019898877394380747
1024,0.001439883448175234
1026,0.00254005158374135
1028,0.00254005158374135
1029,0.00254005158374135
1030,0.00254005158374135
1032,3.499885113444659e-05
1033,0.0030087279721777004
1034,0.00022537225373239208
1035,0.0006510077998608515
1036,8.565588560079427e-05
1037,2.827827275223322e-05
1038,2.827827275223322e-05
1039,0.0004145767370953419
1040,0.0004057731659688264
1041,0.0014001448883364947
1042,0.003373714029457041
1043,0.00690051485812524
1047,0.0012839553476028088
1050,8.565588560079427e-05
1052,0.0025039364598403533
1054,8.565588560079427e-05
1055,8.565588560079427e-05
1058,0.00022537225373239208
1059,0.009561566741609951
1060,0.00025967604222996873
1061,0.0004057731659688264
1062,0.0004205212838559932
1064,0.022202845338484708
1066,0.0040131072850639535
1067,0.022991730884263317
1069,3.4303788497576666e-05
1070,0.0012839553476028088
1071,0.007208278068918497
1072,0.000319667235982572
1073,1.3372081114058573e-05
1074,0.014664679606095792
1077,8.565588560079427e-05
1080,0.0002861560067304322
1081,0.0012839553476028088
1084,0.022991730884263317
1085,8.565588560079427e-05
1086,0.0002861560067304322
1087,0.0010059067536624504
1088,0.022202845338484708
1089,8.565588560079427e-05
1090,7.36622436201896e-05
1091,0.014723072942740919
1093,0.0025039364598403533
1094,0.0025322147325925865
1095,5.096907243819419e-05
1096,0.0008800876088068465
1097,0.0008291185363686523
1098,0.0005750803313501118
1099,0.0007197507469320182
1100,0.13777820898754709
1101,0.021656806464222314
1102,0.021656806464222314
1103,0.022210666077108147
1104,0.002410715541395339
1105,1.0433694624314322e-06
1106,0.0005538596128858319
1107,0.002410715541395339
1108,0.02225489715007792
1109,0.02225489715007792
1110,0.02225489715007792
1111,0.024539898636259855
1112,0.02612576696883388
1113,0.023528943196626625
1114,0.023552658799784788
1115,0.20861718107219387
1117,0.003012064476211982
1118,4.759965055852526e-05
1119,0.002988348873053818
1120,2.3715603158163683e-05
1122,0.002988348873053818
1123,0.00039152510084656394
1124,0.00039152510084656394
1125,0.007573387685189281
1126,0.00046529777003285864
1127,0.00039152510084656394
1128,2.3715603158163683e-05
1129,0.003380291693273157
1130,0.0018295005019348482
1131,0.0007441478983224364
1133,0.0016190224067907737
1134,0.0011099660079309582
1135,0.0011099660079309582
1136,0.0010986305956006506
1137,0.0010986305956006506
1140,0.0016190224067907737
1141,0.0012574231200254834
1142,0.0005090563988598155
1143,0.0005090563988598155
1145,0.0010986305956006506
1146,0.0005090563988598155
1147,0.0016076869944604661
1148,0.0013441791481221765
1149,0.08126635412384384
1150,0.009548954254905524
1151,0.001314009706616649
1153,0.0022085966035316085
1154,0.0003137298824074086
1155,0.00039152510084656394
1156,0.00039152510084656394
1157,2.3715603158163683e-05
1158,2.3715603158163683e-05
1159,0.00046529777003285864
1160,0.00039152510084656394
1162,0.00046529777003285864
1163,0.00046529777003285864
1167,2.3715603158163683e-05
1168,0.0001082425197729252
1169,0.00024776708160927395
1170,0.0001082425197729252
1171,0.0001082425197729252
1172,0.00498253590888814
1173,0.003597912022049331
1174,0.02971021711250095
1175,0.030537461273507014
1176,0.030341991120812182
1177,0.0013851249122095379
1178,0.06093788150741
1179,0.0005786856743906789
1180,6.089307204223742e-06
1181,0.005087079232719013
1182,0.005087079232719013
1183,0.0010938425263208537
1184,0.0015218477558333328
1185,0.0002299058886509306
1186,0.0030539213730246904
1187,0.003206655805811568
1188,0.003206655805811568
1189,0.004857767394092869
1190,1.3721654169468164e-05
1191,0.004871489048262337
1195,0.0027564477624236966
1196,0.0006606085765177989
1197,0.0021736581681463525
1198,0.030627164828886375
1199,0.030627164828886375
1200,0.030627164828886375
1201,0.030627164828886375
1202,1.1478679241928302e-05
1203,0.00031599108247941886
1204,0.025424692755156207
1205,0.00014452094340711993
1206,0.02846498533998195
1207,0.030943155911365795
1208,0.0004062485754152195
1209,0.031383209160355856
1210,0.031383209160355856
1212,0.03143201694010098
1213,0.004902256441947034
1214,0.004182501893318349
1215,0.0016991087157516333
1216,0.0017737639327838602
1217,0.0017090040676406217
1218,0.003887691071015788
1219,0.0001887497718739548
1220,0.00020102906108889442
1221,0.030976960584940635
1222,8.455056892121507e-05
1223,7.465521703222681e-05
1224,0.0001668940572496851
1225,0.00024154927428191188
1226,0.0019924387674211223
1227,0.04681546396963863
1229,6.828021253003691e-05
1230,6.24740497586097e-05
1231,0.0004177086966308366
1232,4.3047659983099614e-05
1233,3.454831954558949e-05
1236,0.0001420309089042619
1237,0.0002688114955108065
1238,0.0002688114955108065
1239,0.000616901769332049
1240,0.002150501147557381
1241,0.002034584867985221
1242,0.0006701496028257393
1243,0.0018703957201278976
1244,0.0007518650719808249
1246,0.00020102906108889442
1247,0.0017022891232344084
1248,9.895351888988257e-06
1249,4.10783782678753e-05
1250,0.00015699465784003517
1251,0.0006701496028257393
1252,0.00015175298129650267
1253,0.0006701496028257393
1254,0.004854020828091691
1255,0.004533029293587401
1256,0.00032099153450429067
1257,0.00044612945890398173
1258,0.00044612945890398173
1259,0.012711296425400816
1260,0.012711296425400816
1261,0.0005519235954298867
1262,0.0005519235954298867
1263,0.0005519235954298867
1265,0.0009030183610813057
1266,0.008544341941831674
1267,0.0001790371737017246
1269,0.006229437951542123
1270,0.006229437951542123
1271,0.006229437951542123
1272,0.0002935719008599994
1273,0.0019361526346558394
1274,0.0004422209905562542
1277,0.000630948552270264
1278,0.012159372829970929
1279,0.0002291348937776417
1281,0.0006619951276448156
1282,0.013526874200354103
1283,0.0007267942092826285
1284,0.002261632708924162
1285,0.002261632708924162
1286,0.002297507524702266
1287,0.0029287018022942477
1288,0.00198627233043529
1289,0.0009424294718589577
1290,0.0009424294718589577
1291,0.003711407982030351
1292,0.000374661036647737
1293,0.000374661036647737
1294,0.0010841941803416146
1295,0.00011308004534432059
1296,4.18259208579183e-05
1298,0.0007412061447313031
1299,0.0006258125559545514
1311,0.03150957676693019
1312,0.03150957676693019
1316,0.030883764210975637
1317,0.016991519167577414
1318,0.0076866631665908165
1319,0.0076866631665908165
1320,0.024961553613472923
1321,0.024961553613472923
1322,0.033250016807380184
1323,0.032648216780063744
1325,0.01731262757318336
1326,0.01717008687863209
1328,0.016991519167577414
1329,0.016991519167577414
1332,0.0010121282367177911
1333,0.03150957676693019
1337,0.006815951965834675
1338,0.0001246835832989536
1339,0.00247047751582195
1340,0.0008128520130010863
1341,0.0009424294718589577
1343,0.0012533115425677139
1344,0.00811440965131296
1345,1.5925383803453748e-05
1346,3.4911945495318755e-05
1347,0.0002168243781740973
1349,0.000321108405605946
1350,0.000321108405605946
1352,0.008499398371160661
1353,0.0003847573521640699
1354,0.000671739223920639
1356,0.0006022927984666317
1357,4.1100331963238314e-05
1359,2.911600616349165e-05
1360,2.911600616349165e-05
1361,0.009477346719218077
1362,0.010855243029472984
1363,0.06335495801007897
1364,0.06295894292923848
1365,0.1811210019121668
1366,4.939640118698171e-05
1367,0.0007369567803963778
1368,9.503297919279401e-05
1370,0.02495603085834012
1371,0.0017111020644551907
1372,0.0004093423832914003
1373,0.00020948594741845356
1374,5.246638460721287e-05
1375,1.1829697335310307e-06
1376,0.061415852661168245
1377,0.0021709689095208004
1379,5.6579771245650536e-05
1380,0.03242258860600551
1381,0.20736052892762755
1382,0.1751619503789448
1383,0.05990159329347442
1384,9.44881013691517e-05
1385,0.000833656355103197
1387,0.004560097445215327
1388,0.00010919182125852946
1389,0.002418540837742366
1392,0.19851108303536819
1393,0.0021458772284646513
1394,0.0049429911394010505
1395,0.00254005158374135
1396,1.4624653372238741e-05
1397,2.6175826602663656e-05
1398,0.00254005158374135
1399,0.0035911238431755137
1400,0.0002759373393840277
1401,0.00019898877394380747
1402,0.0614086305526979
1404,0.004560097445215327
1406,0.0005920494171508621
1407,0.0032187185528363364
1408,0.0013861297188299737
1409,0.003035510188135382
1410,1.9921502532260308e-06
1411,0.0004308813942116686
1412,0.0001887497718739548
1413,0.0027564477624236966
1414,0.001970427184489241
1415,0.00034775192706423114
1416,0.00031599108247941886
1417,9.895351888988257e-06
1418,0.001114882690034893
1420,0.00015699465784003517
1421,0.002926369980150913
1422,5.097373015686355e-05
1424,0.0001420309089042619
1425,4.18259208579183e-05
1426,0.0016232802753835087
1429,0.030883764210975637
1430,0.024961553613472923
1431,0.032648216780063744
1432,0.016479753071936807
1433,0.00019630949465221622
1434,0.0006899450132294309
1435,0.0006899450132294309
1437,0.008475658116620932
1438,0.02339617304245685
1439,0.0011459907297521295
1440,0.0011459907297521295
1441,0.0011459907297521295
1442,0.02384128545811496
1443,0.008652052431480099
1444,0.021607637279056034
1445,0.021616821236461164
1446,0.021796492301767167
1447,0.02234823549815627
1448,0.014876001643202299
1449,0.03304093557400927
1450,0.03089199533919361
1451,0.0007671270094209987
1452,0.00039334077445363707
1453,0.0006639340436858706
1454,0.0003028738715445724
1455,0.007120872212014047
1456,0.006954983144439243
1457,0.007001609427329837
1458,0.0027769804548514352
1459,0.0027769804548514352
1460,0.01701808052886704
1461,0.024709767110199836
1462,0.0004305249759873598
1463,0.0015549760821097706
1464,0.0017134865050941232
1465,0.00044930783879317107
1466,0.00044930783879317107
1467,0.00044930783879317107
1468,0.0006588658062809353
1469,0.00035653706134155464
1470,0.00035653706134155464
1471,0.00021623430601047707
1472,0.00030091706300957064
1473,0.0003023287449393806
1474,0.0003023287449393806
1475,0.004089887040417447
1476,0.0020444901470296397
1477,0.00990708643282512
1478,0.009895363339631204
1479,0.008553489793081629
1480,6.843963943655741e-05
1481,0.00044930783879317107
1482,0.0042961137389571
1483,0.015347142331072337
1484,0.0003931188140898044
1485,0.0007738255440263583
1486,0.0007738255440263583
1487,5.453928941417207e-05
1488,0.0027061626773740455
1489,0.013309885605357088
1490,0.013309885605357088
1491,0.0002957079794595931
1492,0.0002957079794595931
1493,0.002288394414159121
1494,0.0024599138085249746
1495,0.00030091706300957064
1496,0.00030091706300957064
1497,0.00010385750712055114
1498,0.0008449326222430968
1499,0.006305917521860214
1500,0.012946131792353722
1501,0.0008185742407572519
1502,0.0008185742407572519
1503,0.015347142331072337
1504,0.0002662215610972448
1505,0.007591300309342077
1506,0.00039334077445363707
1507,0.007120872212014047
1508,0.007984641083795714
1509,0.021607637279056034
1510,0.0003028738715445724
1511,0.0003028738715445724
1512,0.028878180232724694
1513,0.030250571885056383
1514,0.002315900664610086
1515,0.009164727576042411
1516,0.025535197228797508
1517,0.007120872212014047
1519,0.02339617304245685
1520,0.008193789442896384
1521,0.009779472215926698
1522,0.0027061626773740455
1523,0.0027061626773740455
1525,8.016273263047405e-05
1526,6.843963943655741e-05
1527,0.00016450574066129416
1528,0.00116008719112898
1529,0.00116008719112898
1530,0.0008408507427957101
1531,0.0008408507427957101
1532,0.0024022798236874015
1533,0.0024022798236874015
1534,0.0024022798236874015
1535,0.0008283648334405304
1536,0.0005135474280916069
1537,0.0003931188140898044
1538,0.0021100717474451217
1539,0.0025285512952352325
1540,0.001445800370914691
1541,0.001445216294672254
1542,0.003969029922692329
1543,0.00010733246503486849
1544,0.00011056755001638599
1545,4.0990988168110475e-05
1546,0.0027863254100045196
1547,0.0025285512952352325
1548,0.0025514040530812566
1549,0.0016050110839390516
1550,0.004244862007521583
1551,0.0037354102996869395
1552,0.0037354102996869395
1553,0.0036392792966646824
1554,0.0036392792966646824
1555,0.00034857049084674544
1557,0.0021786808466390255
1558,0.0032337988599678087
1559,0.00010733246503486849
1560,0.0014348593931309754
1561,0.0022744799719680757
1562,0.0019486144141999645
1563,0.0019486144141999645
1564,0.0005165654833656256
1566,5.243750499675732e-05
1567,5.243750499675732e-05
1568,5.5800966280669866e-05
1569,0.004333383828268585
1570,0.0042564490730214715
1571,0.004244862007521583
1572,0.004244862007521583
1574,0.0008408507427957101
1575,1.0356901541278687e-05
1576,1.158706549988841e-05
1577,0.0008396205788371004
1578,0.0008396205788371004
1579,0.0002104640883644725
1580,0.00022929845582443976
1581,8.24097671236878e-05
1590,8.24097671236878e-05
1591,0.001445216294672254
1592,0.0021100717474451217
1593,0.0021100717474451217
1594,0.0021100717474451217
1595,0.0021100717474451217
1596,0.004604628989822404
1597,0.0005182385598562864
1598,0.002624905428937184
1602,4.0990988168110475e-05
1603,4.0990988168110475e-05
1604,0.003173115977520102
1605,0.003691354537376388
1606,0.002494557242377283
1608,0.002494557242377283
1609,0.002494557242377283
1611,0.003691354537376388
1612,0.004161815262725992
1613,0.003599861352003102
1614,0.0015881631814039121
1615,0.0015881631814039121
1616,0.0015881631814039121
1617,2.7771122021876102e-06
1618,2.7771122021876102e-06
1619,7.749968410029503e-07
1620,7.749968410029503e-07
1622,8.291096120720202e-07
1623,0.003599861352003102
1624,0.003599861352003102
1625,0.0015881631814039121
1626,2.915989065382402e-05
1628,1.8032331416986356e-05
1629,1.8032331416986356e-05
1631,2.5180689301696254e-05
1632,8.230772771148616e-05
1634,7.019246603597872e-05
1635,6.558283041115734e-05
1636,4.4771604840643454e-05
1637,6.776739410094982e-05
1638,2.8518218781239124e-06
1639,0.00010520929830839227
1640,0.00010520929830839227
1641,0.00022293719924148557
1642,0.0001696455882746705
1643,0.00015364531263305803
1644,0.0001653250187510373
1645,0.0001653250187510373
1646,0.0001653250187510373
1647,6.505369161832404e-05
1648,6.505369161832404e-05
1649,6.505369161832404e-05
1650,7.936660680568798e-06
1651,0.059163145919712695
1652,3.766899981106826e-06
1653,1.0186686880550961e-05
1654,6.419786899444137e-06
1655,0.0026199237015365087
1656,0.0002456196930736248
1660,1.1374718261989524e-05
1662,0.0013534182616707128
1663,0.00024803842148394796
1664,0.0038792867867913578
1665,7.861364533150974e-06
1666,4.92287945275085e-06
1668,1.2784243985901825e-05
1669,4.92287945275085e-06
1671,1.2784243985901825e-05
1672,0.0007842856071486965
1673,0.0007842856071486965
1675,0.0007842856071486965
1677,4.1339731059465485e-05
1678,4.1339731059465485e-05
1679,0.0038871481513245085
1680,0.000740634678113137
1689,0.0592539075562234
1693,0.00010090641892580445
1695,4.5273062856977664e-05
1696,0.00010090641892580445
1697,0.013634167748367438
1698,2.003362659379737e-05
1699,0.009605985998118616
1700,0.0006786073913415869
1701,0.0038006329481957406
1702,0.0038006329481957406
1703,0.0038006329481957406
1704,0.0007756443263370883
1705,4.349974544462835e-05
1706,0.0003227889626605559
1707,0.0005441369050324506
1710,0.00036106017214129825
1711,0.00037502596806860945
1712,0.00037502596806860945
1713,0.0002662215610972448
1715,1.381179355567241e-05
1716,0.003950154438599927
1717,0.001317011348587012
1718,0.001317011348587012
1719,0.0008025759026773024
1720,0.0014098363581362798
1721,0.00018504914369898458
1722,0.00018504914369898458
1723,9.28250095492678e-05
1725,0.0004305249759873598
1726,5.384325051997134e-05
1727,0.004638303682943753
1728,3.7567656316385416e-05
1729,0.004600736026627367
1735,2.3715603158163683e-05
1736,0.00419913062071286
1772,2.299112341249294e-05
1773,1.1333192743522477e-05
1775,1.1333192743522477e-05
1776,3.4324316156015415e-05
1777,4.4771604840643454e-05
1778,4.4771604840643454e-05
1779,6.558283041115734e-05
1781,6.558283041115734e-05
1782,7.253838066190379e-05
1783,0.00016001071529428445
1784,0.00016001071529428445
1785,4.808304460884527e-05
1786,1.60653862028226e-06
1787,0.00011192767068543918
1788,0.00018573574024536766
1789,0.00018573574024536766
1790,6.776739410094982e-05
1791,6.776739410094982e-05
1793,6.505369161832404e-05
1796,0.00020843119812915484
1797,0.00020843119812915484
1798,0.00020843119812915484
1799,0.00020843119812915484
1801,0.0020492973466968854
1802,0.004887492864080104
1803,5.597937815879192e-05
1807,0.008409557963821805
1808,0.008409557963821805
1809,0.008409557963821805
1810,0.008166062615638776
1811,0.008166062615638776
1813,0.00038383543042879424
1814,0.014001823057093908
1815,0.006088338296283558
1817,0.0007807586413002872
1818,0.0007710885070174172
1819,0.0007724619414730626
1820,0.0002294757208819093
1821,1.4497836741965688e-06
1822,1.4497836741965688e-06
1823,2.0999118327274702e-05
1824,2.002502718204318e-05
1826,8.647884302045404e-05
1827,2.002502718204318e-05
1828,8.647884302045404e-05
1829,9.676955973082865e-06
1830,1.0238259508891353e-05
1831,0.00010650387020249723
1832,0.00011767389080072948
1833,1.1170020598232258e-05
1834,1.1170020598232258e-05
1835,0.006088338296283558
1836,0.006088338296283558
1837,0.00023987817371850855
1838,0.00023987817371850855
1839,0.0015230237132383088
1840,0.0013863579415757752
1841,5.872359432549069e-06
1842,0.00014253813109508268
1848,0.013617987626665114
1849,0.013617987626665114
1851,0.013617987626665114
1853,0.013617987626665114
1855,0.013194274521644567
1857,8.784545578588673e-05
1858,0.01213264314394744
1859,7.939845685826067e-06
1860,1.3734344556454965e-06
1861,8.647202133024122e-05
1862,7.680188704737118e-05
1863,0.0007705203817913958
1864,0.0015791802638451138
1865,0.0008086598820537181
1866,0.012140582989633265
1868,0.008404470230350118
1869,0.008404470230350118
1870,0.008404470230350118
1871,0.000668655300901903
1874,1.857577864345285e-05
1875,0.0014313814396270668
1876,0.0010265537515381433
1877,0.0012194458309180496
1878,0.0012194458309180496
1879,0.001855261808098589
1880,0.0007343909632697017
1881,0.0020675786186277294
1882,0.06342496308315183
1883,0.0010685747294567171
1884,0.0012194458309180496
1886,0.03639617080199234
1889,0.0008489769731333675
1890,0.0014619921069333405
1891,0.000684916928608109
1892,0.000684916928608109
1893,0.000684916928608109
1895,9.924827507799225e-05
1896,9.924827507799225e-05
1897,2.2993196806866033e-05
1898,2.2993196806866033e-05
1899,0.002819009418596612
1900,0.0013123337190497546
1901,0.0007760682347477859
1902,0.0005780896356996708
1903,0.0022526868160642507
1904,0.0009636786174609076
1905,0.018124587042861923
1908,0.018124587042861923
1909,0.018124587042861923
1910,0.02001262756634467
1911,0.02001262756634467
1912,0.0009579359289795607
1913,0.0016242641405026772
1914,0.0007841652036861013
1915,0.03573402780353151
1918,0.0012194458309180496
1919,0.0008489769731333675
1920,0.00017397118109713924
1921,0.02774294213131346
1922,0.02929143203248308
1924,0.02774294213131346
1925,0.02774294213131346
1926,0.0004891296786893038
1927,0.00034464572493652946
1928,0.00014448395375277437
1929,0.0003015575732406855
1930,0.027072147679309433
1932,0.000546978863317781
1933,0.0005460780066071082
1934,0.004807053018065171
1935,0.004807053018065171
1936,0.0003343318923440743
1937,0.06638197927935606
1938,0.00043629382896156425
1940,0.004472721125721097
1942,0.00019742051376113684
1943,0.00019742051376113684
1944,0.06549254170177957
1945,0.0008489769731333675
1947,0.00043629382896156425
1948,0.0001350134851108665
1949,0.0011207179136537295
1950,0.06667566664408357
1951,0.0002571183412440406
1952,0.00027670894080381855
1953,0.0003342188092418083
1954,0.0003049563340770181
1955,0.0003110656269141291
1956,0.00013516641628602438
1958,0.030544914912409103
1959,0.028990539386778685
1960,0.02882626136381533
1961,0.028983710808355465
1962,0.0019315964471784684
1963,0.0017070386827099178
1964,0.0015867322306103188
1965,0.0015867322306103188
1966,0.001615994705775109
1967,0.03084376195364901
1968,0.03084376195364901
1972,0.03000227687594631
1973,0.004374455966113095
1974,0.22306930031809186
1975,0.22306930031809186
1976,0.22306930031809186
1977,0.0020633912223284915
1978,0.0020633912223284915
1979,0.0020633912223284915
1980,0.21030871035295118
1981,0.21030871035295118
1982,0.21030871035295118
1983,0.03000227687594631
1984,0.03000227687594631
1985,0.22306930031809186
1986,0.21694689195099442
1987,0.21694689195099442
1988,0.21694689195099442
1989,0.21694689195099442
1990,0.21030871035295118
1991,0.21030871035295118
1992,0.2085969094722599
1993,0.004374455966113095
1994,0.000835591166471742
1995,0.002926369980150913
1997,0.046172672025994184
1998,0.04826345083967335
1999,0.05191129817339631
2000,0.05153294121034166
2001,0.05153294121034166
2002,0.0020173778153376844
2003,0.0010260394680786766
2004,0.0006904903710030266
2005,0.0006904903710030266
2007,0.0003783569630546515
2008,0.0003795503306243592
2009,0.0006856475978708595
2010,0.0005072085710016504
2011,0.02438136558097836
2012,0.028614319465742857
2013,0.02899994993392997
2014,0.02899994993392997
2015,9.896894422164811e-05
2016,0.02488857415198001
2017,0.02488857415198001
2018,0.0007231940686629517
2020,0.05153294121034166
2021,0.05159368453662706
2022,0.024179872048107287
2023,0.0012939457969288898
2024,0.0015990301528313578
2025,0.0020316952027934878
2026,0.002043271884055341
2027,0.001057664501597932
2028,0.0004772552618749926
2029,0.0004772552618749926
2030,0.001074067831239866
2031,0.000985607382457409
2032,0.000985607382457409
2033,0.0005804092397229395
2034,0.0005804092397229395
2035,0.0005804092397229395
2036,0.02882626136381533
2037,0.0010265537515381433
2038,0.0007524270648581374
2039,0.026925312831565625
2040,9.896894422164811e-05
2042,0.00031208750333269503
2043,0.0005211535421932658
2044,0.0005176030947999965
2045,0.0005821828935199315
2046,4.0641001501189494e-07
2047,0.00035924122691723365
2048,0.00035924122691723365
2049,0.0012397889259141241
2050,0.06402580386799779
2052,0.06204308083849861
2053,0.06204308083849861
2054,0.06402580386799779
2055,0.0032891837738128734
2056,0.06402580386799779
2057,0.060933228249178864
2058,0.07128099010190918
2059,0.07029055102497159
2060,0.17752087600177963
2061,0.16602146668212317
2062,0.16859709438739642
2063,0.16859709438739642
2064,0.16675362253708104
2065,0.16675362253708104
2067,0.16675362253708104
2068,0.06960136830686163
2069,0.07029055102497159
2070,0.010767253464698591
2071,0.010767253464698591
2072,0.0018434718503154018
2073,0.007382101776255435
2074,0.007382101776255435
2075,0.0037066958216239454
2077,0.009869539872397649
2078,0.010872961578654949
2079,0.02850399088158228
2080,0.010107434820688288
2081,0.003921147324237935
2082,0.061246079451494566
2083,0.061246079451494566
2085,0.010835150490245086
2086,0.06345053355645229
2087,0.06028343639860903
2088,0.06033058492423379
2089,0.0650797778594128
2090,1.8707193196922902e-05
2092,0.025691439412185012
2093,0.019052812599244448
2094,0.01841523451127148
2095,0.018590802536307165
2096,0.022530683875968554
2097,0.004936886416365586
2098,0.0651383758000052
2099,0.06506107066621587
2100,0.007389055206088345
2101,0.07818860073574031
2102,0.007247949244266244
2103,0.00724620087602319
2105,3.435286494996151e-05
2106,0.012712340186879655
2107,0.012712340186879655
2108,0.00771520185802659
2109,4.7148525624764e-05
2110,0.007668053332401826
2111,1.8754841976641068e-05
2112,0.0715121341099932
2113,0.0006634245148008508
2114,0.0003830487574437089
2115,0.0003830487574437089
2116,0.0003830487574437089
2117,0.0021799094624913684
2118,0.0011583967015821237
2119,0.00368078478042657
2120,0.004594726568634762
2121,0.0036630584510423873
2122,0.0003830487574437089
2123,0.06310313860184816
2124,0.06310273785807788
2125,0.03724677039819933
2126,0.03707285271215745
2127,0.036988940846368536
2128,0.061246079451494566
2129,0.02899679893369197
2130,0.00035195052253167506
2131,0.0005051327462788394
2132,0.0005051327462788394
2133,0.04212170942079001
2134,0.04212170942079001
2135,0.041236699662055
2136,0.041236699662055
2137,0.04110592229634235
2138,0.0002151262062060701
2139,0.000465991769354552
2140,0.0004031089443469805
2141,0.0003048906224383033
2142,0.06151985533421474
2143,0.10136929655837534
2144,0.0003048906224383033
2145,0.060396467084005326
2146,0.0026267405983136003
2147,0.0026267405983136003
2148,0.06151985533421474
2149,0.061493840200351896
2150,0.004571255099964476
2151,0.004571255099964476
2152,0.004571255099964476
2153,0.004577896050753382
2154,0.004577896050753382
2155,0.00011587641489400418
2156,0.000775808780160905
2157,0.0007464327962208025
2158,0.0007795852632793348
2159,0.0007696888115601122
2160,0.0007696888115601122
2161,0.005451153803506535
2162,0.0003818777464246301
2163,0.0032891837738128734
2164,0.13183988960197784
2165,0.1315567993792047
2166,0.0036101113267486664
2167,0.003271991822124427
2168,0.12685785876049557
2169,0.0005953094826120982
2170,0.0030758653356212644
2171,0.018653612397223785
2172,0.01955336909381478
2173,0.01955336909381478
2174,0.00044911461751465093
2175,0.00021959483242553913
2176,0.018509203301784714
2177,0.06194949921008733
2179,0.06314378850829795
2180,0.06395650140609992
2182,0.06402580386799779
2183,0.06402580386799779
2184,0.000899756696590994
2185,0.0030345507048637793
2186,0.0030345507048637793
2187,0.13183988960197784
2188,0.1731303180067024
2189,0.0026154904329135312
2190,0.02491196472562099
2191,0.025014907911144635
2192,0.0006688535736834232
2193,0.002407805159278205
2194,0.00042276477265448803
2195,0.0005285538635264113
2196,0.0010816970861397624
2197,0.0031007075954205157
2198,0.0055151018587815594
2199,0.0004218074181777062
2200,0.00011587641489400418
2201,0.06204375971434084
2202,0.0010924560548495354
2203,0.017970082021675843
2204,0.1272421762011201
2205,0.0023392698516626364
2206,0.011085486884232103
2207,0.028854997953893728
2208,0.05958662260232469
2209,0.05641398416671383
2210,0.03433385601027261
2211,0.028039255465496214
2212,0.028039255465496214
2213,0.01370976299551384
2214,0.00827477602013024
2215,2.644231891341345e-06
2216,0.0004188838064403618
2217,0.004539809257382839
2218,0.0018181113576475215
2219,0.0013922303010083243
2220,0.0001366657716625336
2221,0.0005452210303221956
2227,4.8385248893895686e-05
2228,0.0005830543814505564
2229,2.3156212713972585e-05
2230,0.01053596187261523
2231,4.996289919628556e-07
2232,0.0003692380657009889
2233,0.010535462243623268
2234,0.010624738204537295
2235,0.0002799621047869623
2236,0.00035147752555748983
2237,0.010492905598168243
2238,0.004887492864080104
2239,0.008011828960532295
2240,4.379283006922649e-05
2241,3.1970007015725715e-05
2242,0.007858536445581219
2243,0.00010949968488184865
2244,8.501628570163451e-05
2245,0.000606210594164529
2246,0.006935854117514763
2247,6.080826811730574e-05
2248,6.080826811730574e-05
2249,0.00010739861530038759
2250,0.00010739861530038759
2251,0.00020843119812915484
2252,0.0055151018587815594
2253,0.018728798134210252
2254,0.018426402945992668
2255,0.00047215690229018923
2256,0.0046919079904752655
2257,0.004577896050753382
2260,0.00026661669627031106
2261,0.032667902254566596
2262,7.85533627714056e-05
2263,0.010559118085329203
2264,0.006688629167168929
2265,0.003921147324237935
2266,0.00010650387020249723
2267,0.02877738337759311
2268,0.0026760408784357193
2269,0.0003023287449393806
2270,0.00015727924626987715
2271,0.0057096893771343875
2272,0.24664651323999898
2289,0.00024776708160927395
2290,0.00039152510084656394
2291,0.0003715024383532232
2292,4.4231072969777136e-05
2293,0.00024776708160927395
2294,0.00032727136538344607
2295,1.0433694624314322e-06
2302,0.0003262279959210146
2303,0.0003262279959210146
2305,0.0003262279959210146
2309,0.00024776708160927395
2317,0.06516193410691873
2318,0.06516193410691873
2319,0.011217594601126434
2320,3.267058963882963e-05
2321,3.267058963882963e-05
2322,0.00020843119812915484
2323,0.00020843119812915484
2324,3.1510748047185858e-06
2325,3.1510748047185858e-06
2326,3.1510748047185858e-06
2327,3.3681441004881056e-06
2329,6.101159958917905e-06
2331,2.4670827402654543e-06
2338,0.0047055480386292495
2339,0.0030683959541194746
2350,0.07104461511156718
2351,0.011303278432493997
2352,0.0011577475601331523
2353,2.6480233010057654e-05
2354,0.0031928219452977634
2357,0.003219302178307821
2358,0.003219302178307821
2364,0.001563972351292031
2365,0.0031928219452977634
2366,0.01246102599262715
2367,0.00118422779314321
2368,0.0641418178948106
2371,3.267058963882963e-05
2372,0.003219302178307821
2374,0.003219302178307821
2375,6.101159958917905e-06
2376,3.3681441004881056e-06
2377,3.3681441004881056e-06
2378,9.010613602226515e-07
2379,9.010613602226515e-07
2380,9.010613602226515e-07
2381,7.55497106223304e-06
2384,7.55497106223304e-06
2385,7.55497106223304e-06
2386,1.5980134282743715e-06
2388,5.956957633958668e-06
2389,5.956957633958668e-06
2390,6.101159958917905e-06
2391,6.279233700996314e-06
2392,1.5980134282743715e-06
2396,0.03000227687594631
2397,0.0005476901633581687
2398,0.0017949038474899535
2399,0.019082642882136007
2400,0.019082642882136007
2402,0.0006931217712552415
2403,0.005656213356616866
2404,0.010181144112324621
2405,0.010174020839458441
2406,7.3799493345975655e-06
2407,0.0019139485197538966
2408,0.0019139485197538966
2409,0.0005696929283662421
2410,0.0019068252468877154
2411,0.007211732922501206
2412,0.024198770587410597
2413,0.0013371323185214733
2414,0.0013371323185214733
2415,0.022162188876475027
2416,0.0020633912223284915
2418,0.00550999646286079
2419,0.00550999646286079
2420,0.22806568056004542
2424,0.022162188876475027
2425,0.03000227687594631
2427,0.011857740547483895
2428,0.011857740547483895
2429,0.011857740547483895
2430,0.0006931217712552415
2431,0.002148118678566339
2433,0.002148118678566339
2434,0.0007050589342064229
2435,0.0012182261945810368
2441,0.017933102782465696
2442,0.0006931217712552415
2443,0.0006931217712552415
2444,0.0060482895453913745
2468,0.02080270045014821
2472,7.22955558749687e-05
2473,0.00018629880828459707
2476,0.003413920291520504
2479,0.003413920291520504
2481,0.0010808740169939396
2482,0.004859759544346095
2484,0.004859759544346095
2485,0.0010308412077534327
2486,0.0010207211819361428
2487,4.7159253897429204e-06
2488,2.179535245803517e-05
2489,1.0250686012626107e-05
2490,9.356806751192867e-08
2491,0.0005488107824905612
2492,4.8904845244694255e-05
2493,5.915553125732036e-05
2494,0.0010252277446239249
2495,3.243425151232199e-05
2496,2.0748936384067536e-05
2497,7.008660615737938e-05
2498,0.005298196938881991
2499,0.00011664539355781354
2500,0.005121455900612433
2501,0.005121455900612433
2502,0.0070673353324446206
2503,0.0070673353324446206
2504,0.0032409996139862855
2505,0.0029903994656238974
2506,0.002118901472308249
2509,2.046382185650918e-06
2510,2.046382185650918e-06
2512,0.024592546844176853
2513,0.019811979556306713
2516,0.00043965462360533544
2517,7.321825752891859e-05
2518,6.689495767104704e-05
2519,0.002094964142730462
2520,0.0026603301773963886
2522,0.0006480472830486097
2523,0.0006601616335825522
2524,0.0004772552618749926
2534,0.025424692755156207
2535,0.0007387377690275409
2536,5.915553125732036e-05
2538,5.915553125732036e-05
2539,0.003887378077671241
2540,0.003887378077671241
2541,0.003846835587120659
2542,8.650079420437417e-06
2544,4.403186444446526e-06
2545,5.363533597876388e-05
2546,0.0009908125085682155
2547,5.803852242321041e-05
2548,0.0004296932541111894
2549,0.00014906642309991236
2551,4.054249055058224e-05
2552,0.0012331515888602115
2553,3.555003296061447e-05
2554,0.0008774027604071811
2555,1.994889992877969e-05
2556,2.8346848179355783e-05
2557,1.7683177078587182e-06
2558,1.0984408512495777e-05
2559,0.00016262120044842774
2560,6.7116317965256805e-06
2561,2.046382185650918e-06
2562,0.014306305495761094
2563,0.0009679366636390908
2564,8.650079420437417e-06
2565,9.406181222625806e-06
2566,0.00013783239175418162
2567,6.862265153452491e-05
2568,1.7775558423245506e-05
2569,5.08470931112794e-05
2570,0.002784421599771284
2571,1.9214361011700696e-05
2572,3.650174906637112e-06
2573,0.02459619701908349
2574,1.5564186105063582e-05
2575,0.02060494624402768
2576,9.423774706165392e-07
2577,1.3506991926477087e-05
2579,0.019811979556306713
2580,0.019811979556306713
2581,1.4449369397093628e-05
2582,1.4449369397093628e-05
2587,0.0040031647862542345
2588,0.0040031647862542345
2591,0.0032513026951743644
2593,0.0006258761021677294
2594,0.00014862084029273684
2595,0.00014862084029273684
2597,0.001074067831239866
2598,0.001074067831239866
2599,0.0013015381395830585
2614,1.4449369397093628e-05
2615,0.0008119887123246974
2616,0.0019685496716901098
2617,0.0020834270320270617
2618,0.02411239200537033
2619,0.021937604117944383
2620,0.0008557852995124793
2621,0.0025581349920080244
2622,5.09137457479887e-05
2623,0.0010163196381736148
2624,5.693655747895524e-06
2625,1.914278026314567e-06
2628,2.1309823697785844e-05
2629,2.1309823697785844e-05
2630,2.1309823697785844e-05
2632,4.380187066879585e-05
2633,4.380187066879585e-05
2634,4.380187066879585e-05
2635,1.617401866479866e-06
2636,1.617401866479866e-06
2637,1.4609056320565957e-06
2638,1.4609056320565957e-06
2641,1.4609056320565957e-06
2642,1.4609056320565957e-06
2643,5.941803861868617e-05
2644,5.941803861868617e-05
2645,5.941803861868617e-05
2646,5.941803861868617e-05
2652,5.852069601142438e-06
2653,3.429492490516272e-05
2655,3.700940365495697e-05
2656,2.9878545652971257e-05
2657,3.5527235536100756e-05
2658,2.163868235576009e-05
2659,2.163868235576009e-05
2660,7.86445154917685e-05
2661,5.941803861868617e-05
2664,5.7005833136008405e-05
2665,5.7005833136008405e-05
2667,5.7005833136008405e-05
2668,5.7005833136008405e-05
2669,5.7005833136008405e-05
2670,5.7005833136008405e-05
2671,5.7005833136008405e-05
2681,2.7144787497942534e-06
2682,2.7144787497942534e-06
2684,8.566548350936692e-06
2686,4.3094220217553785e-05
2687,4.3094220217553785e-05
2688,5.203666412286481e-05
2689,8.942443905311028e-06
2692,6.911612722705793e-06
2693,4.4648666605180936e-05
2694,3.125400487682926e-05
2695,2.231156097151823e-05
2696,8.942443905311028e-06
2700,1.0864063969672398e-05
2701,7.414968520769391e-05
2702,5.642642753295354e-05
2703,1.772325767474037e-05
2704,2.780640977712367e-06
2705,5.8886665517386004e-05
2707,6.936574393038954e-05
2708,3.466183957282681e-06
2709,6.10649123830761e-05
2710,1.3748727523764822e-06
2711,6.243978513545259e-05
2712,6.243978513545259e-05
2713,1.312820973286924e-05
2714,1.312820973286924e-05
2717,6.195424517284617e-05
2718,4.7298899077093015e-05
2719,2.9224981140013754e-05
2720,2.9224981140013754e-05
2721,1.1101814766280003e-05
2722,8.731982364474909e-06
2723,3.373148279312469e-05
2724,2.499950042864978e-05
2725,2.499950042864978e-05
2726,2.026394966589238e-06
2730,2.369832401805094e-06
2733,5.599113405770852e-06
2734,5.599113405770852e-06
2735,5.599113405770852e-06
2736,5.599113405770852e-06
2737,7.968945807575946e-06
2738,1.804366066802027e-05
2739,2.467160667694541e-05
2740,4.3703965190718255e-05
2741,7.160740454716819e-07
2742,1.804366066802027e-05
2743,2.0332519789244115e-05
2744,2.5962081498959694e-05
2745,2.5962081498959694e-05
2746,2.467160667694541e-05
2747,3.1870969917834124e-06
2749,7.071626298979635e-06
2751,7.071626298979635e-06
2752,7.160740454716819e-07
2753,1.8966221697691288e-06
2754,1.547150214806031e-05
2755,1.547150214806031e-05
2756,1.547150214806031e-05
2757,1.547150214806031e-05
2758,1.547150214806031e-05
2759,5.346387551018416e-05
2760,4.0214109578958244e-05
2761,4.0214109578958244e-05
2762,3.7302711979721e-05
2770,4.716032439995879e-06
2775,1.232396621420597e-05
2777,1.232396621420597e-05
2778,1.232396621420597e-05
2779,1.232396621420597e-05
2780,1.232396621420597e-05
2781,6.471896613063532e-06
2782,3.429492490516272e-05
2783,5.852069601142438e-06
2784,1.8915490154877502e-05
2785,2.235674321691595e-05
2786,2.780657530103695e-05
2788,6.911612722705793e-06
2789,1.6374731461785194e-05
2791,6.911612722705793e-06
2792,1.3644704947384767e-05
2793,1.8271353631554322e-05
2794,7.868412220178105e-06
2795,7.868412220178105e-06
2796,2.047369959269166e-05
2797,2.047369959269166e-05
2812,6.822914342947224e-06
2813,6.822914342947224e-06
2814,6.713254965193748e-06
2815,1.6123029847793048e-05
2816,2.2927225564265707e-05
2819,1.4235466700348655e-05
2820,1.4235466700348655e-05
2821,9.519434260352777e-06
2822,9.519434260352777e-06
2823,9.519434260352777e-06
2824,1.0965937775347519e-07
2825,9.4097748825993e-06
2828,4.716032439995879e-06
2829,4.716032439995879e-06
2830,4.716032439995879e-06
2831,4.716032439995879e-06
2839,5.693655747895524e-06
2841,5.693655747895524e-06
2843,2.460237984432464e-06
2845,2.369832401805094e-06
2853,1.8966221697691288e-06
2854,7.522960839085858e-06
2855,1.2950738753605801e-05
2860,0.0010314826655420343
2861,0.0024303138077789057
2862,0.0006931217712552415
2863,0.0006931217712552415
2865,0.019362540888919352
2866,0.0060482895453913745
2867,0.01611033113502611
2868,0.001960412250049028
2870,3.973980326732963e-07
2871,0.000565919838934146
2872,0.003849839627799862
2873,7.321825752891859e-05
2874,7.321825752891859e-05
2875,0.013266253061653096
2877,0.013200205885279747
2880,0.013266253061653096
2884,0.013266253061653096
2885,0.013266253061653096
2886,0.013266253061653096
2888,0.013320682241480333
2890,0.013320682241480333
2891,0.013320682241480333
2892,0.013320682241480333
2893,0.013320682241480333
2894,0.013320682241480333
2900,0.013966366583972524
2902,0.013407054780592476
2903,0.013407054780592476
2904,0.013407054780592476
2905,0.013353463321883648
2906,0.013353463321883648
2907,0.013320682241480333
2910,0.0005767413765423165
2911,9.472195258891074e-05
2912,0.0016860684198369835
2914,0.0016860684198369835
2915,0.0016228755821379804
2916,8.231474056876591e-05
2930,0.013966366583972524
2934,0.013966366583972524
2936,0.013407054780592476
2937,0.013407054780592476
2939,0.013966366583972524
2940,0.013966366583972524
2941,0.013966366583972524
2946,0.013966366583972524
2947,0.013966366583972524
2948,0.013966366583972524
2950,0.013966366583972524
2951,0.013966366583972524
2952,0.013966366583972524
2954,0.013966366583972524
2955,0.013966366583972524
2956,0.013966366583972524
2958,0.013966366583972524
2959,0.013966366583972524
2961,0.013966366583972524
2962,0.013966366583972524
2963,0.012226090028474641
2964,0.0017402765554978832
2966,0.0017402765554978832
2967,0.0017402765554978832
2969,0.0005767413765423165
2970,0.0016592690743517905
2972,0.0016860684198369835
2973,0.0016860684198369835
2974,0.0016860684198369835
2975,0.0016228755821379804
2976,0.0016228755821379804
2978,0.013848965610612623
2983,0.013848965610612623
2984,0.013848965610612623
2985,0.013848965610612623
2986,0.013848965610612623
2987,0.013848965610612623
2993,0.013848965610612623
2994,0.013848965610612623
2995,0.013848965610612623
2996,0.013688633858367478
2997,0.00016033175224514358
2998,0.00016033175224514358
2999,4.7159253897429204e-06
3000,0.000565919838934146
3001,0.0041101891148603
3002,6.460423286169025e-05
3003,1.811417715960762e-05
3004,0.001977637409902355
3005,0.0025595071419597703
3006,0.00015767788635976076
3009,0.0022757107052146105
3010,6.822914342947224e-06
3011,4.354653122978528e-05
3012,4.054249055058224e-05
3017,3.243425151232199e-05
3018,0.0008119887123246974
3019,5.08470931112794e-05
3021,6.243978513545259e-05
3022,6.243978513545259e-05
3023,0.00011090474364109227
3024,0.00016269885801306315
3025,2.231156097151823e-05
3026,2.231156097151823e-05
3028,0.0005663172369668193
3030,7.91300820888876e-06
3033,0.013200205885279747
3034,0.006638884226715738
3035,0.006638884226715738
3036,0.006638884226715738
3037,0.006638884226715738
3038,0.00036362588666231444
3039,0.0003315274791715559
3040,0.001009660764456039
3041,5.241210978198713e-05
3045,0.0001520749289758605
3046,0.001981620394412736
3047,4.55838793753591e-05
3048,4.55838793753591e-05
3049,6.830226580741483e-05
3050,6.830226580741483e-05
3051,0.001981620394412736
3052,0.001981620394412736
3053,0.001981620394412736
3054,0.001981620394412736
3055,0.000102102231120798
3056,0.000102102231120798
3058,0.0005452210303221956
3059,0.0005510933897547446
3060,0.000102102231120798
3061,0.0014039052055449157
3062,0.0014224809841883687
3070,0.0014039052055449157
3073,0.0014224809841883687
3074,0.0014039052055449157
3075,0.0014039052055449157
3085,0.0019405677290902008
3086,0.0019605647852423426
3087,6.792777266257447e-05
3088,1.9579426926948658e-05
3089,0.0007722382035859603
3090,0.0004745497885645673
3091,0.0004764369224700729
3092,0.0004745497885645673
3093,0.0005322104060973465
3094,0.00047821571249821704
3095,0.00047821571249821704
3096,0.0002983180768106052
3097,2.90900751191639e-05
3098,0.0030010429216417306
3099,1.4066366955035213e-05
3100,6.280576678556236e-06
3101,6.403269056978461e-06
3102,6.128296327299255e-05
3103,1.608906484638112e-05
3104,1.5815765765371967e-05
3105,0.00032336910249715616
3106,1.5176827862729434e-05
3107,1.2658421606126037e-06
3108,1.2658421606126037e-06
3109,3.895228698268254e-06
3110,0.006561321658564008
3111,0.005619809320969282
3112,0.0002130279070765638
3113,0.0002130279070765638
3114,0.001074067831239866
3115,5.290785036641321e-05
3116,5.290785036641321e-05
3118,5.241210978198713e-05
3119,5.241210978198713e-05
3130,6.159507571242514e-05
3132,0.00016514352326716446
3133,0.0001520749289758605
3142,0.0003099959582661928
3143,0.00024104187438998435
3144,5.290785036641321e-05
3145,5.290785036641321e-05
3147,5.290785036641321e-05
3148,8.765832715214623e-05
3149,0.005563357551011427
3150,0.0003931168033658448
3151,0.004571255099964476
3152,6.792777266257447e-05
3153,0.00013046665214690284
3155,0.013819100510514382
3157,0.0014039052055449157
3158,1.6722521756244987e-06
3160,1.4066366955035213e-05
3161,1.4189059333457438e-05
3162,2.034694363359145e-05
3163,2.034694363359145e-05
3164,6.059211582864213e-05
3165,2.0226978913459077e-06
3166,5.311397155565186e-06
3167,5.311397155565186e-06
3168,5.311397155565186e-06
3169,2.149088005917485e-06
3170,1.6986381149583225e-05
3171,1.2658421606126037e-06
3172,2.7417822943539403e-05
3173,0.00031208750333269503
3175,2.95618505242255e-07
3176,7.653037950083926e-07
3179,1.9648894659814552e-07
3181,7.045279346492065e-07
3182,4.313315914812144e-07
3183,4.696852897661377e-07
3184,8.913919746636913e-07
3186,8.913919746636913e-07
3187,8.913919746636913e-07
3194,3.7208678601324087e-06
3195,3.7208678601324087e-06
3196,3.1488338706688427e-06
3198,0.00034593783621142285
3203,1.0193946668843294e-06
3204,4.6295938135860375e-06
3205,4.6295938135860375e-06
3208,0.0018995228535199748
3209,0.001922735963137726
3210,1.0193946668843294e-06
3211,1.0193946668843294e-06
3212,0.0019006843495907096
3214,1.421014038503129e-07
3215,0.0018995228535199748
3216,0.0018995228535199748
3217,3.805040684251154e-05
3219,0.0015628449708597132
3220,0.0015596961369890444
3221,3.7208678601324087e-06
3222,0.001833098987761504
3225,0.001833098987761504
3228,0.07104461511156718
3229,0.07104461511156718
3230,0.011690661689608889
3231,0.0002947772147356487
3232,0.00047306708848245376
3233,0.011217594601126434
3234,0.0001347934277102664
3235,0.0010494343654329436
3237,0.00044787672916733783
3238,0.0003130833014570714
3239,0.004008325511756674
3240,0.00026119026115160193
3241,0.00026304800160874227
3242,0.004534708049805281
3243,0.0007875727992002093
3244,0.009344163520049029
3245,0.005337851633249305
3246,0.0038894323165755036
3247,0.004247562846079823
3248,0.004375006617347386
3249,0.004375006617347386
3250,0.0010328692287140634
3251,0.005630449360334297
3257,3.267058963882963e-05
3258,3.267058963882963e-05
3260,3.267058963882963e-05
3264,0.002061741629348886
3265,6.815328428925934e-05
3266,3.0181633321533703e-07
3269,0.0004594809713503829
3270,0.0004492860904908771
3271,0.0004472410969679149
3275,0.006144923841485105
3277,0.0008528298885792807
3279,0.0008528298885792807
3280,0.0008528298885792807
3281,0.0008528298885792807
3282,0.0008528298885792807
3286,5.496236721470345e-05
3287,0.000900109484623749
3288,0.0007157049267650468
3289,0.0007157049267650468
3290,0.00045080336517759487
3291,0.00045080336517759487
3292,0.00045080336517759487
3293,1.4284867905430195e-05
3294,1.580214259214797e-05
3296,2.044993522962205e-06
3297,0.0004472410969679149
3302,1.5595816538565064e-05
3304,0.000125938822626864
3305,0.00018440455785870215
3306,8.816727718262635e-05
3308,8.816727718262635e-05
3312,0.0008528298885792807
3313,0.0011177314501667327
3314,0.0011177314501667327
3315,0.0011177314501667327
3318,1.8713759166073045e-05
3321,0.00039895251053657276
3322,0.00039895251053657276
3325,2.2656944312335486e-06
3326,1.4284867905430195e-05
3327,1.4284867905430195e-05
3331,0.00039895251053657276
3333,0.00039895251053657276
3335,0.00013001426917852817
3336,0.00013001426917852817
3337,0.00013001426917852817
3338,0.0011026208119595212
3339,0.0024920526052549987
3341,0.0002454415606100463
3342,0.0002454415606100463
3343,4.777248149835543e-06
3345,0.005911000617749808
3346,0.0059062233695999725
3347,4.777248149835543e-06
3349,2.4770392580980587e-05
3350,2.4770392580980587e-05
3351,2.4770392580980587e-05
3356,0.03299961028516734
3359,0.0065526787658521796
3362,0.006144923841485105
3366,0.00046595485613398795
3367,2.4770392580980587e-05
3368,0.00044118446355300735
3369,0.00044118446355300735
3373,0.00046595485613398795
3374,1.8713759166073045e-05
3378,0.0005519374665089597
3379,0.0004472410969679149
3380,0.00010469636954104478
3381,0.006144923841485105
3382,0.0005519374665089597
3383,0.00624962021102615
3384,0.00624962021102615
3385,0.007367351661192882
3392,1.8713759166073045e-05
3393,1.8713759166073045e-05
3394,1.8713759166073045e-05
3399,0.0323863887399743
3400,0.0323863887399743
3401,0.03299961028516734
3402,5.868430450339316e-05
3408,0.12710891861481377
3410,0.0009941591871350515
3415,0.0009941591871350515
3416,0.0004338788408993062
3417,0.0004338788408993062
3421,0.0004338788408993062
3422,0.0004338788408993062
3429,2.6598408971518077e-05
3430,2.6598408971518077e-05
3440,0.0005602803462357452
3441,0.0005602803462357452
3442,2.8205223800949698e-05
3445,6.503111495294442e-05
3446,6.503111495294442e-05
3450,0.0012905672691025686
3453,0.0005310043197051704
3456,0.00018232789794895085
3458,0.00018232789794895085
3460,3.9727010505999974e-05
3461,3.9727010505999974e-05
3462,8.415521132022699e-05
3465,0.000657950281372436
3466,8.415521132022699e-05
3470,0.0002375576117945738
3471,0.00023852861108925188
3472,0.0007959936788739952
3475,1.5350583096154413e-05
3476,0.016775949293506322
3477,0.017936482374152442
3478,0.017935511374857764
3479,0.00017016254405807028
3480,0.00020742771958284821
3481,0.00020742771958284821
3483,6.844094926968032e-08
3485,8.415521132022699e-05
3486,8.415521132022699e-05
3487,0.0005310043197051704
3489,0.00027973974545068657
3490,0.0009351960884310042
3491,0.0009351960884310042
3493,0.0005663883276370361
3494,3.137156303986271e-05
3495,0.0024233402412960825
3496,0.0010886074165230358
3497,0.0010886074165230358
3498,0.0003592131656075696
3499,0.0003592131656075696
3503,0.0005199952023783765
3504,0.0001549048390600632
3505,6.924166500417788e-06
3507,4.857564470003468e-05
3508,0.00043532760710868147
3509,0.000723978056882548
3511,0.0003306760176351972
3514,0.00015398064020613305
3515,0.0018437668148376123
3516,0.0008024168898944954
3517,0.0005326769588412709
3518,0.00015398064020613305
3519,0.001085352603612412
3521,0.001085352603612412
3522,0.0024522793765995015
3523,0.00019547015269483545
3524,0.0022568092239046663
3525,0.003993236706398159
3527,8.71478656791611e-05
3540,0.0003347121615597096
3541,0.0001716239264512087
3542,0.0038777957191267996
3543,0.005576904434878433
3551,6.088483715319982e-06
3552,0.0020731468140732135
3553,0.0011057780216574369
3554,5.860687113460314e-05
3555,0.0010259756635503797
3558,5.860687113460314e-05
3560,6.274060923393403e-05
3561,5.980479578351571e-05
3562,0.0010259756635503797
3563,1.1800428484252939e-05
3564,1.1800428484252939e-05
3565,0.0010259756635503797
3566,0.0010532596342381537
3567,0.0010650600627224067
3568,9.356806751192867e-08
3569,1.0250686012626107e-05
3570,9.356806751192867e-08
3572,0.0003820032880184823
3573,5.860687113460314e-05
3575,0.0004292958560785161
3576,3.0040406792030383e-06
3581,8.179517670149833e-06
3586,2.2228252247326051e-07
3592,1.0433694624314322e-06
3593,0.04570478602275291
3594,0.00011642489995923875
3598,0.022202845338484708
3599,0.00562967489912458
3600,0.010332513077051821
3601,0.0006428712914431886
3602,0.04558836112279367
3604,0.0006428712914431886
3606,0.0006428712914431886
3610,0.00562967489912458
3611,0.005748943438747115
3613,0.022202845338484708
3617,0.022129183094864516
3618,0.007012137137868107
3620,0.005748943438747115
3624,0.0012980019264367214
3626,0.0069248470665271705
3627,2.6961445046099814e-05
3628,0.04558836112279367
3629,0.055893912754799394
3632,0.055893912754799394
3635,1.0433694624314322e-06
3636,1.0433694624314322e-06
3638,0.0025039364598403533
3640,0.00829841452171096
3642,0.00829841452171096
3643,0.00829841452171096
3647,5.4913897920158624e-05
3648,0.0005268621628857918
3649,0.00014233583374286243
3650,0.0006691979966286542
3652,0.0008690541947076141
3653,0.0008408073240458517
3655,6.640950788906737e-06
3656,6.640950788906737e-06
3661,4.7291743744997506e-05
3665,0.00041023768245985445
3666,0.0008408073240458517
3668,0.0006101273205164822
3669,2.937598394010249e-05
3671,0.0005807513365763797
3672,9.896451719222582e-06
3674,0.019065591650128236
3675,0.0185140057575181
3676,0.0025233152493466474
3677,0.0025233152493466474
3681,0.013096197624818085
3682,0.013096197624818085
3688,2.2656944312335486e-06
3689,0.0009726065427809931
3690,0.00013001426917852817
3691,0.0023620383360764704
3693,0.0029206060395259455
3694,0.0029206060395259455
3695,0.00013757829524808186
3696,0.0028250015179586327
3697,0.0002454415606100463
3698,0.0009726065427809931
3699,0.004963877336448899
3700,0.004963877336448899
3701,0.004963877336448899
3702,0.004817024879739828
3703,0.010723248249339802
3706,0.0059062233695999725
3707,0.03744687476128502
3709,0.00020207514124085359
3711,0.0033346448788574637
3712,0.0009726065427809931
3713,0.003531942771948482
3714,0.003531942771948482
3715,0.0036378347428224537
3716,0.00010589197087397192
3717,0.00010589197087397192
3720,0.00010589197087397192
3724,0.007367351661192882
3726,0.0019241614225953615
3727,0.0059062233695999725
3728,0.0019193841744455258
3729,2.9985884523589906e-05
3733,0.0016640502940346177
3737,0.006989488659447986
3739,0.00010469636954104478
3741,1.6685379944810467e-05
3746,1.442672789683322e-05
3747,0.00028134268181921704
3748,1.0983267920882526e-05
3751,2.708067768063131e-05
3752,1.0983267920882526e-05
3753,1.0983267920882526e-05
3756,5.704508882230989e-07
3760,1.5086430392723488e-06
3765,9.7499683597407e-06
3766,1.8098103792964578e-06
3767,0.00020734737750056353
3768,0.00023378419977424823
3769,0.00044044252650348294
3770,0.00044044252650348294
3771,1.5086430392723488e-06
3773,2.6418448227087506e-05
3774,2.2288753616891535e-05
3775,2.1892299738039015e-05
3776,2.1892299738039015e-05
3777,2.1892299738039015e-05
3778,1.4691474936527332e-06
3779,1.0578682535216942e-06
3780,4.067064660604535e-06
3781,3.4851670783473618e-06
3782,3.4851670783473618e-06
3783,1.481288831309259e-05
3784,1.481288831309259e-05
3788,1.223987438246799e-05
3789,3.0181633321533703e-07
3790,8.816727718262635e-05
3793,8.816727718262635e-05
3794,8.816727718262635e-05
3798,0.00011233635299449158
3800,0.00011233635299449158
3802,0.0003105603437389644
3803,0.0003105603437389644
3804,6.020607017871353e-05
3805,5.869742713944118e-05
3806,5.869742713944118e-05
3807,1.2146091223091112e-06
3809,0.0003090517006996921
3814,0.00013139737321800444
3815,2.9908145452719284e-06
3816,2.9908145452719284e-06
3817,4.562311796071725e-06
3818,1.648071606987359e-06
3821,1.648071606987359e-06
3822,0.00027191485189283487
3823,0.00023829976714135739
3824,0.00023378419977424823
3825,0.00023378419977424823
3829,2.0872103821738576e-05
3830,1.8162454229635867e-06
3831,0.00029399777531740934
3832,4.2058124785939465e-06
3833,4.2058124785939465e-06
3836,5.832374099389932e-05
3837,5.288841847363675e-05
3840,1.8162454229635867e-06
3842,2.3524673604321097e-06
3843,1.1040934234929539e-05
3844,2.478216354855449e-05
3845,2.478216354855449e-05
3846,1.8162454229635867e-06
3856,1.3741229313624953e-05
3862,6.503111495294442e-05
3863,6.503111495294442e-05
3866,6.503111495294442e-05
3867,1.3741229313624953e-05
3868,0.0002584408243560519
3871,8.688466874497428e-06
3873,8.688466874497428e-06
3874,2.3524673604321097e-06
3875,5.435322520262575e-06
3876,5.435322520262575e-06
3878,5.832374099389932e-05
3879,5.288841847363675e-05
3880,5.288841847363675e-05
3882,5.288841847363675e-05
3887,4.2058124785939465e-06
3888,2.9142401890843666e-06
3889,8.597090321787427e-07
3890,3.364067007586495e-05
3891,3.361508475147745e-05
3892,4.5155673671091465e-06
3893,1.822193669690945e-05
3894,1.822193669690945e-05
3895,1.822193669690945e-05
3897,0.00020695949406925878
3898,0.00020846813710853114
3899,1.5086430392723488e-06
3900,1.5086430392723488e-06
3901,2.7186893324942445e-05
3902,2.721247864932994e-05
3903,0.00020695949406925878
3904,2.2737504064018596e-05
3905,2.5585324387494715e-08
3906,2.508169450179009e-06
3907,0.0001284065586727325
3908,0.0001309147281229115
3909,0.00032991329368684674
3910,1.2146091223091112e-06
3911,2.8112969052839942e-06
3912,1.5966877829748833e-06
3913,1.5966877829748833e-06
3914,1.2146091223091112e-06
3915,1.5966877829748833e-06
3923,0.00011233635299449158
3924,0.00011233635299449158
3929,2.416907581186523e-05
3930,8.816727718262635e-05
3931,9.711665005972026e-06
3932,9.7499683597407e-06
3933,9.7499683597407e-06
3934,5.704508882230989e-07
3935,6.08754241991775e-07
3937,0.0010195550835141408
3938,0.0007345838796887963
3940,2.6692315538571967e-05
3941,3.27809610436862e-05
3942,1.648071606987359e-06
3944,1.8162454229635867e-06
3946,1.8162454229635867e-06
3947,1.8162454229635867e-06
3949,1.8162454229635867e-06
3952,1.5086430392723488e-06
3953,0.0002584408243560519
3954,8.688466874497428e-06
3955,0.0002671292912305494
3956,1.822193669690945e-05
3957,1.8996066891845388e-05
3958,1.8996066891845388e-05
3959,1.8996066891845388e-05
3963,0.0005602803462357452
3964,0.0005602803462357452
3967,2.7725452341764302e-05
3968,2.7725452341764302e-05
3970,2.7725452341764302e-05
3971,2.7725452341764302e-05
3972,0.0005607601176949306
3973,0.0005607601176949306
3974,0.0005607601176949306
3976,0.0005607601176949306
3977,0.0005607601176949306
3979,8.451723876960548e-07
3980,1.4691474936527332e-06
3981,1.0578682535216942e-06
3982,3.9645387885251835e-07
3983,9.7499683597407e-06
3984,1.1559778739037158e-05
3985,1.8098103792964578e-06
3986,3.895723348423834e-05
3987,4.07670438635348e-05
3988,0.0005454280107553539
3989,0.0005454280107553539
3991,1.934759077660624e-05
3993,3.4851670783473618e-06
3994,4.067064660604535e-06
3996,4.067064660604535e-06
4001,1.8585565455489316e-05
4002,1.934759077660624e-05
4003,7.620253211169236e-07
4005,1.8585565455489316e-05
4008,3.176370800972177e-06
4015,5.86853485201139e-08
4016,5.86853485201139e-08
4018,5.86853485201139e-08
4019,0.0001047550548895649
4020,0.0001047550548895649
4022,0.0001047550548895649
4023,3.176370800972177e-06
4026,0.00010793142569053707
4027,1.8585565455489316e-05
4029,6.503111495294442e-05
4030,6.503111495294442e-05
4031,6.503111495294442e-05
4032,9.323633875389412e-05
4033,7.798925254946964e-06
4035,3.176370800972177e-06
4037,0.034504859513376396
4038,1.2838739999850565e-05
4040,6.056633414907542e-06
4041,0.03451769825337625
4045,7.442675498887728e-05
4046,7.442675498887728e-05
4047,7.536968444820363e-05
4048,7.536968444820363e-05
4053,1.8713759166073045e-05
4054,6.056633414907542e-06
4055,6.056633414907542e-06
4056,6.056633414907542e-06
4057,6.056633414907542e-06
4058,6.056633414907542e-06
4059,6.056633414907542e-06
4060,6.056633414907542e-06
4075,0.0008528298885792807
4076,0.0008528298885792807
4077,0.0008528298885792807
4078,0.0008684257051178458
4079,0.0008684257051178458
4080,1.1690886417318417e-06
4081,3.0181633321533703e-07
4092,6.20966508743518e-05
4093,6.20966508743518e-05
4098,6.20966508743518e-05
4102,6.20966508743518e-05
4103,6.20966508743518e-05
4107,6.20966508743518e-05
4116,0.002942015247908623
4117,1.2838739999850565e-05
4119,5.496236721470345e-05
4120,5.496236721470345e-05
4121,1.8713759166073045e-05
4122,1.8713759166073045e-05
4126,0.0036678206273460436
4127,0.0036378347428224537
4130,0.0036678206273460436
4131,0.007367351661192882
4133,0.00010469636954104478
4140,0.0029206060395259455
4149,0.0014491295926898752
4150,2.3106869470349197e-06
4163,2.3106869470349197e-06
4166,1.8713759166073045e-05
4167,9.791250565655647e-06
4168,1.0636422953351702e-05
4169,1.0636422953351702e-05
4170,6.867878621538794e-06
4171,6.867878621538794e-06
4172,6.867878621538794e-06
4173,6.867878621538794e-06
4174,6.867878621538794e-06
4175,2.355325856634926e-05
4176,0.006144982526833625
4179,1.862454415607686e-05
4181,1.6685379944810467e-05
4182,1.6685379944810467e-05
4183,1.6685379944810467e-05
4184,1.6685379944810467e-05
4185,1.6685379944810467e-05
4188,1.8713759166073045e-05
4189,1.8713759166073045e-05
4194,8.672723085165048e-07
4195,8.672723085165048e-07
4196,3.668767217448169e-06
4197,0.0014357728759885695
4200,0.0005454280107553539
4201,0.0005461900360764708
4202,7.620253211169236e-07
4204,0.0005454280107553539
4207,1.442672789683322e-05
4209,1.0983267920882526e-05
4210,0.0002778992218432663
4211,0.00036606649902589267
4212,0.0002778992218432663
4213,0.0002669159539223838
4214,2.416907581186523e-05
4218,1.158706549988841e-05
4219,0.00034281481481854135
4220,3.3634612839125454e-06
4228,0.00044281372709641266
4233,0.001102627179359457
4238,0.001102627179359457
4239,0.0011388052502797096
4240,3.617807092025251e-05
4241,0.0020116981705991894
4243,0.0020116981705991894
4246,1.600027564161244e-05
4247,6.899060927711865e-05
4250,0.0014385743708975013
4254,3.806394560151384e-05
4255,3.863439648973693e-05
4256,5.3061124386570155e-05
4257,4.6607986880475055e-05
4258,1.442672789683322e-05
4259,1.442672789683322e-05
4262,9.810853517433321e-06
4264,0.00011563970404954528
4265,4.067064660604535e-06
4267,1.8713759166073045e-05
4269,2.7725452341764302e-05
4270,0.000588485570036695
4282,3.3746360151184514e-06
4283,3.3746360151184514e-06
4284,1.4691474936527332e-06
4285,2.336144723169175e-05
4286,1.962958663734932e-05
4287,1.5545892259412189e-06
4288,0.0010492105824224827
4289,1.1865989915551498e-05
4290,1.1865989915551498e-05
4291,4.067064660604535e-06
4292,6.503111495294442e-05
4310,9.323633875389412e-05
4311,2.8205223800949698e-05
4313,0.0005602803462357452
4314,1.8996066891845388e-05
4320,0.0010131552540268967
4325,8.816727718262635e-05
4326,0.0007340893019024259
4327,5.748281801713207e-05
4329,0.0007915721199195579
4330,1.5086430392723488e-06
4333,1.822193669690945e-05
4334,1.822193669690945e-05
4335,1.822193669690945e-05
4339,0.00023378419977424823
4340,3.549472193388171e-06
4341,0.00010469636954104478
4342,0.00010469636954104478
4350,1.084999536231204e-06
4351,0.0002669159539223838
4352,1.0983267920882526e-05
4354,1.5086430392723488e-06
4365,8.451723876960548e-07
4366,8.451723876960548e-07
4367,1.1053106322891017e-07
4368,1.49234193763215e-05
4369,1.49234193763215e-05
4370,1.481288831309259e-05
4371,5.704508882230989e-07
4373,2.408049687434754e-05
4374,0.0010451442234277607
4375,0.001018946329272149
4376,0.00011816599524544747
4377,0.00011816599524544747
4378,0.00011816599524544747
4379,0.00011439745091363457
4380,1.6685379944810467e-05
4382,1.580214259214797e-05
4383,2.044993522962205e-06
4385,0.006144923841485105
4388,0.0065526787658521796
4391,0.0019193841744455258
4393,6.056633414907542e-06
4397,1.8713759166073045e-05
4405,3.1373921003846346e-06
4406,0.0008672566164761139
4407,1.1690886417318417e-06
4408,1.442672789683322e-05
4410,8.672723085165048e-07
4411,3.0181633321533703e-07
4412,2.355325856634926e-05
4413,0.0005454280107553539
4414,1.0983267920882526e-05
4416,2.416907581186523e-05
4417,1.442672789683322e-05
4418,4.945777863704767e-07
4419,8.816727718262635e-05
4424,0.00010469636954104478
4425,0.0019193841744455258
4427,4.777248149835543e-06
4429,0.0012621030592475397
4430,8.019054557165494e-05
4432,0.0012621030592475397
4433,0.0012621030592475397
4434,0.001807767091538894
4435,8.019054557165494e-05
4436,0.004842573517894933
4437,0.0022935225381423173
4439,5.282401076945863e-05
4442,0.0009020781500936755
4443,0.0009020781500936755
4448,0.00015173994875846813
4449,0.003465983645622604
4450,0.0032526534656258997
4451,0.000273077909172298
4452,0.000934665930074973
4453,0.001207743839247271
4454,0.0009739298946539707
4455,0.0036177235943810723
4456,1.2701258808252852e-05
4457,0.002903285491486444
4458,1.4954433746274311e-05
4476,6.741856416827168e-05
4477,6.741856416827168e-05
4479,6.741856416827168e-05
4480,0.0006026421837586404
4481,0.0006026421837586404
4485,0.0002338139445933002
4488,0.0005959420845243637
4489,0.0005959420845243637
4490,0.0006946251845782049
4491,0.0001636208648730345
4492,0.00045825976433716277
4494,0.0005310043197051704
4501,0.00045825976433716277
4502,3.4634643290010004e-06
4503,7.302332832053303e-05
4504,7.285676585952972e-05
4506,0.00022886463600439792
4507,7.105215591840548e-08
4508,3.4634643290010004e-06
4509,0.00037479507836873623
4510,0.0006999651641182648
4511,0.0006002686825353244
4512,0.00044187416158264915
4513,5.014007736113583e-06
4515,0.0006999651641182648
4516,0.001300233846653589
4517,0.0028640487127149024
4518,0.00017018105339213025
4519,5.145025432039908e-06
4520,0.001076187687273282
4521,8.887460043581944e-06
4522,0.0006573336371186918
4525,8.174422590311167e-05
4526,0.0004207061280350224
4527,2.458718875417604e-05
4528,1.235313870516529e-05
4529,1.235313870516529e-05
4531,0.00017018105339213025
4534,0.0009351960884310042
4535,0.004895904858715075
4536,0.0016811899831088368
4537,0.0016653554442252888
4538,0.003118873676223245
4539,0.0028383374936610355
4540,0.0014564911034734478
4544,2.2320915997127693e-05
4545,0.0010463974868945042
4546,0.003214714875606238
4547,0.003317341882895739
4549,0.0011369304877418538
4550,0.0011369304877418538
4551,0.024429178166188056
4554,5.2453720573853706e-05
4556,0.0011369304877418538
4557,0.01439293132214948
4558,0.024429178166188056
4559,0.000527112625449696
4560,0.000527112625449696
4561,9.473180811865088e-05
4562,8.555460049715849e-06
4565,0.0006047335134689152
4566,1.9866237868085007e-05
4567,8.617634806893503e-05
4570,1.8807410359039925e-05
4574,3.9727010505999974e-05
4575,0.000573795070052209
4577,0.016791299876602477
4578,9.70999294678096e-07
4579,0.0018212279147020764
4596,7.074420675732434e-08
4597,4.09690460551255e-05
4598,0.00035694940145151
4601,4.089830184836817e-05
4602,4.089830184836817e-05
4603,7.074420675732434e-08
4605,7.074420675732434e-08
4641,1.9665699814650764e-05
4643,0.00022519347244084886
4644,0.0014799457559517679
4645,0.0014799457559517679
4653,0.0010314826655420343
4654,0.0010314826655420343
4668,0.00017018105339213025
4669,0.0003592131656075696
4675,0.004778613172064542
4677,0.0053983580295172895
4678,0.00010604258593702004
4681,0.00014642763449666113
4683,0.00036561164929188047
4684,2.911600616349165e-05
4686,0.008412413100325379
4688,0.008412413100325379
4689,4.787552656168323e-05
4693,1.07896317916522e-05
4698,0.0034218823670612744
4699,5.246569501786922e-05
4701,0.003369416672043405
4704,0.0001781399824419419
4707,0.0026199237015365087
4709,4.898449886117552e-05
4710,0.05915937901973158
4711,4.5273062856977664e-05
4714,0.000930552416873032
4715,0.001908086546624714
4717,1.8431318234691914e-06
4718,1.086814516349588e-06
4719,0.0005392522231058917
4720,0.001908086546624714
4722,0.001908086546624714
4723,0.001908086546624714
4724,3.8748720790035414e-05
4725,0.0018715114548673779
4726,0.0018701508005662796
4727,0.004373907238016193
4729,0.004426372933034063
4730,0.004373907238016193
4731,0.17528378443499829
4734,1.07896317916522e-05
4736,2.430960756391263e-06
4737,2.430960756391263e-06
4738,2.8926632531129366e-05
4739,0.17550825993875785
4740,0.1752771027259863
4743,0.004377789737119225
4744,1.9387035267235635e-06
4745,0.004886727582640241
4746,0.0005109577326947081
4747,0.05526990940507342
4748,0.05475895167237871
4749,0.059116814307769855
4750,1.9393512823682647e-05
4752,2.570102875870362e-05
4753,0.004577999911011243
4754,0.004565989351273938
4755,1.2010559737304423e-05
4756,6.3075159350209734e-06
4757,2.546316840040017e-05
4758,2.546316840040017e-05
4760,0.00010624716823963112
4761,0.00010624716823963112
4762,0.004474561848492547
4763,0.004465901525028764
4764,8.66032346378275e-06
4766,0.001921063610933975
4769,0.001921063610933975
4772,3.188456457296326e-05
4777,1.8431318234691914e-06
4779,7.563173071196034e-07
4780,0.0005165569226829643
4781,0.0005165569226829643
4783,7.997471996883815e-05
4784,5.592167680020308e-06
4785,6.421396172563086e-06
4786,1.0980102643670023e-06
4787,9.255288344426698e-05
4789,9.145487317989998e-05
4792,0.003470668499920135
4794,0.0001561996706571896
4795,1.1292179608971852e-05
4797,7.99866096847016e-06
4798,0.00027974105992667426
4799,2.2103881927649164e-05
4800,0.003397018195253308
4801,0.2277946019067583
4802,0.0002710786532871093
4803,0.0002614808194629299
4804,0.22806568056004542
4806,0.0010508821978151546
4807,0.00040287989969844967
4808,0.0005865856397844445
4809,0.0007866645607475603
4811,0.0034191220771809566
4812,0.00013431138218911688
4813,0.0003274284224792425
4814,0.0007365272404385098
4816,5.8604718150622315e-06
4817,0.00105809519110269
4818,0.0002576371779990251
4819,0.0002576371779990251
4820,1.9890627646523498e-07
4821,0.003570474257505768
4822,0.0035871589800308356
4823,8.834046096365915e-05
4824,0.0008617465176936333
4825,0.0009500869786572924
4826,3.937856082560175e-05
4827,0.001620846955903092
4828,0.0014899203840468534
4829,0.0002456498136673184
4830,0.0002456196930736248
4831,3.6341569900093394e-08
4832,1.6638309110886135e-09
4833,0.0006025702370003301
4835,0.0005735581275106214
4836,0.00019784685845318164
4837,0.0002574382717225599
4838,0.00019784685845318164
4839,0.0002574382717225599
4840,0.0035706731637822333
4841,1.6684722525067453e-05
4842,1.6684722525067453e-05
4843,4.857219377923935e-05
4856,0.0013871170399423912
4858,1.317912170302711e-06
4859,3.573528577783724e-06
4860,0.001390690568520175
4861,2.992819668052922e-06
4862,0.19671762265416656
4863,2.992819668052922e-06
4864,0.000560112089062997
4865,0.0005800130360796296
4866,0.00548669618086224
4867,0.005511127039748561
4868,0.005508862083813717
4869,0.005558573716883512
4870,0.005558573716883512
4878,0.005558573716883512
4879,0.005558573716883512
4881,0.000557119269394944
4882,0.19671762265416656
4883,0.19671762265416656
4885,0.0022633268924730486
4886,6.0583224180767536e-05
4887,0.002265457010889952
4889,0.002265457010889952
4890,1.317912170302711e-06
4891,0.0013871170399423912
4893,0.0022641390987196493
4894,0.001393683388188228
4895,0.0022633268924730486
4896,0.0022641390987196493
4898,1.317912170302711e-06
4899,0.0013871170399423912
4901,0.05982689970741089
4902,0.05982689970741089
4903,0.06109469067068992
4905,0.0001318081065001931
4906,9.142030934806392e-05
4907,4.038779715212919e-05
4908,4.555935789487302e-05
4909,4.555935789487302e-05
4913,0.2022043188350288
4915,0.0011066673848819293
4916,4.857219377923935e-05
4917,5.443266559430158e-05
4918,5.8604718150622315e-06
4921,0.005558573716883512
4922,0.005558573716883512
4928,0.005558573716883512
4938,4.891440748086435e-06
4963,0.00036918395818412274
4964,0.00037664144930914326
4965,4.026434904419314e-05
4966,0.000574348159071408
4967,0.0010886074165230358
4970,0.0003903215936897077
4971,0.0004846754338509702
4972,0.0005249397828951633
4974,0.0005199952023783765
4975,0.000723978056882548
4976,0.0010886074165230358
4977,0.0010886074165230358
4979,7.457491125020541e-06
4980,0.0014558541692561158
4981,0.0018191950874015348
4983,0.0003592131656075696
4984,0.0006999651641182648
4985,3.731421009224361e-06
4986,2.946028083445653e-07
4987,7.930133962627318e-05
4988,0.00038675196240864677
4992,0.0028590347049787888
4993,0.0028590347049787888
4994,0.0028590347049787888
4996,0.000574348159071408
5002,0.0002878392806209958
5004,0.009951956228853516
5005,0.00021713845746985217
5007,3.4368182008797956e-06
5008,2.3133177991151573e-07
5011,3.6681499807913114e-06
5014,0.0012859374496226213
5015,0.0003592131656075696
5018,0.000723978056882548
5019,0.002901870590382535
5020,0.002894946423882117
5021,3.5145002851286493e-07
5022,0.00017018105339213025
5023,0.00015467350728015167
5024,3.6681499807913114e-06
5025,0.0019313942663935478
5026,5.8061627714271944e-06
5027,5.8061627714271944e-06
5029,0.0019313942663935478
5030,5.8061627714271944e-06
5031,5.8061627714271944e-06
5032,0.0006938307458151765
5033,0.0006938307458151765
5035,0.0018046136797870032
5039,0.00011591627957215988
5040,0.00011591627957215988
5042,0.0024984444256021796
5043,0.00011591627957215988
5044,0.0019313942663935478
5045,0.0019313942663935478
5049,5.8061627714271944e-06
5050,0.00035985797881604633
5051,0.00629572402949817
5052,0.007606456544645396
5053,0.009050932701386499
5054,0.008499398371160661
5055,0.0013107325151472254
5056,5.8061627714271944e-06
5057,0.0005515343302258385
5058,0.0016425807337958399
5059,0.00027016619607304833
5060,0.008870487525729264
5061,0.0004422209905562542
5062,0.008499398371160661
5063,0.0004422209905562542
5064,0.0009351960884310042
5065,0.0012072504542145215
5066,0.0011624821133078371
5067,0.024429178166188056
5068,0.012864879072709287
5069,0.00040181365849262235
5070,0.01196611275197139
5071,0.0008170572249143778
5072,0.0008170572249143778
5073,0.0007811824091362737
5074,0.0007811824091362737
5075,0.0007811824091362737
5076,0.009346185686770205
5077,3.587481577810402e-05
5078,3.587481577810402e-05
5080,0.008565003277633931
5081,0.00027973974545068657
5084,0.0037061717926755913
5085,0.0037061717926755913
5086,0.0031877751711463544
5087,0.0031877751711463544
5088,0.0031877751711463544
5089,0.0063279954426227435
5090,0.0063279954426227435
5092,0.00016810659689348929
5093,0.006496102039516232
5094,0.00016810659689348929
5095,0.0023177713137845176
5096,0.002829666380030739
5097,0.008870487525729264
5098,0.00027016619607304833
5100,0.0006334258353679868
5101,0.00019120484481173253
5102,0.00878963800475748
5103,0.0031402202714763887
5105,0.00016810659689348929
5108,4.18259208579183e-05
5109,0.00011591627957215988
5113,0.0014431775367810893
5114,0.008870487525729264
5115,0.0004422209905562542
5116,0.0063279954426227435
5117,0.0002871742969242174
5118,0.00027016619607304833
5120,2.4203162766960922e-05
5121,2.4203162766960922e-05
5122,0.000903592031441035
5123,0.00027205436578351733
5124,0.00027205436578351733
5126,0.0005861802113635796
5130,0.0006018000273164411
5132,0.0014799457559517679
5133,0.0006018000273164411
5134,0.0006018000273164411
5143,0.013896494407733146
5144,0.013613976408761663
5145,0.0001425406945512713
5146,0.0003047409896963988
5147,0.00015628821795383147
5153,0.000321108405605946
5158,0.013892245043398222
5159,0.013892245043398222
5180,0.030883764210975637
5202,5.282401076945863e-05
5203,8.36909426675156e-06
5204,0.0009020781500936755
5205,0.00021870471279410422
5207,0.0006842891287563881
5208,0.00027973974545068657
5209,0.0009351960884310042
5210,0.0005861802113635796
5211,0.02448163188676191
5214,0.00010604258593702004
5219,0.0014799457559517679
5221,0.00513081260029685
5222,0.00011539358877675174
5223,0.0002775082124421348
5225,1.07896317916522e-05
5227,5.246569501786922e-05
5228,0.0008781457286353269
5230,7.512861238403961e-05
5231,3.766190627368583e-05
5232,3.188456457296326e-05
5233,0.030452923116252195
5234,0.00013431138218911688
5235,0.00105809519110269
5238,0.0002456196930736248
5239,3.800540081118201e-08
5242,1.8198139222448126e-05
5243,0.001872639973049413
5249,0.0026644815715835823
5250,0.002075131726546318
5252,0.005489756569199272
5253,8.71478656791611e-05
5255,0.0003347121615597096
5256,0.0018406857861246197
5257,5.8061627714271944e-06
5259,0.00032099153450429067
5260,0.00043690781407645056
5261,0.006229437951542123
5263,0.0006334258353679868
5266,0.0006018000273164411
5269,0.001260916667540897
5274,0.008652052431480099
5275,2.08615929871547e-05
5276,0.00040380542931970097
5277,0.005147601902393371
5278,0.00022040684745550513
5279,0.0008250541544247281
5280,0.0013914424820617643
5281,0.002689752824589672
5282,0.002689752824589672
5283,5.145025432039908e-06
5286,0.002075131726546318
5287,0.0020081320723895424
5288,0.0022926463773417526
5289,5.19832708140916e-05
5291,0.0003956336715619532
5292,5.145025432039908e-06
5293,0.00022005539742699226
5294,0.0005764841752153826
5295,0.00017018105339213025
5296,0.005317782955785501
5298,0.0005879379198940383
5299,2.893991152101961e-06
5300,2.672475941520567e-08
5301,2.672475941520567e-08
5302,0.00074261142717419
5303,0.00045266241105631046
5304,0.0026481909836529086
5305,0.0010937524419550758
5306,1.3680826567760646e-05
5307,0.00044650445987248695
5310,3.093674733358119e-05
5311,0.0012084402866640066
5312,0.002071435825732989
5313,0.002071435825732989
5314,0.004433488056301128
5315,0.0020851166523007496
5316,0.0006165975013844666
5318,0.002799311505346735
5319,0.00044650445987248695
5320,0.007515779496306846
5321,0.00016392812421345488
5322,0.00014689525602475944
5323,6.600441021862127e-05
5325,0.0027304440130966807
5327,0.00031825589136267316
5328,0.000644602351631491
5330,1.8880089136860364e-05
5331,1.8880089136860364e-05
5332,0.0001935372132599852
5333,6.196324676243757e-06
5334,0.0005524191176674856
5335,0.007472233854953974
5336,0.02566377087553328
5337,0.004600736026627367
5338,0.026769185713882794
5339,0.005337814221226443
5340,0.00036106017214129825
5341,0.013716044362041184
5342,0.013339008865707694
5343,0.0001009395764157157
5345,0.00015851042298435276
5346,0.014342039650431319
5347,0.013014177625897495
5350,1.1723093193916625e-05
5351,0.02231017788578585
5352,0.02232905797492271
5353,0.005337814221226443
5354,0.0011731371132555027
5355,0.0004994033817124695
5356,0.0005194370083062669
5357,0.00047382278035768184
5358,0.00047382278035768184
5359,0.018164933930806974
5361,0.004233003387881288
5363,0.00017151939436585342
5364,2.752387251868979e-05
5365,7.110707821673858e-05
5366,0.0022152526698691055
5367,0.0003972998537618746
5369,1.1723093193916625e-05
5370,0.0006725715991519803
5371,0.0006725715991519803
5372,0.0006725715991519803
5373,0.00011237369127676388
5375,0.004993718397726322
5376,6.759566418098482e-06
5377,6.759566418098482e-06
5378,5.840762424369668e-07
5379,5.840762424369668e-07
5380,0.007703059434038835
5381,0.002639850923582531
5382,2.752387251868979e-05
5383,1.8834367459967263e-05
5384,3.381772375906592e-05
5385,3.381772375906592e-05
5386,0.002181499584371284
5387,6.860909919390384e-05
5388,6.391796742922433e-05
5389,3.2350849815175128e-06
5391,0.00034281481481854135
5396,0.22217385955356259
5397,0.22217385955356259
5398,0.22217385955356259
5408,0.0015840348554805204
5409,0.005873584645511962
5410,0.001721385873954113
5420,6.751013625002839e-05
5424,0.001968635826027794
5425,6.751013625002839e-05
5427,0.0012890081986033433
5428,0.0012890081986033433
5429,0.0012890081986033433
5431,0.0006621429984608327
5432,0.0006663282115231165
5433,0.0006663282115231165
5439,0.00015707361948791112
5440,0.00034502154998875386
5441,0.00034502154998875386
5443,0.00034502154998875386
5444,0.00034502154998875386
5445,0.001935313049121544
5446,0.00046517066866774855
5449,2.9262475164790197e-05
5450,0.0001574494445401355
5451,0.03084376195364901
5452,0.10127343826274146
5453,0.07042967630909244
5454,0.07042967630909244
5456,0.07042967630909244
5457,0.07042967630909244
5458,0.004273626337907587
5459,0.06616215926402197
5460,0.0016338314558842603
5462,0.004507871007991978
5470,0.00019742051376113684
5472,0.00019742051376113684
5473,0.0010738770342142035
5475,0.0001784390268692092
5478,0.0001784390268692092
5479,0.0001784390268692092
5481,0.0001784390268692092
5485,0.0001784390268692092
5486,1.1933675697077471e-06
5488,0.0003783569630546515
5489,0.00020149353287107175
5490,0.002090778813679171
5491,0.002090778813679171
5493,1.1933675697077471e-06
5494,6.0743326285403065e-05
5495,6.193669385511082e-05
5496,0.000835591166471742
5497,5.282459543997124e-05
5502,2.0893024801873833e-06
5503,2.0893024801873833e-06
5504,4.960864365475342e-07
5505,0.00014733753112947467
5506,0.00014733753112947467
5507,8.846044878245701e-05
5508,8.846044878245701e-05
5509,0.0005268623869329333
5515,0.0004550457540459986
5516,6.256619126047254e-05
5517,0.0003942068579244007
5518,3.323833586829245e-05
5519,5.415687101476555e-05
5520,5.415687101476555e-05
5522,0.0005665685890441389
5523,1.0716814207044432e-06
5524,6.565148014063946e-05
5525,6.565148014063946e-05
5526,6.872300198486397e-06
5527,6.872300198486397e-06
5528,6.872300198486397e-06
5532,8.996500846343867e-06
5534,0.00043266504996213
5535,0.0008489769731333675
5536,0.004472721125721097
5537,6.109292837110968e-06
5540,0.0016623632689736528
5544,0.16602146668212317
5545,0.0037066958216239454
5546,0.008642948929568727
5547,0.006976462842381587
5548,0.006976462842381587
5549,0.0005515858926101356
5550,0.00011744969662410942
5551,0.01839655606089399
5553,0.0185140057575181
5554,0.0014029873676140424
5555,0.0014029873676140424
5556,0.0016341313756980769
5557,0.00023114400808403433
5558,0.00023114400808403433
5559,0.007389055206088345
5560,0.0007970013870040499
5561,0.00014403964558547605
5562,0.00013139737321800444
5564,7.894464831559593e-05
5565,1.6395145262638953e-06
5567,0.008792042573702388
5569,0.0002129931415527324
5571,0.0002129931415527324
5572,0.005405133161230526
5577,0.001414339605967294
5578,0.0010924560548495354
5579,0.0008056185842680249
5580,0.000708086238926314
5584,0.04119544773168317
5585,0.04119544773168317
5586,0.013758315475424748
5587,0.01363178318420517
5588,6.428604073123608e-05
5590,7.622674465165833e-05
5591,0.03856578546071397
5592,0.0009151115824827612
5593,0.038489558716062314
5594,0.03946287833632435
5595,0.0408292665581594
5598,5.4913897920158624e-05
5600,0.0010192118874418044
5601,0.022506520096046215
5603,0.00013139737321800444
5604,8.392874484956644e-05
5605,0.001960174087342742
5606,0.0005916060698748296
5607,0.0011208708448288873
5613,5.087733471686566e-06
5614,2.13560690435657e-05
5615,1.7601687498221326e-05
5620,1.674633816566385e-05
5621,2.050071971100822e-05
5628,9.740911452315238e-07
5632,1.857577864345285e-05
5633,1.857577864345285e-05
5634,9.740911452315238e-07
5635,1.857577864345285e-05
5638,1.857577864345285e-05
5641,5.087733471686566e-06
5649,0.0020492973466968854
5654,3.4625660255355184e-06
5655,8.183341341941732e-07
5657,0.002812949549551046
5659,5.597937815879192e-05
5660,7.287239793922168e-05
5661,0.0021867955556828813
5662,1.3696993716968248e-05
5663,1.182282305350077e-05
5664,0.004507839250367113
5665,0.006348843029094658
5666,0.0004258810566391972
5669,0.0063010634677066295
5671,0.006294600544776401
5672,0.007020870403216397
5673,0.011367712996669426
5674,0.006294600544776401
5675,0.01955551695324597
5678,0.0003647582869898016
5679,0.0003647582869898016
5680,0.0003647582869898016
5681,0.0003647582869898016
5682,0.0038376867647849627
5683,0.0038376867647849627
5685,0.005681587095989377
5686,0.005681587095989377
5687,0.01955551695324597
5688,0.00016820688341769334
5689,0.00014871034157417658
5690,0.00010211999439109471
5694,0.00010211999439109471
5695,0.0005268621628857918
5696,0.000685628206177692
5699,5.087733471686566e-06
5700,0.0006049891233341474
5701,0.000685628206177692
5720,0.12350285079102948
5721,0.0004517073479076625
5722,0.0036013895723344754
5725,0.0006183169988566827
5726,0.0019592400320338032
5732,3.222760670376454e-07
5736,4.508671837170995e-06
5737,0.011283488052774767
5738,0.0013736132170768136
5739,0.013096197624818085
5740,0.004963091585361624
5741,0.0006931217712552415
5742,0.017239981011210454
5749,0.0009553008204993133
5751,0.0009711827919306517
5752,0.012166847677942088
5753,0.012166847677942088
5754,0.017287739034646053
5756,0.06956101596784632
5757,0.06368726521049561
5761,0.03187805520606847
5762,0.03187805520606847
5763,0.005060691181410427
5764,0.005060691181410427
5766,1.0048066204357586e-06
5767,3.054488452102569e-05
5768,0.000856784238906657
5771,0.02681736402465804
5772,0.03187805520606847
5773,0.03187805520606847
5774,0.03187805520606847
5777,0.005060691181410427
5778,0.005060691181410427
5781,0.000856784238906657
5783,0.00031775517584120967
5784,0.002885512497262906
5785,0.002362052230568139
5788,9.675502739875775e-07
5789,9.675502739875775e-07
5790,0.00046978974004785
5791,0.0004517073479076625
5793,0.0005191916191543974
5798,0.0005191916191543974
5799,3.054488452102569e-05
5802,0.22217385955356259
5803,2.3996805039456896e-06
5814,0.0010771491349228092
5815,0.0009733081440585491
5816,1.1662810270314157e-05
5817,5.6047383438811715e-06
5821,1.5093625676588044e-06
5825,0.00010384099086425991
5845,0.011723397214487083
5847,0.00043990916171231665
5848,0.017239981011210454
5849,0.004963091585361624
5850,0.00011400325240962838
5858,0.017239981011210454
5859,0.017239981011210454
5885,0.009521734261952991
5886,0.0013594884263268166
5887,3.467486404780787e-07
5888,8.299973030390498e-06
5889,6.90742494787263e-05
5890,6.90742494787263e-05
5891,3.156659123544776e-05
5892,0.00043965462360533544
5895,2.2085184565825865e-05
5901,2.2228252247326051e-07
5902,2.2228252247326051e-07
5903,6.689495767104704e-05
5905,6.689495767104704e-05
5906,7.276638007103771e-05
5907,5.871422399990681e-06
5908,2.2228252247326051e-07
5909,2.2228252247326051e-07
5910,1.0114286988549273e-05
5911,3.388937861170869e-05
5912,6.254659711526762e-06
5914,6.254659711526762e-06
5915,4.0144038323235455e-05
5917,9.892004466076014e-06
5918,2.377509162315942e-05
5919,0.0006480472830486097
5920,0.0006480472830486097
5922,2.377509162315942e-05
5923,9.892004466076014e-06
5925,9.892004466076014e-06
5928,2.2228252247326051e-07
5931,2.2228252247326051e-07
5933,2.2228252247326051e-07
5939,2.2228252247326051e-07
5940,2.2228252247326051e-07
5942,2.2228252247326051e-07
5944,2.2228252247326051e-07
5956,0.0031980619022794845
5957,1.9595752858828117e-05
5958,0.002365748131381468
5962,2.2228252247326051e-07
5986,1.875952664375349e-05
5987,0.00011977437179580974
5988,0.0055191810524720985
5989,1.3506991926477087e-05
5994,5.852069601142438e-06
5995,5.852069601142438e-06
6002,7.130858001985716e-06
6003,2.0913112049061984e-06
6022,1.4655346095753159e-05
6050,6.396942087968626e-05
6051,0.0002855176963580578
6052,1.808239214018753e-05
6053,2.5100896399270794e-05
6054,1.808239214018753e-05
6056,0.0004517073479076625
6057,6.265953670179087e-06
6073,1.914278026314567e-06
6094,2.026394966589238e-06
6101,6.265953670179087e-06
6102,6.210016071491902e-06
6103,7.91300820888876e-06
6105,5.593759868718581e-08
6110,0.0006129682081836244
6111,0.002362052230568139
6112,0.0032067046377452476
6113,3.6959008133287563e-06
6150,0.0010190749057464555
6151,0.0010190749057464555
6154,0.0010190749057464555
6156,0.0017077051346259474
6158,0.0009117685797099947
6160,0.0014144488075024005
6161,0.000260416799958787
6168,0.0018701508005662796
6172,2.2228252247326051e-07
6190,0.000260416799958787
6191,0.000260416799958787
6193,4.7922018078433735e-05
6194,0.0036013895723344754
6195,0.0019592400320338032
6196,0.0014144488075024005
6197,0.0033736888395362037
6198,0.003412878552430616
6199,0.0012199603664966412
6201,0.00359258600120796
6203,6.122850498025504e-07
6204,9.898485219655907e-05
6205,2.893991152101961e-06
6206,0.0031427352168655613
6207,0.0008423003177227396
6210,0.003985035534588301
6211,6.946826198725518e-05
6212,0.002951402075605404
6213,0.017813664753791154
6234,0.0004957338953962238
6235,0.0011635351789555666
6237,0.012226090028474641
6238,0.012226090028474641
6240,0.012226090028474641
6243,0.0016592690743517905
6260,0.0002646421361630492
6261,0.017549022617628106
6269,2.370022544467704e-07
6270,2.370022544467704e-07
6277,2.370022544467704e-07
6278,2.370022544467704e-07
6292,2.370022544467704e-07
6293,2.370022544467704e-07
6295,2.370022544467704e-07
6313,1.4313923779521884e-06
6314,0.0039577737935571995
6321,0.0017091365270038997
6323,0.006561321658564008
6328,0.006561321658564008
6330,0.0010856224347047276
6331,0.0011385302850711407
6336,0.00017778168970640474
6337,0.005475699223859281
6338,0.005475699223859281
6340,0.005475699223859281
6341,0.00017778168970640474
6342,0.00014485243499902836
6343,0.00017778168970640474
6345,0.00544030929467209
6346,0.0001010111382623585
6347,0.0001010111382623585
6348,0.0006396224791131354
6350,4.6295938135860375e-06
6351,4.6295938135860375e-06
6352,0.001922735963137726
6353,0.001922735963137726
6354,0.004014552124797605
6355,4.7922018078433735e-05
6359,4.6295938135860375e-06
6362,2.2228252247326051e-07
6363,0.00010078885573988523
6368,9.020273569874656e-07
6369,9.020273569874656e-07
6370,3.744931448403605e-07
6372,3.744931448403605e-07
6373,9.020273569874656e-07
6374,5.275342121471052e-07
6375,5.275342121471052e-07
6376,5.275342121471052e-07
6377,5.275342121471052e-07
6380,0.00010078885573988523
6381,0.00010078885573988523
6382,0.0017408358607678106
6384,0.0017408358607678106
6385,0.0017408358607678106
6386,5.153054465374221e-06
6387,1.4354660704923147e-07
6388,1.4354660704923147e-07
6389,2.897018266910506e-07
6402,0.007983034383022138
6403,0.012097667485194944
6404,0.017549022617628106
6409,0.00024298862659547375
6410,0.004263374313692447
6412,1.741325038621526e-05
6420,0.008409557963821805
6422,6.195174883166412e-05
6423,1.999705615214176e-05
6424,4.195469267952236e-05
6425,0.00029868359305069406
6426,0.000297688415021393
6427,1.8871339055055744e-06
6433,0.00048706790056568267
6434,0.0005410625941648121
6435,0.0005359341717495015
6436,5.824535357422084e-05
6438,0.000318057705341591
6440,0.002662638272666548
6441,6.887115137276946e-05
6442,6.887115137276946e-05
6443,5.48796942160141e-05
6446,1.7644415270833501e-06
6448,1.572053898897062e-05
6450,1.572053898897062e-05
6451,5.128422415310612e-06
6453,3.895228698268254e-06
6456,0.012062859246346406
6457,3.480823884854e-05
6460,0.000318057705341591
6467,7.287239793922168e-05
6470,5.872359432549069e-06
6471,1.857577864345285e-05
6477,4.8348345735625816e-05
6478,0.00025033524731506824
6479,0.00025033524731506824
6480,0.0002522223812205738
6481,5.7660617532779185e-05
6482,1.8871339055055744e-06
6483,1.8871339055055744e-06
6485,5.3994693599129464e-05
6486,5.7660617532779185e-05
6487,1.8871339055055744e-06
6489,0.0003868725636804145
6490,0.0003868725636804145
6491,5.824535357422084e-05
6494,1.8871339055055744e-06
6495,1.2269237842222448e-07
6496,1.7644415270833501e-06
6497,1.2269237842222448e-07
6498,5.48796942160141e-05
6499,0.014648952503219525
6500,0.0013362016971810904
6502,0.00359258600120796
6504,0.000318057705341591
6506,0.0003320491624983464
6507,0.0003320491624983464
6508,0.0003320491624983464
6509,1.3991457156755365e-05
6510,0.000318057705341591
6514,5.856941793729622e-05
6515,5.856941793729622e-05
6516,4.855123334301456e-06
6519,0.002980695978008139
6520,0.002662638272666548
6521,0.002662638272666548
6522,3.895228698268254e-06
6523,1.1602057178167437e-05
6524,0.00021553192904404532
6525,3.895228698268254e-06
6527,3.895228698268254e-06
6531,7.276638007103771e-05
6534,1.8686404001448488e-07
6543,8.913919746636913e-07
6544,2.3484264488306884e-07
6547,2.3871303612168175e-06
6550,4.13477275762235e-05
6555,0.0020775537447320254
6557,0.00359258600120796
6559,1.0433694624314322e-06
6564,8.803571126515454e-06
6565,8.803571126515454e-06
6566,0.0094831118226411
6567,0.013512470773773058
6568,0.021833693681966766
6569,0.035288208661385295
6571,3.480823884854e-05
6575,0.037843080317455154
6576,0.0013594884263268166
6578,0.003183383346304292
6580,0.0013594884263268166
6581,0.0013362016971810904
6583,0.002625201060924909
6584,0.0069355137092596865
6591,0.0002540382050185405
6592,1.0433694624314322e-06
6594,0.0014816631206472047
6597,1.0433694624314322e-06
6600,0.00024378429736994083
6601,0.0025039364598403533
6602,0.00024378429736994083
6603,0.00024378429736994083
6605,0.04200341458900374
6609,0.0002495653544364809
6612,0.0012839553476028088
6614,0.04438990472579825
6615,0.044132436743442
6617,0.00024378429736994083
6618,0.00026417754351768305
6619,0.00026417754351768305
6620,0.0023295920832543033
6621,0.00033037301429824316
6622,1.2762332918977241e-05
6623,0.04458926976414808
6624,3.895933670199569e-05
6625,0.0026586328968914497
6626,0.0005581822853793826
6627,1.4748117887166795e-05
6628,0.0002687863229057073
6630,0.0002495653544364809
6631,5.7810570665400685e-06
6633,0.04495458282829281
6635,2.3286729145726314e-05
6636,1.8275767888967728e-06
6639,0.0004894244457493176
6642,0.04512703934557943
6643,5.891370212530782e-06
6645,0.0002495653544364809
6646,0.005935656158462258
6647,1.4748117887166795e-05
6648,0.0005400859213554311
6649,0.0012839553476028088
6650,0.00029767210042405185
6651,0.00029767210042405185
6652,0.00359258600120796
6653,5.891370212530782e-06
6656,1.4748117887166795e-05
6657,0.0005457566652759805
6658,0.0005399756082094404
6660,0.0012839553476028088
6663,0.0004894244457493176
6664,0.0004894244457493176
6665,5.7810570665400685e-06
6666,0.0002540382050185405
6667,0.0012839553476028088
6668,0.0012839553476028088
6669,0.0012849987170652402
6670,3.4303788497576666e-05
6671,0.0012839553476028088
6672,2.0931707383518095e-05
6674,0.045625697783995674
6675,0.045625697783995674
6676,0.04532802568357162
6681,0.11446027699154923
6682,0.014672239232365252
6683,0.014651307524981734
6684,0.04616567339220511
6689,5.641590490119717e-05
6690,5.641590490119717e-05
6691,5.641590490119717e-05
6692,0.005686090804025777
6694,0.04622208929710631
6695,0.00039803473473086547
6698,0.005686090804025777
6700,0.00039803473473086547
6701,5.641590490119717e-05
6702,0.005686090804025777
6703,0.11446027699154923
6704,0.11477994422753181
6705,0.11537906609387574
6706,0.0025039364598403533
6708,0.04582405456237544
6711,1.0433694624314322e-06
6712,0.0030038837616575484
6714,1.0433694624314322e-06
6717,0.04582405456237544
6718,0.0070155017852800575
6719,8.92859162901441e-06
6725,0.02294076181182512
6726,0.04582405456237544
6727,0.00011926853962253502
6733,0.0002540382050185405
6734,0.021729611444707853
6735,0.11612253244396592
6736,2.3715603158163683e-05
6737,0.13536749344615176
6742,0.022129183094864516
6744,0.00829841452171096
6745,0.008360650466889968
6746,1.0433694624314322e-06
6750,0.022210666077108147
6753,0.055890493414935696
6754,0.055890493414935696
6759,0.003538121486255037
6762,0.022339424066692683
6763,0.03000227687594631
6764,0.002596823772207254
6766,0.0648642336264796
6767,8.452691661476153e-05
6769,0.04972074442941549
6770,0.18508823787556725
6774,4.759965055852526e-05
6775,8.452691661476153e-05
6776,8.452691661476153e-05
6777,8.452691661476153e-05
6780,0.003017956482282197
6783,0.007108089915156423
6789,0.00046819161704135715
6792,0.00046819161704135715
6794,0.0012583813982175673
6799,0.007108089915156423
6810,0.0012583813982175673
6812,8.452691661476153e-05
6821,0.0012583813982175673
6822,0.00035600960138219915
6825,0.0012583813982175673
6826,0.0012583813982175673
6827,0.00035600960138219915
6830,0.00030263253822425775
6831,0.00015998378702538233
6832,0.0001347934277102664
6833,0.00017757589731791216
6834,0.00017757589731791216
6835,1.5893831637747957e-05
6836,0.00012505664090634562
6840,2.3871303612168175e-06
6842,0.00012505664090634562
6843,0.00012505664090634562
6844,2.3871303612168175e-06
6845,2.3871303612168175e-06
6846,0.00012744377126756244
6849,0.0003581305295043193
6859,0.0004920732863035788
6860,0.0010886074165230358
6862,0.0006002686825353244
6863,0.001081332712705322
6864,0.0006002686825353244
6866,0.00010882997337731722
6867,3.6300267900043084e-06
6869,0.0028835223597659257
6870,0.0001919125441865429
6871,1.66562461003308e-07
6873,0.0648642336264796
6876,0.0012084402866640066
6877,0.0012160195577866858
6878,0.0012581432497703287
6879,4.349974544462835e-05
6880,4.7489426023509475e-06
6881,0.0014543700522906262
6883,0.0020926642236608855
6884,0.0035194367727520576
6885,0.0020926909484203005
6887,0.0005199952023783765
6888,0.0004044741923745225
6889,0.002689752824589672
6890,0.002689752824589672
6891,0.002689752824589672
6894,0.002689752824589672
6896,0.0005893498450372645
6897,0.0005922438361893664
6898,0.0006999651641182648
6900,0.00031498752579749774
6901,0.0004660263804576913
6902,0.00031825589136267316
6903,0.12350285079102948
6905,0.00020375100468959708
6906,0.0006889509516191054
6907,0.0013906355495808588
6908,8.089084580613817e-05
6909,0.0023466490942904246
6910,0.002689752824589672
6911,3.6959008133287563e-06
6912,0.12350285079102948
6914,0.0007425847024147748
6915,0.0025266930084070836
6916,0.0027304440130966807
6917,0.0025266930084070836
6919,0.001080071615387315
6920,0.002075392660174786
6921,0.009170017620877526
6923,0.0012859374496226213
6924,0.003155464275562101
6925,0.0006999651641182648
6926,0.0005199952023783765
6927,0.00043266504996213
6928,2.491148542571825e-06
6930,0.0003609685220561083
6932,1.808239214018753e-05
6934,0.0027304440130966807
6935,0.00028874677396819524
6936,0.0001629605739394673
6937,0.00044650445987248695
6938,0.0031548851124619886
6939,2.09185351464731e-05
6943,0.0005150766293562215
6945,0.0005676402704648433
6946,0.0009296471494738383
6947,3.5504473932693453e-06
6950,0.00021553192904404532
6951,1.5932160436398492e-06
6952,3.323833586829245e-05
6953,0.0019347987656620773
6954,5.142834594666654e-07
6956,0.001968635826027794
6957,0.0004320963476164474
6958,0.00012030645209959905
6959,2.9262475164790197e-05
6960,0.0005524027997160464
6961,0.001255731398764596
6962,0.06555494873042984
6963,0.06555494873042984
6964,0.00019742051376113684
6965,0.0010463974868945042
6966,0.0010463974868945042
6969,6.937455965668482e-05
6971,0.00018818257449389815
6972,0.0038488895307982013
6973,5.362988999748174e-07
6974,0.0012275138738998747
6975,0.0003191074847002154
6977,0.003849425829698176
6979,8.379496114627832e-05
6980,1.7439830919413753e-05
6995,6.195174883166412e-05
6999,8.299973030390498e-06
7000,5.3651775801273624e-05
7001,2.2085184565825865e-05
7002,3.156659123544776e-05
7003,3.156659123544776e-05
7006,6.195174883166412e-05
7007,8.299973030390498e-06
7015,3.0751775467508493e-06
7016,0.0010252277446239249
7018,0.0005487172144230493
7019,0.0010252277446239249
7020,1.0344254080138036e-05
7022,0.0015739449590469743
7024,0.001253100488788991
7025,0.004559894468253445
7026,0.0033441787351942403
7027,0.0005663172369668193
7028,4.943314088666963e-06
7029,9.722360801715296e-05
7030,0.0015739449590469743
7033,5.441837979669965e-06
7034,5.441837979669965e-06
7040,6.195174883166412e-05
7047,0.002662638272666548
7048,0.0026685096950665385
7049,0.0026603301773963886
7052,0.0026603301773963886
7053,8.179517670149833e-06
7055,2.2228252247326051e-07
7056,0.001700388594614368
7057,5.619026510831193e-05
7058,9.892004466076014e-06
7066,4.3404276016580926e-06
7067,0.0017451762883694687
7068,0.00034872147799988406
7069,0.0006079106289457479
7070,0.0006027575744803737
7071,0.00010078885573988523
7072,0.00010078885573988523
7077,0.00184677777097307
7081,0.0006390949449009883
7082,0.0002522223812205738
7083,0.0003868725636804145
7086,0.0017408358607678106
7088,5.153054465374221e-06
7089,0.0017459889152331848
7092,0.0017408358607678106
7093,0.0017408358607678106
7094,5.153054465374221e-06
7095,1.4615521964181918e-07
7096,0.0004996293659860963
7097,0.0001090383660840318
7100,0.12224514783296837
7101,0.12096119248536556
7102,2.3871303612168175e-06
7103,1.0433694624314322e-06
7105,0.004326018791914883
7107,5.275342121471052e-07
7108,1.4354660704923147e-07
7112,0.00010535156586401659
7113,0.00010535156586401659
7114,0.00010535156586401659
7120,0.0018996649549238253
7122,2.321310961775111e-05
7124,2.321310961775111e-05
7125,0.001922735963137726
7128,3.7208678601324087e-06
7130,5.72033989463566e-07
7137,3.862969263982722e-06
7139,1.421014038503129e-07
7140,4.696852897661377e-07
7144,0.00359258600120796
7145,8.803571126515454e-06
7146,0.12224514783296837
7147,4.115981718979454e-05
7148,0.0033717187352408215
7151,0.017549022617628106
7152,0.021875041409542988
7153,1.4748117887166795e-05
