chunk,load
0,0.0007693353704506878
1,0.0006600136080121605
2,0.0006600136080121605
3,0.0016971032720980762
4,0.001328303441032149
5,0.001328303441032149
6,0.001328303441032149
7,0.0016304811777304931
8,0.0016304811777304931
11,0.03059040327422201
12,0.030586580731775594
13,0.030586580731775594
14,0.030652158974689325
15,3.1324388684125747e-06
17,2.398977024386074e-05
18,2.839088785015792e-05
19,2.809315613280803e-06
20,2.809315613280803e-06
22,0.0004643867623911856
25,2.320385974546561e-05
26,2.320385974546561e-05
32,0.01217700210241927
33,0.004768233722603067
34,0.004303846960211881
35,0.004306656275825163
36,0.0009796201793311691
37,0.0009051850688629856
38,0.0007011855642673919
39,0.0007011855642673919
40,0.0007011855642673919
41,0.007180416300934081
42,0.0005795920789696264
43,0.007310233076555204
44,0.007180416300934081
45,0.007180416300934081
46,0.007180416300934081
50,0.0005027568610480467
51,0.0005027568610480467
52,0.03013708762014128
53,0.03013708762014128
54,0.03013708762014128
55,0.03013708762014128
56,0.0007139470910409938
57,0.0007139470910409938
58,0.0007139470910409938
59,0.0018781617410682017
60,0.0018053969716345106
61,0.0018053969716345106
62,0.0017978871350996896
63,0.040831531007334276
64,0.040831531007334276
65,0.040831531007334276
67,0.04081561179411681
68,1.591921321746633e-05
69,0.0035288723449195375
70,0.0035288723449195375
71,0.0025000506381178205
73,0.18403588075486066
74,0.16052717268319602
75,0.02004664932846193
76,0.00104287306705211
79,0.006498537239363113
80,0.00029978580649787185
81,0.0001715201569864131
83,0.00029978580649787185
84,0.0022335396700958686
87,0.06466656465026951
88,0.06466656465026951
90,0.06466656465026951
91,0.05788450686533029
92,0.05788450686533029
93,0.05788450686533029
94,0.05788450686533029
95,0.05788450686533029
96,0.05788450686533029
97,0.06438304410469341
98,0.06438304410469341
99,0.06425174486018966
100,0.06425174486018966
101,0.06425174486018966
102,0.0663485604758935
109,0.0067983230458609845
110,0.0018021182254910964
111,0.0024523164030485225
112,0.0018021182254910964
113,0.001366357193910767
114,0.0007179813664684356
115,0.0007411852262139012
116,0.0007314917090711321
117,0.0007193511870711442
118,0.0005079225249954556
119,0.0004894184432095408
120,0.0004894184432095408
121,0.0011263570080554276
122,0.0011263570080554276
123,0.0012069914149144757
124,0.0012050638240953125
125,0.03022937201734582
126,0.030208683217591407
127,0.030231887077336872
128,0.030208683217591407
129,0.030076986137111874
130,0.030076986137111874
131,0.030076986137111874
132,0.030076986137111874
133,0.030076986137111874
134,0.030095353167476645
135,0.030099084377799318
136,0.03009404147876856
137,0.03009404147876856
138,0.03009404147876856
139,0.030095912099266486
140,0.03009404147876856
141,0.030425264647380067
142,0.030402670615916182
143,0.0001877326583058285
144,0.0001877326583058285
145,0.0001877326583058285
146,0.0006931231304081733
147,0.000660365950949247
148,0.000660365950949247
149,0.0006595458395944273
150,0.000643600484071633
151,0.0006417788355142484
152,0.000637457452121536
153,0.0006425003511522928
154,0.0006334524597014456
155,0.0005027568610480467
156,0.0005027568610480467
157,0.0005027568610480467
158,0.007209620829189049
159,0.00720274095074979
160,0.013997251448165753
161,0.01363735571499276
162,0.012010348211063858
163,0.012014238375814714
164,0.012011579064974845
165,0.0113823504437084
166,0.0113823504437084
167,0.0113823504437084
168,0.0113823504437084
169,0.0113823504437084
170,0.0113823504437084
171,0.0113823504437084
172,0.011415928745167614
173,0.011415928745167614
174,0.010364000766068233
175,0.010364000766068233
176,0.010438652427225935
177,0.010437307097469407
178,0.000549387979242215
179,0.0008379471689601606
180,0.001328303441032149
181,0.001328303441032149
183,4.416983844859989e-06
184,6.95264450320745e-06
185,6.95264450320745e-06
186,0.006801463141919172
187,6.879878439260062e-06
188,0.0005027568610480467
189,0.030076986137111874
191,0.030318458333550985
192,0.12258318216808108
193,0.12237216858929112
194,0.12237216858929112
195,0.12237216858929112
198,6.511636668752719e-05
199,6.511636668752719e-05
200,2.878039402662027e-06
201,0.0005027568610480467
202,0.007180416300934081
205,0.0016971032720980762
206,0.00014262870578424035
207,0.0004671960780044664
208,0.0009796201793311691
209,0.0007151162630245546
210,0.01994334068402726
211,0.01994334068402726
212,0.14388557358197643
213,0.06466656465026951
214,0.0025000506381178205
215,0.0018021182254910964
216,0.0018021182254910964
217,0.0018113932393260094
218,0.001333376874684122
219,0.001333376874684122
220,0.0005079225249954556
221,0.00017906675564513243
222,0.00023648036248782647
223,0.0012860177106943957
224,0.009659026732474246
225,0.008952083401168173
226,0.007442553839093852
227,2.161128080248422e-05
228,0.0011365304140271894
229,0.0010383884872286369
230,0.00015855167197898206
231,0.0002566935987775345
232,0.000247167899119057
233,0.000247167899119057
234,4.3288570699539936e-05
235,0.0007262363164580294
236,0.005053384772540352
237,0.0044992076132770575
238,0.004257945885154875
239,0.0055344403658198
240,0.0022859867035105313
241,0.0031501857835913626
242,0.0026323625808279813
244,0.12237216858929112
245,0.12790353416855635
246,0.0022803045059189408
248,0.0008111022060555146
249,0.0005042644478027683
250,0.003213552264802132
251,0.0025740581256220385
252,0.12544295884353465
253,0.0011149191332247052
254,0.002983075017241016
255,9.019467177667743e-07
256,9.019467177667743e-07
257,0.0008567757145902249
258,0.0009283305409128206
259,0.012354060230917271
260,0.01610291345335522
261,0.013076382886607748
262,0.0010607084819413775
263,0.002352204897332968
264,0.0006188164066399202
265,0.0006142533364931186
266,0.0007304858537771732
267,0.0007304858537771732
268,0.0007969537218967646
269,0.000756686882992868
270,0.00012980013773873498
271,0.0007465329369093451
272,0.00011733665154488337
273,0.0027824505594875246
275,0.0027824505594875246
276,0.0008576776613079917
277,0.0027824505594875246
278,1.865541334008834e-05
279,0.0008576776613079917
280,0.0054494788334234845
281,0.0050992808145702275
282,0.005113617035236243
283,0.002215361391780231
288,0.002801105972827613
289,0.00025362405065301513
290,0.0001671737624999873
291,0.0001671737624999873
292,6.64678681195914e-05
296,1.1903955588734403e-06
297,1.1903955588734403e-06
298,1.1903955588734403e-06
301,8.645028815302779e-05
302,1.4595456954651689e-05
307,1.1903955588734403e-06
308,1.1903955588734403e-06
309,1.1903955588734403e-06
311,0.002899787211032408
312,0.0054638150540895
313,0.0001348285532412718
314,1.1903955588734403e-06
316,1.6275817230554183e-05
317,0.003971446823975721
318,0.0008092683240189753
319,0.0027605035406257435
320,0.0017333884906930478
321,0.0008126892791922704
322,0.0008126892791922704
323,1.1903955588734403e-06
324,1.1903955588734403e-06
325,0.1278412958412715
326,0.0006739785925649565
327,0.016407878400575792
328,0.0022803045059189408
329,0.003502496038954932
330,0.00013430716994932587
331,0.0004143122217835107
332,0.14185083724411043
333,0.14226514946589394
334,0.0007529492658855482
335,0.011743600436420277
336,0.00025493606045425156
337,0.00015069732418484795
339,0.0005241675874512146
340,0.0006544221939632205
341,0.0005241675874512146
342,0.012224911436942758
343,0.00034711572620072564
344,0.002696346415061484
345,0.00307511572406035
346,0.010864951667748582
347,0.010751807599857555
348,5.302575503629262e-06
349,0.0023071812910338855
350,0.000751775466804784
351,2.1869567128223496e-05
352,0.004147197342855392
353,0.0037400927337811617
354,0.0004827793732660626
355,0.0006883246935293729
356,5.302575503629262e-06
357,0.003458872649326019
358,0.13932089192001243
359,0.0007702445200174592
360,0.13932089192001243
361,4.9113786353658636e-05
362,0.13653675687680486
363,0.0006877038384339691
364,0.0006877038384339691
365,0.13932089192001243
366,0.0027841350432075895
367,0.0004827793732660626
368,0.0038942403372026558
369,0.13653675687680486
370,0.0039619736009527924
371,2.1869567128223496e-05
372,0.0007554371021841055
373,2.6452246820987158e-05
374,0.0004827793732660626
375,0.007434906269698434
376,0.006199348349137373
378,0.01598590151727614
379,0.00011685557598443643
380,3.506324244978158e-05
381,0.00011609638183783114
382,0.00011609638183783114
383,0.00011250801863394131
384,9.926933698396074e-05
385,0.0032065364987686864
386,1.2937111381048703e-06
388,0.00390505484926456
389,0.00010966807620782828
390,0.0006959519420488065
391,0.0037953867730567315
392,0.003588079302676743
393,0.003588079302676743
394,0.002681441435839825
395,0.002681441435839825
396,0.0029009693066210734
397,0.0029009693066210734
398,0.0006959519420488065
399,0.00808411835155484
400,0.00013983687228270533
401,0.00031613219436171867
402,0.00031613219436171867
403,0.00031613219436171867
404,0.00033980528042264473
405,0.004519767978842614
406,0.012464049458114749
407,0.007944281479272135
408,0.012698394017559223
409,0.014824185881555563
411,0.00011138680892882814
412,0.0003206929641638066
413,0.00030212991647693313
414,0.0002262163715951291
415,0.00019540500497653403
420,0.001725944055300309
421,0.001725944055300309
422,0.0025076937528143556
423,0.005040959363839888
424,0.005040959363839888
425,0.0035188072598351934
426,0.0049555882252822385
427,0.012980397221462806
428,0.000801597552882499
429,0.000801597552882499
431,0.0004539694782296498
432,0.0006067390037117277
433,0.0004539694782296498
434,0.0004539694782296498
435,0.00015624555525065828
436,0.00015624555525065828
437,0.00011292814416595854
438,0.007944281479272135
439,0.007944281479272135
440,0.019729583152270976
441,1.1903955588734403e-06
442,9.810986335352565e-05
443,0.0009284407005108004
444,0.011890336893694271
445,0.008694547953871257
446,0.009613455459135464
447,0.0006600903015004075
448,0.0009258834383324891
453,0.015526208143678702
454,0.004942897972051784
455,0.017119299463036034
456,0.01755746717654071
457,3.8337077115587484e-05
458,6.026922407660118e-06
459,0.0001268349219030745
460,1.014758879553265e-05
461,0.010119239341606284
462,0.010787177361606594
463,0.010787177361606594
464,0.010787177361606594
465,0.00996908820161021
466,0.01063035218131793
467,0.00032432623494865477
468,0.010306025946369276
469,0.011400962639790565
470,0.007922675907671069
471,0.0027828413320694846
472,0.0027828413320694846
474,0.00012540483422742704
475,0.0005444086552834728
476,0.007876824618565594
477,0.008958388357058885
478,0.00900423964616436
479,0.00038974403312600126
480,0.0001852062340386628
481,0.005117967788153016
482,0.00021691904911007106
483,0.0037263909533212297
484,0.004361955327599865
485,0.006097777517072743
486,0.00039580326535566004
487,0.00039580326535566004
488,0.0009314294352471659
489,0.0007032694186873106
490,0.011021309223233562
491,0.0018670510221587622
492,0.006336436601201984
493,0.006273682409973322
496,6.150956536532141e-05
497,6.150956536532141e-05
498,0.0012111778182677564
499,0.005257464534670117
500,0.00922907882408108
501,0.0003843766350543846
502,7.062531173030031e-05
503,0.000782202072697668
504,0.00013371726984842
505,1.0017991701633192e-07
506,0.007283209286582031
507,0.007283209286582031
508,0.012980397221462806
509,9.598566514494258e-05
510,0.0008126892791922704
511,0.0006142533364931186
512,7.017447092247362e-05
513,0.00039072796715898517
514,0.0026749855923282988
515,0.007183340773852841
516,0.00029261810380545953
517,0.0061253824384539515
519,0.0001593832230226562
520,0.00019810569354428422
521,0.00020657627617928518
530,9.502903826859746e-06
531,9.41518555300394e-06
532,9.665689922981402e-06
533,5.3880078761245444e-06
534,5.3880078761245444e-06
535,4.165356031948197e-05
548,0.0013824223061992464
549,0.0013824223061992464
550,0.0014178783767352567
551,0.0020160022358881678
555,0.0008938345824445171
556,0.0008938345824445171
557,0.0008938345824445171
558,0.0008938345824445171
559,0.0008938345824445171
560,0.0008938345824445171
561,0.0008938345824445171
562,0.0008938345824445171
563,0.015230464415092035
564,0.01862445428651648
565,0.13713699371291016
566,1.2937111381048703e-06
567,0.01683521297562448
568,3.506324244978158e-05
569,0.017395552876381008
570,0.0006493506224589669
571,0.0020848661175592842
572,0.00015652833402056684
573,0.13717205695535994
574,0.13922185983046945
575,0.0035767799607454597
576,0.0006493506224589669
577,0.0006493506224589669
578,0.00016567169361834938
581,0.0002036779240544759
582,0.009039915567808766
584,0.007430918777725978
586,0.006397804800353177
587,0.006261652239104518
588,0.006261652239104518
589,0.010437660566045639
590,0.010437660566045639
591,0.010437660566045639
592,0.008639253898206066
593,0.00840547182162907
594,0.011435803693336955
595,0.2668856426570465
596,0.0018743607653138076
597,0.0018743607653138076
598,0.0018870330096905977
600,0.0030303318717078854
601,0.0030303318717078854
602,0.0018870330096905977
603,0.0018870330096905977
604,0.0011139886065733371
605,0.0009413772907019137
606,0.006397804800353177
607,0.0008450693307152131
608,0.2680970674423329
610,0.06894298441472474
611,0.06847690601909222
612,0.0004311104930194382
613,0.0004311104930194382
614,0.19919179445148497
615,0.19604140215957533
616,0.011021309223233562
617,0.016812321489673675
618,0.010252865394140257
619,0.01031966088348246
620,0.0001626840344303494
621,0.000260579005621527
622,0.000260579005621527
623,0.000260579005621527
624,0.00021730194260727995
625,0.00021730194260727995
626,9.789497119117758e-05
627,0.009544650061981661
628,0.0008837168180259917
629,0.0008837168180259917
630,0.02563526261180299
631,0.024810679106269544
632,0.024846135176805555
633,0.024846135176805555
634,0.024846135176805555
635,0.006857798777313878
636,9.793959213815845e-05
637,9.793959213815845e-05
638,5.4573287229949685e-05
639,0.006693190762923143
640,0.006759859185175719
641,0.006759859185175719
642,0.006626251584875623
643,6.679548934220337e-05
644,0.006393893257145094
645,0.00019114686863806691
646,0.010232576937625299
647,0.010232576937625299
648,0.006677798217400561
649,0.016124553308191045
650,0.016160009378727056
651,0.016160009378727056
652,0.016160009378727056
653,0.00022474871411507955
654,0.02496391949211226
655,0.0247454729190525
656,0.02475177506010782
657,0.024810679106269544
658,0.024810679106269544
659,0.00035507816591927744
660,0.0020307909196681183
661,0.0020307909196681183
662,0.002022980292395696
663,4.655484225199322e-05
664,0.0020529019035724055
665,0.00528472430930496
666,0.00528472430930496
667,0.00528472430930496
668,4.655484225199322e-05
669,0.005331279151556953
670,7.328296545660417e-05
671,0.005396130754945546
672,0.005412573109036899
673,5.144679908450115e-05
674,2.7673412417489946e-06
675,0.005361126309952398
676,0.003133164088309747
679,7.810627272422521e-06
680,7.810627272422521e-06
681,7.810627272422521e-06
682,0.0013743812865880895
683,0.005325308636302682
684,0.00018370226334642336
685,0.0015479789460740318
686,1.528786063152291e-05
687,0.00045633635765303973
688,0.0004410484970215168
689,0.0004410484970215168
690,0.0047894253211922845
691,0.005230473818213802
692,0.0047894253211922845
693,0.004794965594585114
694,0.00022479141698476045
695,0.0002801368616907628
696,0.00486005862652981
697,0.0007100575599538451
698,0.06587846152315086
699,0.06590526785971469
700,1.4265810958309565e-05
701,4.067211078908634e-05
702,0.0020562703692443003
703,5.4937921747395905e-05
704,0.06543594621961887
705,0.0658769947166404
707,0.0658769947166404
708,0.06377528838658068
709,0.00011699218480387714
710,4.313297839715748e-06
711,4.107214752214788e-05
712,0.007337626212877366
713,0.0015686114270970584
714,0.0015789091006678379
715,0.00012801929812793463
716,0.0638617621527628
717,5.264569661565683e-05
718,5.264569661565683e-05
719,5.264569661565683e-05
720,0.00015102556677895127
721,0.00011267888696416139
722,6.677049367522029e-05
723,4.7653909395279105e-05
728,4.7653909395279105e-05
729,0.1895838451499685
733,0.005769014785780307
734,1.0297673570779383e-05
735,0.005779312459351087
744,0.004150001066575965
746,0.0007085907534433847
747,0.06403640570625907
748,0.004150001066575965
749,0.004150001066575965
750,0.004150001066575965
755,0.0015632668067055546
756,0.0015522922439137475
757,0.0015522922439137475
758,0.0015522922439137475
760,0.0015419375458950058
761,2.1967861316953525e-05
762,2.1967861316953525e-05
763,0.0637862629493725
764,0.06377528838658068
765,1.097456279180716e-05
766,1.097456279180716e-05
767,6.677049367522029e-05
768,0.00017944938063938168
770,0.00012697790376502832
771,0.0020749062820498904
772,0.0010212347214135276
773,0.0016828403604226784
774,0.001679826125178041
775,0.002733497685814404
776,0.0010069732151480972
777,0.0012539617948544239
778,0.0010983062628521834
779,3.0262787762839674e-05
781,0.0017804750148189934
782,0.0014723113174313245
783,0.0009383290365051534
784,0.0009383290365051534
785,0.0009383290365051534
786,0.0009383290365051534
787,0.0009343071114968093
788,0.005920841086854885
789,0.005916091117587509
790,0.0010235827783410243
791,0.0019096016158131094
792,0.19605219543363905
793,0.00631497217129773
794,0.010263850694469084
795,0.006080469047805351
796,0.006080469047805351
797,0.004320899832382971
798,0.1940581230947243
799,0.1940594845569483
800,0.1899252530984773
801,0.1900203969893888
802,3.656761181954235e-05
803,8.453622594132692e-05
804,1.6568556034368483e-05
805,9.776766294877036e-06
806,0.034573588583213896
807,0.029602671088165645
808,0.029602671088165645
809,0.029602671088165645
810,0.0006436947435045353
811,0.0029331843941541335
812,3.1358441644711376e-05
816,0.0016628420778588308
817,3.566267844169885e-06
818,3.566267844169885e-06
819,0.00025077497017344396
820,0.0005597062795397855
823,7.119436923262461e-05
824,7.119436923262461e-05
826,7.119436923262461e-05
827,7.119436923262461e-05
830,0.00030893130936634155
831,0.00030893130936634155
832,0.0019094181114541655
834,0.0019094181114541655
835,0.001914021149780501
836,0.00024720870232927407
837,0.00024720870232927407
838,0.00024720870232927407
839,0.034583365349508774
840,0.0017804750148189934
842,0.0003090022220510163
843,0.0003090022220510163
844,2.1303660899227925e-05
845,0.0020154634343835095
846,0.0008770225934649056
847,0.0011384408409186037
848,0.0005213592336218453
850,0.001659800074540449
851,0.001659800074540449
852,0.00030893130936634155
853,0.00030893130936634155
854,0.00033030588295024425
855,0.00030945557389212966
856,0.001659275810014661
857,2.1898838109690782e-05
858,5.553943641440812e-05
859,4.429055626066364e-05
860,3.1358441644711376e-05
861,3.1358441644711376e-05
863,0.1901859276628189
864,0.19017268035756515
865,0.19021102703737994
866,0.19021102703737994
868,3.5025202324729085e-05
869,3.287493431440221e-05
870,0.0005893794869632174
871,0.0005971736121822325
872,0.0007201258660288666
873,0.00012110383776086927
874,0.0004848774113251183
875,0.03355151976624761
876,0.02942349051854931
877,0.02942650475379395
878,0.0354069648327921
879,0.03525130930078986
880,3.0035694040123122e-05
882,0.006183577432935824
883,0.00028611498646149985
884,0.008485966685434899
885,0.06875374196509633
886,0.004169084375746715
887,7.794125219015175e-06
888,3.834667981478989e-05
889,0.00015565553200224053
890,0.0026980466113469314
891,0.0024796000382871736
892,0.0024796000382871736
893,0.027225072957339672
894,1.1045692003857207e-06
895,0.0004501663677886322
897,0.001391351024068084
898,0.001391351024068084
899,5.7313701062569445e-05
900,1.190564371965723e-06
901,0.0006454160712146533
902,5.6005300378713454e-08
904,0.0004034894629357171
905,0.0003939572359264484
906,0.0007974466988621656
907,5.6005300378713454e-08
909,0.06383189048207126
910,5.0175712363069506e-05
913,5.4937921747395905e-05
914,5.4937921747395905e-05
917,0.21958298442597277
918,0.21949837436579445
919,0.21949837436579445
920,0.21949837436579445
921,0.2193551982506768
922,0.002236132207941437
923,0.001174153908470361
924,0.0007227168590092836
925,3.148453189246297e-05
926,0.0006912323271168206
927,0.0006896821207107168
930,0.0006896821207107168
931,0.0006896821207107168
932,0.0006896821207107168
933,0.001318377275334985
934,0.21254691901782036
935,0.21461000945922518
936,0.214247563900992
937,0.21423903336934513
938,0.0023196076940311706
939,0.2437850689268459
940,0.2437850689268459
941,0.24245254813621392
942,7.181443721649864e-05
943,8.732704758865955e-05
944,0.0037235699058536203
945,0.00447363374662031
946,0.00447363374662031
947,0.005185823552188893
948,0.005134008538868447
949,0.005656762851403654
950,0.004716475591284294
951,0.004716475591284294
952,0.0006793002469391195
953,0.0006793002469391195
954,4.780687464634804e-05
955,3.840145222644524e-05
956,3.840145222644524e-05
957,0.00016915577491097663
958,3.489381827049453e-05
959,0.006196871142716515
960,0.006161977324446021
961,0.005874385493118256
962,0.006008647449758738
963,0.00214990538603737
964,0.002162142459661138
965,0.001146136896937406
966,0.0011904825632768836
967,0.0026675228393424166
968,0.0026675228393424166
969,1.6994722534698224e-05
973,5.4937921747395905e-05
974,5.4937921747395905e-05
978,0.06570224533433949
979,0.06551948253787518
981,9.876251882005846e-05
982,0.000657440488998831
983,0.0007027812237829761
984,0.0006633463432048259
985,3.4937623792876004e-05
986,0.0007562030078188895
987,0.00039297823867254954
988,0.0003081102197355546
989,0.00017552628039276075
990,0.00027383374381405263
991,0.00027383374381405263
992,0.0002484662015225574
993,0.0002016265598243306
994,0.0002233602121925722
995,0.06561444316304015
996,0.005650902333141839
997,0.001743929688540231
998,0.001743929688540231
1000,0.001743929688540231
1001,0.001743929688540231
1006,0.004947857479852909
1007,0.004947857479852909
1008,0.004463372047058035
1009,0.004463372047058035
1010,0.004463372047058035
1011,0.006722928366681992
1012,0.0033948855905166094
1013,0.0033948855905166094
1014,0.0033948855905166094
1015,0.0012990867360675744
1018,0.0012990867360675744
1019,0.0012990867360675744
1020,0.0004346635812936038
1021,0.0004346635812936038
1022,0.0008278063863028656
1023,0.0002233602121925722
1024,0.0010511665984954378
1026,0.0026675228393424166
1028,0.0026675228393424166
1029,0.0026675228393424166
1030,0.0026675228393424166
1032,4.339632811180097e-05
1033,0.0035274121750171767
1034,0.0002036779240544759
1035,0.0005444086552834728
1036,9.926933698396074e-05
1037,3.506324244978158e-05
1038,3.506324244978158e-05
1039,0.0002624821983597615
1040,0.00025156633544488346
1041,0.0016432713110913167
1042,0.003857010099208934
1043,0.008102146167826653
1047,0.0006493506224589669
1050,9.926933698396074e-05
1052,0.0027828413320694846
1054,9.926933698396074e-05
1055,9.926933698396074e-05
1058,0.0002036779240544759
1059,0.00904067476195537
1060,0.0002456982585358877
1061,0.00025156633544488346
1062,0.000260709695042666
1064,0.017260595144780153
1066,0.0024151703956788524
1067,0.013412933617375574
1069,4.2020334481411793e-05
1070,0.0006493506224589669
1071,0.008406900646627857
1072,0.0003227784885221693
1073,1.6066361361953247e-05
1074,0.017210861389456416
1077,9.926933698396074e-05
1080,0.0002707406316763975
1081,0.0006493506224589669
1084,0.013412933617375574
1085,9.926933698396074e-05
1086,0.0002707406316763975
1087,0.0008031443028405384
1088,0.017260595144780153
1089,9.926933698396074e-05
1090,9.133645219705329e-05
1091,0.01727846511814737
1093,0.0027828413320694846
1094,0.002817904574519266
1095,3.1599188536006794e-05
1096,0.0010104842342572628
1097,0.0009788850457212559
1098,0.0006751268629677886
1099,0.000532403671164141
1100,0.1572304994423793
1101,0.0127319838063806
1102,0.0127319838063806
1103,0.013380798341046342
1104,0.002559344753275577
1105,1.2937111381048703e-06
1106,0.0006488145346657411
1107,0.002559344753275577
1108,0.01343016132961462
1109,0.01343016132961462
1110,0.01343016132961462
1111,0.019728603445858677
1112,0.018197077029105623
1113,0.01556220422156522
1114,0.015591610046689805
1115,0.21978753104972354
1117,0.0031237896241008054
1118,5.902051029360152e-05
1119,0.00309438379897622
1120,2.9405825124585418e-05
1122,0.00309438379897622
1123,0.0004595109914358164
1124,0.0004595109914358164
1125,0.008773866869978521
1126,0.0005390534406616938
1127,0.0004595109914358164
1128,2.9405825124585418e-05
1129,0.003963128389118487
1130,0.0018978367811629147
1131,0.0006633463432048259
1133,0.0018810533392147409
1134,0.0013083944175303907
1135,0.0013083944175303907
1136,0.0012393669554811638
1137,0.0012393669554811638
1140,0.0018810533392147409
1141,0.001457304128028396
1142,0.0005726589216843501
1143,0.0005726589216843501
1145,0.0012393669554811638
1146,0.0005726589216843501
1147,0.001812025877165514
1148,0.0015155282247605918
1149,0.08484859742517566
1150,0.011108138669955593
1151,0.001426692165790413
1153,0.0025477613730115548
1154,0.00035057037355808266
1155,0.0004595109914358164
1156,0.0004595109914358164
1157,2.9405825124585418e-05
1158,2.9405825124585418e-05
1159,0.0005390534406616938
1160,0.0004595109914358164
1162,0.0005390534406616938
1163,0.0005390534406616938
1167,2.9405825124585418e-05
1168,0.00011707356492462471
1169,0.0002747607608125503
1170,0.00011707356492462471
1171,0.00011707356492462471
1172,0.00580563791369054
1173,0.004023781646406027
1174,0.030473577353535158
1175,0.0314150871532134
1176,0.031182229059813694
1177,0.001558993056508195
1178,0.06529887560579764
1179,0.0006725445615261032
1180,6.494603304819248e-06
1181,0.005560598150222522
1182,0.005560598150222522
1183,0.0009637430837919798
1184,0.0015506786195096554
1185,0.0002667090900991345
1186,0.003108674282254785
1187,0.0032273244725271504
1188,0.0032273244725271504
1189,0.005293377407758938
1190,1.6060138427877903e-05
1191,0.005309437546186816
1195,0.0026741450821648497
1196,0.0007628629348862506
1197,0.0025512755231528674
1198,0.02919769181119541
1199,0.02919769181119541
1200,0.02919769181119541
1201,0.02919769181119541
1202,1.1954593206415251e-05
1203,0.00036759135808331334
1204,0.024902285528584103
1205,0.00010220944099120206
1206,0.02665837088124896
1207,0.029565283169278724
1208,0.00047258124396135125
1209,0.030079207508684494
1210,0.030079207508684494
1212,0.030136223924667364
1213,0.005701129674510253
1214,0.0048271322460977425
1215,0.0020687849254959726
1216,0.002159803009353651
1217,0.0020768304915059384
1218,0.004124631146847078
1219,0.00019511306801442104
1220,0.00021463715511422238
1221,0.029606626264723143
1222,9.906364986764502e-05
1223,9.101808385767883e-05
1224,9.060601001360462e-05
1225,0.00018162409387128346
1226,0.0023272435500925302
1227,0.04199223465779694
1229,6.867510856132215e-05
1230,6.147583954156316e-05
1231,0.0004891286523248375
1232,4.8480270931918444e-05
1233,3.465678940560852e-05
1236,8.800706288397437e-05
1237,0.00024520684962695157
1238,0.00024520684962695157
1239,0.0006155039671241967
1240,0.0024360710263627624
1241,0.002385625019183316
1242,0.0006862051734716616
1243,0.0022415969811742952
1244,0.0008021831036902707
1246,0.00021463715511422238
1247,0.002105881169470325
1248,8.045566009966186e-06
1249,3.6196664409490665e-05
1250,8.664267158893713e-05
1251,0.0006862051734716616
1252,0.00018816395266773252
1253,0.0006862051734716616
1254,0.0051315522918222185
1255,0.004937876564279818
1256,0.00019367572754240016
1257,0.000264210297769427
1258,0.000264210297769427
1259,0.014864572948303815
1260,0.014864572948303815
1261,0.0005645221720406075
1262,0.0005645221720406075
1263,0.0005645221720406075
1265,0.0008631786111455518
1266,0.01012004910697212
1267,0.0002100642427134261
1269,0.0036447256055222228
1270,0.0036447256055222228
1271,0.0036447256055222228
1272,0.00015915025095763764
1273,0.0017914909320449327
1274,0.00032254036556815947
1277,0.0007595507485082173
1278,0.014300050776263208
1279,0.00028411255541044007
1281,0.0006049844727813915
1282,0.015956856061270237
1283,0.0006566023349662667
1284,0.002643816630985024
1285,0.002643816630985024
1286,0.0026882990990088032
1287,0.0031455311681738056
1288,0.002059962713486992
1289,0.0010855684546868137
1290,0.0010855684546868137
1291,0.0040285370954406185
1292,0.00044064838139291906
1293,0.00044064838139291906
1294,0.001101053606339319
1295,0.0001238255338272714
1296,3.106582043642495e-05
1298,0.0006081499296263352
1299,0.00047477645102070803
1311,0.030936732111341066
1312,0.030936732111341066
1316,0.03046195566032036
1317,0.015540794064701368
1318,0.006677798217400561
1319,0.006677798217400561
1320,0.024751545793776995
1321,0.024751545793776995
1322,0.03198718281184336
1323,0.03142934401117756
1325,0.015799734754279284
1326,0.015639706135203775
1328,0.015540794064701368
1329,0.015540794064701368
1332,0.001064488719212255
1333,0.030936732111341066
1337,0.003994901593529404
1338,0.0001444006252415886
1339,0.0027934834944662837
1340,0.0009496335191024021
1341,0.0010855684546868137
1343,0.0012860177106943957
1344,0.009659026732474246
1345,1.8457252706323172e-05
1346,4.3288570699539936e-05
1347,0.00025370812504300774
1349,0.0002589406895779141
1350,0.0002589406895779141
1352,0.006508466763867176
1353,0.00020453779908733848
1354,0.0006799741352820747
1356,0.0007257228910849095
1357,4.165356031948197e-05
1359,3.5456070536010234e-05
1360,3.5456070536010234e-05
1361,0.010437660566045639
1362,0.011435803693336955
1363,0.06894298441472474
1364,0.06846843657762552
1365,0.19604140215957533
1366,5.4573287229949685e-05
1367,0.0006028809907049799
1368,5.777339003243972e-05
1370,0.0247454729190525
1371,0.0020160022358881678
1372,0.00048128620538250775
1373,0.00023593927409843035
1374,5.4214140326250145e-05
1375,1.46680651046045e-06
1376,0.065919533670673
1377,0.002015598258455214
1379,5.4937921747395905e-05
1380,0.03289269438800839
1381,0.22213372923264132
1382,0.18953619124057325
1383,0.06453477693147985
1384,0.00010606399421050005
1385,0.0009383290365051534
1387,0.004947857479852909
1388,0.0001229522538466341
1389,0.0024796000382871736
1392,0.2123618221599968
1393,0.0022996518323535817
1394,0.005158152537142671
1395,0.0026675228393424166
1396,1.6960999374253318e-05
1397,2.767101504622225e-05
1398,0.0026675228393424166
1399,0.004232969257338479
1400,0.0002484662015225574
1401,0.0002233602121925722
1402,0.06603293122113295
1404,0.004947857479852909
1406,0.0006640381530652553
1407,0.0037809229936944196
1408,0.001560238952198366
1409,0.0030490940093404993
1410,1.9117748352745017e-06
1411,0.0004963754291798387
1412,0.00019511306801442104
1413,0.0026741450821648497
1414,0.0023044798377878984
1415,0.00034900512635617097
1416,0.00036759135808331334
1417,8.045566009966186e-06
1418,0.001276364341013123
1420,8.664267158893713e-05
1421,0.0031104007276649124
1422,4.424223041945685e-05
1424,8.800706288397437e-05
1425,3.106582043642495e-05
1426,0.001440681872201093
1429,0.03046195566032036
1430,0.024751545793776995
1431,0.03142934401117756
1432,0.014824185881555563
1433,0.00024341116823131166
1434,0.0008079790668627064
1435,0.0008079790668627064
1437,0.009688759681232562
1438,0.02785997140090736
1439,0.001366357193910767
1440,0.001366357193910767
1441,0.001366357193910767
1442,0.02837006896307557
1443,0.009890839278463135
1444,0.025798038353986693
1445,0.02580727834348918
1446,0.026030058927693618
1447,0.02665852796734234
1448,0.01775946617541495
1449,0.03833521942742214
1450,0.03586819074578849
1451,0.0008789716097180461
1452,0.00046554064957846173
1453,0.000785100541455115
1454,0.00037554415302231184
1455,0.008088071378961876
1456,0.007897451155339557
1457,0.00792070541562684
1458,0.0031646259405525155
1459,0.0031646259405525155
1460,0.019913796826132507
1461,0.028798855257804564
1462,0.0004989472468982656
1463,0.0018220212570909688
1464,0.0020185640035526977
1465,0.0005571128698073746
1466,0.0005571128698073746
1467,0.0005571128698073746
1468,0.0008091694722143782
1469,0.0004343012411796338
1470,0.0004343012411796338
1471,0.0002681166549327825
1472,0.00037311783608663017
1473,0.00037486823103474433
1474,0.00037486823103474433
1475,0.00491507952200174
1476,0.002447344892738971
1477,0.01131389108885032
1478,0.011299355206035935
1479,0.009677380801414861
1480,8.48607583555517e-05
1481,0.0005571128698073746
1482,0.004781940461640279
1483,0.017861562162822222
1484,0.00045525136540375803
1485,0.0009305626374434279
1486,0.0009305626374434279
1487,6.762521687668846e-05
1488,0.003057256784226705
1489,0.015057564980445975
1490,0.015057564980445975
1491,0.0003666589069626933
1492,0.0003666589069626933
1493,0.0027421556444874513
1494,0.0029358800065900493
1495,0.00037311783608663017
1496,0.00037311783608663017
1497,0.00012481082309749654
1498,0.001017102171034673
1499,0.0073647039983941774
1500,0.015074193630888631
1501,0.0009667898439109253
1502,0.0009667898439109253
1503,0.017861562162822222
1504,0.00030855883747572886
1505,0.008661629369920251
1506,0.00046554064957846173
1507,0.008088071378961876
1508,0.009127170019498714
1509,0.025798038353986693
1510,0.00037554415302231184
1511,0.00037554415302231184
1512,0.03356461626537792
1513,0.03514508347312994
1514,0.0026785401541727667
1515,0.010461828803482932
1516,0.030344338402081013
1517,0.008088071378961876
1519,0.02785997140090736
1520,0.009365991119760187
1521,0.011418221712011633
1522,0.003057256784226705
1523,0.003057256784226705
1525,9.939664116993687e-05
1526,8.48607583555517e-05
1527,0.00018947896799759642
1528,0.0013798049494282661
1529,0.0013798049494282661
1530,0.0010107027468458296
1531,0.0010107027468458296
1532,0.002890278103262946
1533,0.002890278103262946
1534,0.002890278103262946
1535,0.0009981878543201164
1536,0.0006197018196723119
1537,0.00045525136540375803
1538,0.0025074894115931974
1539,0.002858568878952543
1540,0.0016357276707181436
1541,0.001635003453681369
1542,0.004510738101018909
1543,0.00013000514925440214
1544,0.0001340164469049504
1545,5.0826193275226814e-05
1546,0.0031566534253966417
1547,0.002858568878952543
1548,0.003022952289982439
1549,0.001931218098660688
1550,0.004914651478541571
1551,0.004225032676405306
1552,0.004225032676405306
1553,0.004113735831599559
1554,0.004113735831599559
1555,0.0004203376933614674
1557,0.002586120849227506
1558,0.003654207807742212
1559,0.00013000514925440214
1560,0.0016221615607923596
1561,0.0026313389833189974
1562,0.0022540171106960128
1563,0.0022540171106960128
1564,0.0005987059670750292
1566,6.501913915579348e-05
1567,6.501913915579348e-05
1568,6.918961517820068e-05
1569,0.005024412852234494
1570,0.0049290186957497715
1571,0.004914651478541571
1572,0.004914651478541571
1574,0.0010107027468458296
1575,1.2841892889009367e-05
1576,1.4367217208201012e-05
1577,0.0010091774225266378
1578,0.0010091774225266378
1579,0.00024580411880858907
1580,0.0002691575250941606
1581,0.00010218281965823772
1590,0.00010218281965823772
1591,0.001635003453681369
1592,0.0025074894115931974
1593,0.0025074894115931974
1594,0.0025074894115931974
1595,0.0025074894115931974
1596,0.005335497076309533
1597,0.0006255185218404399
1598,0.002979001506659822
1602,5.0826193275226814e-05
1603,5.0826193275226814e-05
1604,0.0035854043699265798
1605,0.004210922891767019
1606,0.002828007664716336
1608,0.002828007664716336
1609,0.002828007664716336
1611,0.004210922891767019
1612,0.004822397899047966
1613,0.004171441232548335
1614,0.0018403567804383312
1615,0.0018403567804383312
1616,0.0018403567804383312
1617,3.443440810855785e-06
1618,3.443440810855785e-06
1619,9.609463198828247e-07
1620,9.609463198828247e-07
1622,1.0280426813985572e-06
1623,0.004171441232548335
1624,0.004171441232548335
1625,0.0018403567804383312
1626,3.615639203859812e-05
1628,2.2358933091437617e-05
1629,2.2358933091437617e-05
1631,3.122243786860251e-05
1632,0.00010205629733911279
1634,8.703415078890257e-05
1635,8.131849860128802e-05
1636,5.551391519375316e-05
1637,8.402721730463011e-05
1638,3.53607601186863e-06
1639,0.0001304527743572041
1640,0.0001304527743572041
1641,0.0002764278121428808
1642,0.00021034963642681595
1643,0.00019051032201745598
1644,0.00020499240764358616
1645,0.00020499240764358616
1646,0.00020499240764358616
1647,8.066240047445906e-05
1648,8.066240047445906e-05
1649,8.066240047445906e-05
1650,9.84094962668663e-06
1651,0.06381760152595706
1652,2.489991369771292e-06
1653,7.794125219015175e-06
1654,5.304133849243883e-06
1655,0.003104559786518098
1656,0.00028468100336228686
1660,7.810627272422521e-06
1662,0.0015199696845780524
1663,0.00014180647527196278
1664,0.004570174177600353
1665,9.747587238694346e-06
1666,5.540273392828563e-06
1668,1.528786063152291e-05
1669,5.540273392828563e-06
1671,1.528786063152291e-05
1672,0.0004410484970215168
1673,0.0004410484970215168
1675,0.0004410484970215168
1677,4.107214752214788e-05
1678,4.107214752214788e-05
1679,0.004579921764839047
1680,0.0007085907534433847
1689,0.06393034171204856
1693,0.00011267888696416139
1695,4.5385445361863626e-05
1696,0.00011267888696416139
1697,0.015390520982363215
1698,2.484041060645173e-05
1699,0.010853585500499134
1700,0.0008152515390575944
1701,0.004556423020806481
1702,0.004556423020806481
1703,0.004556423020806481
1704,0.0009076280197475464
1705,5.3936891209465146e-05
1706,0.00038453132922604467
1707,0.0006274692009844876
1710,0.00040955638843280317
1711,0.0004346635812936038
1712,0.0004346635812936038
1713,0.00030855883747572886
1715,1.712573714639721e-05
1716,0.004551016458056481
1717,0.0015139237724389075
1718,0.0015139237724389075
1719,0.0009120182627176468
1720,0.001629020823936589
1721,0.00022944905608244962
1722,0.00022944905608244962
1723,0.00011509705149768138
1725,0.0004989472468982656
1726,6.676217334090846e-05
1727,0.005338900071183414
1728,4.658148159305322e-05
1729,0.005292318589590361
1735,2.9405825124585418e-05
1736,0.004514504425694
1772,2.8507516759184875e-05
1773,1.405243129161245e-05
1775,1.405243129161245e-05
1776,4.255994805079732e-05
1777,5.551391519375316e-05
1778,5.551391519375316e-05
1779,8.131849860128802e-05
1781,8.131849860128802e-05
1782,8.994293429261933e-05
1783,0.0001984030125914742
1784,0.0001984030125914742
1785,5.9619887877008345e-05
1786,1.9920047324476666e-06
1787,0.00013878312471446585
1788,0.0002303003917132339
1789,0.0002303003917132339
1790,8.402721730463011e-05
1791,8.402721730463011e-05
1793,8.066240047445906e-05
1796,0.00024016820958251938
1797,0.00024016820958251938
1798,0.00024016820958251938
1799,0.00024016820958251938
1801,0.0023749413358953
1802,0.004004686029080914
1803,4.905617638650005e-05
1807,0.00974207582123633
1808,0.00974207582123633
1809,0.00974207582123633
1810,0.009456193631839676
1811,0.009456193631839676
1813,0.00045470506931484826
1814,0.016204743367236315
1815,0.007040533168824282
1817,0.0009052571047488477
1818,0.0008932667591625728
1819,0.0008949697296986138
1820,0.0002662971068691752
1821,1.7976386646201687e-06
1822,1.7976386646201687e-06
1823,2.49533911039828e-05
1824,2.3745580630808093e-05
1826,0.00010599353832503872
1827,2.3745580630808093e-05
1828,0.00010599353832503872
1829,1.076412987646059e-05
1830,1.2694784386917298e-05
1831,0.0001297391189558468
1832,0.00014229439345804032
1833,1.2555274502193499e-05
1834,1.2555274502193499e-05
1835,0.007040533168824282
1836,0.007040533168824282
1837,0.000283825594869807
1838,0.000283825594869807
1839,0.0017754698630102817
1840,0.001606013081530887
1841,5.263057997687964e-06
1842,0.0001747198394770826
1848,0.015750038297921466
1849,0.015750038297921466
1851,0.015750038297921466
1853,0.015750038297921466
1855,0.015270624916068223
1857,0.00010892272457089395
1858,0.01404951085103205
1859,9.844898828694756e-06
1860,1.7029705360409156e-06
1861,0.00010721975403485303
1862,9.522940844857813e-05
1863,0.0008925623203619305
1864,0.001829353603765921
1865,0.0009367912834039906
1866,0.014059355749860744
1868,0.00973576735841752
1869,0.00973576735841752
1870,0.00973576735841752
1871,0.0007739155683656377
1874,2.3032772757219578e-05
1875,0.0016482313902960776
1876,0.0010700474104002702
1877,0.001266201160853452
1878,0.001266201160853452
1879,0.001984424444616478
1880,0.0007831602725678512
1881,0.002435777702941181
1882,0.06679402572574818
1883,0.0008782395203572391
1884,0.001266201160853452
1886,0.04336866681457055
1889,0.0006688183794570831
1890,0.001592207861504244
1891,0.0004312144081309916
1892,0.0004312144081309916
1893,0.0004312144081309916
1895,0.00011207705753448536
1896,0.00011207705753448536
1897,2.7172963997689627e-05
1898,2.7172963997689627e-05
1899,0.002824190416609067
1900,0.0014648638325243139
1901,0.0008321934714233019
1902,0.0006957125233518782
1903,0.002141731135179788
1904,0.001047335721804021
1905,0.01755746717654071
1908,0.01755746717654071
1909,0.01755746717654071
1910,0.019714267193007545
1911,0.019714267193007545
1912,0.000674856454735237
1913,0.0014533710822731704
1914,0.0005432914656654769
1915,0.042585753697030784
1918,0.001266201160853452
1919,0.0006688183794570831
1920,0.00019928888252551438
1921,0.02912707229760071
1922,0.026501261007145168
1924,0.02912707229760071
1925,0.02912707229760071
1926,0.0005352621820265409
1927,0.0003817176494255619
1928,0.00015354453260097898
1929,0.0003305747376926063
1930,0.028318011939183103
1932,0.0005795920789696264
1933,0.0005576065330266775
1934,0.005350622153487761
1935,0.005350622153487761
1936,0.00031956596251017904
1937,0.07026319545943811
1938,0.00037990333249862576
1940,0.005031056190977582
1942,0.00022491234640731328
1943,0.00022491234640731328
1944,0.06922980342868935
1945,0.0006688183794570831
1947,0.00037990333249862576
1948,0.00014274532465462467
1949,0.0012010745472112235
1950,0.07051304499765328
1951,0.0002492817120650276
1952,0.00025594917440387323
1953,0.00039259937476843784
1954,0.00035984304791806263
1955,0.0003656517337998281
1956,0.00014293494949202808
1958,0.027957635622793867
1959,0.026183266345609604
1960,0.025996090101197175
1961,0.026173411493323338
1962,0.002201021343502706
1963,0.001926074063091734
1964,0.0018109622503232243
1965,0.0018109622503232243
1966,0.0018437185771735995
1967,0.028311669984830163
1968,0.028311669984830163
1972,0.034944258199747065
1973,0.00447363374662031
1974,0.2373691220499808
1975,0.2373691220499808
1976,0.2373691220499808
1977,0.0023141225674503936
1978,0.0023141225674503936
1979,0.0023141225674503936
1980,0.22181960473064471
1981,0.22181960473064471
1982,0.22181960473064471
1983,0.034944258199747065
1984,0.034944258199747065
1985,0.2373691220499808
1986,0.23006637337290048
1987,0.23006637337290048
1988,0.23006637337290048
1989,0.23006637337290048
1990,0.22181960473064471
1991,0.22181960473064471
1992,0.21976239556745564
1993,0.00447363374662031
1994,0.0005858771391720891
1995,0.0031104007276649124
1997,0.0416337375799574
1998,0.044158261168450216
1999,0.04932938489230636
2000,0.048910479032279026
2001,0.048910479032279026
2002,0.0021956690089674955
2003,0.0010694097319329469
2004,0.0004357726033080649
2005,0.0004357726033080649
2007,0.0004189058600273287
2008,0.0004203855591869977
2009,0.0008263257226345108
2010,0.000628482925467964
2011,0.025084793400479713
2012,0.025748273018752713
2013,0.026213456341966045
2014,0.026213456341966045
2015,0.00010567902199722216
2016,0.025713276325947675
2017,0.025713276325947675
2018,0.0008077732210538891
2020,0.048910479032279026
2021,0.04898564551586111
2022,0.024835136219149283
2023,0.0011167902812225675
2024,0.0013737458940426138
2025,0.0017553652387081403
2026,0.0017655357940536765
2027,0.0009849741830263163
2028,0.0003922689485442066
2029,0.0003922689485442066
2030,0.0008902468874249726
2031,0.00078056161102736
2032,0.00078056161102736
2033,0.0005927052344821097
2034,0.0005927052344821097
2035,0.0005927052344821097
2036,0.025996090101197175
2037,0.0010700474104002702
2038,0.0005124187860498168
2039,0.02814743659143953
2040,0.00010567902199722216
2042,0.00033575759976060983
2043,0.0005170849224692333
2044,0.0005126825956777016
2045,0.0005676638198885614
2046,5.039223228107549e-07
2047,0.00031685804435785565
2048,0.00031685804435785565
2049,0.0010568878496847582
2050,0.07007281129806182
2052,0.06772269572616804
2053,0.06772269572616804
2054,0.07007281129806182
2055,0.0037163378091817994
2056,0.07007281129806182
2057,0.06655620392659187
2058,0.069649321561797
2059,0.06864439208814845
2060,0.1998002160897783
2061,0.18756334642639852
2062,0.18989820739779395
2063,0.18989820739779395
2064,0.1877018629524224
2065,0.1877018629524224
2067,0.1877018629524224
2068,0.06786617080798144
2069,0.06864439208814845
2070,0.012098353137355916
2071,0.012098353137355916
2072,0.0021963444453715784
2073,0.00824777148384678
2074,0.00824777148384678
2075,0.00415132208306785
2077,0.010929296083325867
2078,0.012138356110804783
2079,0.031464110266551916
2080,0.011192079822145937
2081,0.004420768234031507
2082,0.06683186574617352
2083,0.06683186574617352
2085,0.013072019606223001
2086,0.061186464258938554
2087,0.05751726779370133
2088,0.05756706698692088
2089,0.0627967371158724
2090,2.071770094506478e-05
2092,0.028226009080279547
2093,0.022329551245782564
2094,0.02156595102010502
2095,0.02172705391999326
2096,0.02597682387484613
2097,0.0054848509875449585
2098,0.06286645140812364
2099,0.06277601941492734
2100,0.006685159481573838
2101,0.07570854593861487
2102,0.00623167267492589
2103,0.00622458116395349
2105,3.647404493005891e-05
2106,0.014899081400252118
2107,0.014899081400252118
2108,0.009452622334205324
2109,4.979919321954336e-05
2110,0.00940282314098578
2111,2.293736746447934e-05
2112,0.06990156647219685
2113,0.0007704644831898851
2114,0.0004384951204534856
2115,0.0004384951204534856
2116,0.0004384951204534856
2117,0.0024246575551854395
2118,0.0009365738639621445
2119,0.0038944903403370606
2120,0.005015149738472878
2121,0.003888022033092698
2122,0.0004384951204534856
2123,0.06074476741978891
2124,0.06074427052324574
2125,0.04172896274841112
2126,0.04154973199041661
2127,0.04146338816004039
2128,0.06683186574617352
2129,0.030416112782286234
2130,0.00042367788261504725
2131,0.0005899161651925258
2132,0.0005899161651925258
2133,0.047109149630438954
2134,0.047109149630438954
2135,0.046070158484957525
2136,0.046070158484957525
2137,0.04591186234302081
2138,0.00023267403011372823
2139,0.0005438588432931498
2140,0.0004747842114855798
2141,0.00035738461423011315
2142,0.058782015040140384
2143,0.10323140226224366
2144,0.00035738461423011315
2145,0.057654019152791544
2146,0.002994301319504123
2147,0.002994301319504123
2148,0.058782015040140384
2149,0.05880017138836514
2150,0.0020650657838753037
2151,0.0020650657838753037
2152,0.0020650657838753037
2153,0.002069582685300815
2154,0.002069582685300815
2155,8.049101734625563e-05
2156,0.0005324450752793107
2157,0.0005120396904989047
2158,0.0005244452751542472
2159,0.0005121743104788584
2160,0.0005121743104788584
2161,0.002649277452414022
2162,0.00045170298379840413
2163,0.0037163378091817994
2164,0.1489822557172439
2165,0.14868452398456972
2166,0.004080839229694534
2167,0.0037403520492111787
2168,0.1435037250099464
2169,0.0007242070856729849
2170,0.003666031874399343
2171,0.020623386606257347
2172,0.021628107678668407
2173,0.021628107678668407
2174,0.0005027521474546203
2175,0.00027228349190626454
2176,0.020526519906218878
2177,0.0680120469003573
2179,0.06919041700129977
2180,0.07000351872207822
2182,0.07007281129806182
2183,0.07007281129806182
2184,0.0010047210724110607
2185,0.0036060532677974736
2186,0.0036060532677974736
2187,0.1489822557172439
2188,0.19553699963081692
2189,0.002991969055635533
2190,0.028230181288664367
2191,0.028299606350084713
2192,0.0008030653056681924
2193,0.002825792126988197
2194,0.000518875989735957
2195,0.0006291674631103197
2196,0.0012762716596343541
2197,0.0036849466561693846
2198,0.00668047424264186
2199,0.00036284195579437586
2200,8.049101734625563e-05
2201,0.06816045641403666
2202,0.0012661264018321255
2203,0.02004594083044395
2204,0.1440087205583037
2205,0.0026924933134299094
2206,0.012150616664957056
2207,0.02603128933168903
2208,0.06373035981740201
2209,0.060049815788691736
2210,0.0360296714864178
2211,0.028729887599903442
2212,0.028729887599903442
2213,0.015856086667947612
2214,0.009581749167850104
2215,3.126445839740336e-06
2216,0.0004976276214959165
2217,0.0052518963447545555
2218,0.002112428166868466
2219,0.001611276139528575
2220,0.00016945678147939464
2221,0.0006348552284813886
2227,5.9994601785772413e-05
2228,0.0006387761348338817
2229,2.871221689254747e-05
2230,0.010625848039601317
2231,6.195078685896782e-07
2232,0.00044245568059161536
2233,0.010625228531732728
2234,0.010720972625199205
2235,0.00034671158712513836
2236,0.00035205914949451567
2237,0.01051206654697478
2238,0.004004686029080914
2239,0.009178058621150812
2240,2.752782845741999e-05
2241,2.009609489773164e-05
2242,0.009087247992193927
2243,6.328280049946413e-05
2244,6.928697417517869e-05
2245,0.0006674883517264291
2246,0.008044936760291489
2247,4.76272430113451e-05
2248,4.76272430113451e-05
2249,0.00012452683516284046
2250,0.00012452683516284046
2251,0.00024016820958251938
2252,0.00668047424264186
2253,0.02079880339812514
2254,0.02049552944599555
2255,0.0005620294311275957
2256,0.002150051789560419
2257,0.002069582685300815
2260,0.0002422142199587092
2261,0.03612092706218812
2262,6.127336472942591e-05
2263,0.010654560256493865
2264,0.007430918777725978
2265,0.004420768234031507
2266,0.0001297391189558468
2267,0.030131333415120302
2268,0.0030394673471811086
2269,0.00037486823103474433
2270,0.00011948627845471305
2271,0.006857798777313878
2272,0.2668856426570465
2289,0.0002747607608125503
2290,0.0004595109914358164
2291,0.0004123263992979052
2292,4.9362988568278635e-05
2293,0.0002747607608125503
2294,0.0003629634107296266
2295,1.2937111381048703e-06
2302,0.0003616696995915217
2303,0.0003616696995915217
2305,0.0003616696995915217
2309,0.0002747607608125503
2317,0.07019646499302701
2318,0.07019646499302701
2319,0.012972873366987913
2320,4.0509433356149334e-05
2321,4.0509433356149334e-05
2322,0.00024016820958251938
2323,0.00024016820958251938
2324,3.9071304256558745e-06
2325,3.9071304256558745e-06
2326,3.9071304256558745e-06
2327,4.176282414274733e-06
2329,7.565046590320602e-06
2331,3.0590241852295474e-06
2338,0.0032568483385675526
2339,0.0035557596527445506
2350,0.07701950437271159
2351,0.013079115816079142
2352,0.0013461058340523506
2353,3.283378862257547e-05
2354,0.0036964243659729995
2357,0.0037292581545955747
2358,0.0037292581545955747
2364,0.0018028918972041973
2365,0.0036964243659729995
2366,0.014425221650131494
2367,0.001378939622674926
2368,0.06902440603206592
2371,4.0509433356149334e-05
2372,0.0037292581545955747
2374,0.0037292581545955747
2375,7.565046590320602e-06
2376,4.176282414274733e-06
2377,4.176282414274733e-06
2378,1.1172582290451853e-06
2379,1.1172582290451853e-06
2380,1.1172582290451853e-06
2381,9.36767900844442e-06
2384,9.36767900844442e-06
2385,9.36767900844442e-06
2386,1.981434041765014e-06
2388,7.386244966679406e-06
2389,7.386244966679406e-06
2390,7.565046590320602e-06
2391,7.7858465962878e-06
2392,1.981434041765014e-06
2396,0.034944258199747065
2397,0.000633878241885659
2398,0.002178999028572705
2399,0.022336108729649223
2400,0.022336108729649223
2402,0.0005391420203330349
2403,0.0063484123788944665
2404,0.011759326205322178
2405,0.011750493804357266
2406,9.150663304414985e-06
2407,0.0023155709341626017
2408,0.0023155709341626017
2409,0.0006990085623888682
2410,0.00230673853319769
2411,0.008335226383383023
2412,0.019502054071078783
2413,0.0016077299708088218
2414,0.0016077299708088218
2415,0.01725277394267867
2416,0.0023141225674503936
2418,0.0064597443025281275
2419,0.0064597443025281275
2420,0.24267690349566476
2424,0.01725277394267867
2425,0.034944258199747065
2427,0.01371545989918763
2428,0.01371545989918763
2429,0.01371545989918763
2430,0.0005391420203330349
2431,0.002453644547939561
2433,0.002453644547939561
2434,0.0008340171419272072
2435,0.0014091677135699603
2441,0.011902720686587128
2442,0.0005391420203330349
2443,0.0005391420203330349
2444,0.0048339676907799755
2468,0.015617323833688837
2472,8.109996714417053e-05
2473,0.00021592699158211887
2476,0.003966461788459554
2479,0.003966461788459554
2481,0.0008920466402891903
2482,0.005295289182594212
2484,0.005295289182594212
2485,0.00083378037371875
2486,0.0008241629587267163
2487,5.847444671194709e-06
2488,2.1290818074466063e-05
2489,1.0661986687765441e-05
2490,1.1601839565923245e-07
2491,0.0006386007570429599
2492,4.933525819066166e-05
2493,5.99972448784271e-05
2494,0.0011929501232587384
2495,3.2853505172273044e-05
2496,2.4049000447938774e-05
2497,7.645576280287856e-05
2498,0.0030827378788086204
2499,0.00010963226873835635
2500,0.005939890990823829
2501,0.005939890990823829
2502,0.008183176899640895
2503,0.008183176899640895
2504,0.0037540579405977003
2505,0.003464498052907713
2506,0.00245559554282965
2509,2.5373825109146926e-06
2510,2.5373825109146926e-06
2512,0.02350185448297585
2513,0.01999200925975605
2516,0.0003779965247632344
2517,5.9355372081832505e-05
2518,5.4197880798253774e-05
2519,0.0017752705461092696
2520,0.0021201473557304596
2522,0.0005545654352348344
2523,0.000569586452028009
2524,0.0003922689485442066
2534,0.024902285528584103
2535,0.0004928780397816075
2536,5.99972448784271e-05
2538,5.99972448784271e-05
2539,0.002439002076108481
2540,0.002439002076108481
2541,0.0024199675327787906
2542,5.525052352168091e-06
2544,4.171911056613747e-06
2545,5.0773359612280434e-05
2546,0.0011541674029961952
2547,5.494527066889418e-05
2548,0.0005029578992689635
2549,0.00017296218824980068
2551,1.903454332969063e-05
2552,0.0014331426902144662
2553,3.996685721942937e-05
2554,0.0010171225120698898
2555,1.9516385637563747e-05
2556,3.514827157614877e-05
2557,1.8533693978796138e-06
2558,1.3619961240760989e-05
2559,0.00018894882889911906
2560,7.025432037557837e-06
2561,2.5373825109146926e-06
2562,0.013592384006079058
2563,0.0011192242281207667
2564,5.525052352168091e-06
2565,1.1663060740138925e-05
2566,0.00015649379775055643
2567,7.83394560924275e-05
2568,1.9252656113949644e-05
2569,5.908679997847785e-05
2570,0.0028103223404820914
2571,2.0767571610449183e-05
2572,4.525982504550897e-06
2573,0.0235063804654804
2574,1.624158910589829e-05
2575,0.02091470942967999
2576,1.168487553004104e-06
2577,1.2972060403167128e-05
2579,0.01999200925975605
2580,0.01999200925975605
2581,1.4140547956171231e-05
2582,1.4140547956171231e-05
2587,0.00260338664240176
2588,0.00260338664240176
2591,0.002537271087267223
2593,0.0005719398997475685
2594,0.00017967095120336186
2595,0.00017967095120336186
2597,0.0008902468874249726
2598,0.0008902468874249726
2599,0.001072548500616248
2614,1.4140547956171231e-05
2615,0.0009455074934110252
2616,0.0022870300538312483
2617,0.002420041150570347
2618,0.023373526884754917
2619,0.020846022564126758
2620,0.0009916799544848628
2621,0.002974781833974691
2622,5.9169444968196e-05
2623,0.0008187053270866558
2624,7.059767534715755e-06
2625,2.3735818358162025e-06
2628,2.0280764230908485e-05
2629,2.0280764230908485e-05
2630,2.0280764230908485e-05
2632,4.468259022879969e-05
2633,4.468259022879969e-05
2634,4.468259022879969e-05
2635,2.0054744601978608e-06
2636,2.0054744601978608e-06
2637,1.5176181859121756e-06
2638,1.5176181859121756e-06
2641,1.5176181859121756e-06
2642,1.5176181859121756e-06
2643,5.7903586924992424e-05
2644,5.7903586924992424e-05
2645,5.7903586924992424e-05
2646,5.7903586924992424e-05
2652,7.256190540903854e-06
2653,3.0399526326614536e-05
2655,3.376530567822997e-05
2656,2.492349963196625e-05
2657,3.843021810029235e-05
2658,2.6830576689798294e-05
2659,2.6830576689798294e-05
2660,7.691939794267716e-05
2661,5.7903586924992424e-05
2664,5.008882125287886e-05
2665,5.008882125287886e-05
2667,5.008882125287886e-05
2668,5.008882125287886e-05
2669,5.008882125287886e-05
2670,5.008882125287886e-05
2671,5.008882125287886e-05
2681,3.365779351615433e-06
2682,3.365779351615433e-06
2684,1.0621969892519287e-05
2686,3.56888147648153e-05
2687,3.56888147648153e-05
2688,4.677687100830457e-05
2689,1.1088056243489275e-05
2692,8.569955977813023e-06
2693,4.586392275770336e-05
2694,3.875295921093258e-05
2695,2.7664902967443304e-05
2696,1.1088056243489275e-05
2700,1.3470741735047333e-05
2701,6.811028970170595e-05
2702,4.61345882048634e-05
2703,2.1975701496842557e-05
2704,2.5065329016772823e-06
2705,4.824384196812082e-05
2707,5.454253300830423e-05
2708,4.297845541508469e-06
2709,5.35074129814209e-05
2710,1.704753931633537e-06
2711,5.521216691305444e-05
2712,5.521216691305444e-05
2713,1.627813709940342e-05
2714,1.627813709940342e-05
2717,5.4610128536202665e-05
2718,3.643844040506419e-05
2719,2.7293742185018302e-05
2720,2.7293742185018302e-05
2721,1.3765537456735207e-05
2722,1.0827097446700364e-05
2723,3.4261960167190415e-05
2724,2.343486272049005e-05
2725,2.343486272049005e-05
2726,2.512599642668214e-06
2730,2.938440010034843e-06
2733,5.328135198918601e-06
2734,5.328135198918601e-06
2735,5.328135198918601e-06
2736,5.328135198918601e-06
2737,8.266575208953444e-06
2738,2.2372980635262414e-05
2739,2.1228120236407477e-05
2740,4.108132120254379e-05
2741,8.878858368882045e-07
2742,2.2372980635262414e-05
2743,1.7561051288113117e-05
2744,2.347025758126312e-05
2745,2.347025758126312e-05
2746,2.1228120236407477e-05
2747,3.951795624612401e-06
2749,8.768362537835442e-06
2751,8.768362537835442e-06
2752,8.878858368882045e-07
2753,1.709658279756759e-06
2754,1.4387088189098788e-05
2755,1.4387088189098788e-05
2756,1.4387088189098788e-05
2757,1.4387088189098788e-05
2758,1.4387088189098788e-05
2759,5.302675048038739e-05
2760,4.139447254129487e-05
2761,4.139447254129487e-05
2762,3.842655788826963e-05
2770,5.847577406634624e-06
2775,1.5280926777166582e-05
2777,1.5280926777166582e-05
2778,1.5280926777166582e-05
2779,1.5280926777166582e-05
2780,1.5280926777166582e-05
2781,8.024736236262727e-06
2782,3.0399526326614536e-05
2783,7.256190540903854e-06
2784,2.3453993218328668e-05
2785,2.6453963305953637e-05
2786,3.159699925145977e-05
2788,8.569955977813023e-06
2789,2.030361558236608e-05
2791,8.569955977813023e-06
2792,1.5977274636724613e-05
2793,2.2013273862122837e-05
2794,9.756325918072244e-06
2795,9.756325918072244e-06
2796,2.117789108904628e-05
2797,2.117789108904628e-05
2812,7.079530385091556e-06
2813,7.079530385091556e-06
2814,6.9435597979644254e-06
2815,1.570638946621328e-05
2816,2.2286238691106346e-05
2819,1.474637766201061e-05
2820,1.474637766201061e-05
2821,8.898800255375985e-06
2822,8.898800255375985e-06
2823,8.898800255375985e-06
2824,1.359705871271304e-07
2825,8.762829668248854e-06
2828,5.847577406634624e-06
2829,5.847577406634624e-06
2830,5.847577406634624e-06
2831,5.847577406634624e-06
2839,7.059767534715755e-06
2841,7.059767534715755e-06
2843,2.109253763257424e-06
2845,2.938440010034843e-06
2853,1.709658279756759e-06
2854,9.32798838713543e-06
2855,1.1849902701910852e-05
2860,0.0008938345824445171
2861,0.0020138201424305924
2862,0.0005391420203330349
2863,0.0005391420203330349
2865,0.01130815737904992
2866,0.0048339676907799755
2867,0.009750810357727877
2868,0.0022804869715447045
2870,4.927480433750889e-07
2871,0.0006558741628272205
2872,0.0024232109411997465
2873,5.9355372081832505e-05
2874,5.9355372081832505e-05
2875,0.008882649017085778
2877,0.008832185325177901
2880,0.008882649017085778
2884,0.008882649017085778
2885,0.008882649017085778
2886,0.008882649017085778
2888,0.00889996383014021
2890,0.00889996383014021
2891,0.00889996383014021
2892,0.00889996383014021
2893,0.00889996383014021
2894,0.00889996383014021
2900,0.008640362202273197
2902,0.008922981734151665
2903,0.008922981734151665
2904,0.008922981734151665
2905,0.008909388205107647
2906,0.008909388205107647
2907,0.00889996383014021
2910,0.0006288737655546738
2911,0.00010378971366462632
2912,0.0012509526549174769
2914,0.0012509526549174769
2915,0.0010177788993096263
2916,7.328621363356475e-05
2930,0.008640362202273197
2934,0.008640362202273197
2936,0.008922981734151665
2937,0.008922981734151665
2939,0.008640362202273197
2940,0.008640362202273197
2941,0.008640362202273197
2946,0.008640362202273197
2947,0.008640362202273197
2948,0.008640362202273197
2950,0.008640362202273197
2951,0.008640362202273197
2952,0.008640362202273197
2954,0.008640362202273197
2955,0.008640362202273197
2956,0.008640362202273197
2958,0.008640362202273197
2959,0.008640362202273197
2961,0.008640362202273197
2962,0.008640362202273197
2963,0.006742779828135745
2964,0.0018975823741374516
2966,0.0018975823741374516
2967,0.0018975823741374516
2969,0.0006288737655546738
2970,0.0016060038633526712
2972,0.0012509526549174769
2973,0.0012509526549174769
2974,0.0012509526549174769
2975,0.0010177788993096263
2976,0.0010177788993096263
2978,0.007760558727445371
2983,0.007760558727445371
2984,0.007760558727445371
2985,0.007760558727445371
2986,0.007760558727445371
2987,0.007760558727445371
2993,0.007760558727445371
2994,0.007760558727445371
2995,0.007760558727445371
2996,0.0075829246967092515
2997,0.00017763403073611962
2998,0.00017763403073611962
2999,5.847444671194709e-06
3000,0.0006558741628272205
3001,0.004766902973524236
3002,5.727383970238775e-05
3003,1.8347515591788657e-05
3004,0.0022983929435458276
3005,0.0029762141044814725
3006,0.00018377676625944082
3009,0.0021299168487829115
3010,7.079530385091556e-06
3011,2.2277951750646512e-05
3012,1.903454332969063e-05
3017,3.2853505172273044e-05
3018,0.0009455074934110252
3019,5.908679997847785e-05
3021,5.521216691305444e-05
3022,5.521216691305444e-05
3023,9.027104148796941e-05
3024,0.0001230258821275477
3025,2.7664902967443304e-05
3026,2.7664902967443304e-05
3028,0.0006563669108705957
3030,8.197216178364404e-06
3033,0.008832185325177901
3034,0.005157807944222072
3035,0.005157807944222072
3036,0.005157807944222072
3037,0.005157807944222072
3038,0.00035799298780994144
3039,0.0003085648610710435
3040,0.0008103862602251641
3041,6.498765072011875e-05
3045,0.00015482397020287787
3046,0.0017596992510000916
3047,3.523993161522235e-05
3048,3.523993161522235e-05
3049,5.464405388310481e-05
3050,5.464405388310481e-05
3051,0.0017596992510000916
3052,0.0017596992510000916
3053,0.0017596992510000916
3054,0.0017596992510000916
3055,0.00011077218797390276
3056,0.00011077218797390276
3058,0.0006348552284813886
3059,0.0006401182864790765
3060,0.00011077218797390276
3061,0.0016255504773918772
3062,0.0016485832501490967
3070,0.0016255504773918772
3073,0.0016485832501490967
3074,0.0016255504773918772
3075,0.0016255504773918772
3085,0.0017087965820137014
3086,0.0017310354283139558
3087,5.4179706429907495e-05
3088,1.7240963718510722e-05
3089,0.0006506558892834661
3090,0.0003888316857598657
3091,0.0003911716106288172
3092,0.0003888316857598657
3093,0.00043296955543398484
3094,0.00039337719604665876
3095,0.00039337719604665876
3096,0.00025826822905773245
3097,2.4507067562414564e-05
3098,0.00248541599069162
3099,1.155528247208566e-05
3100,7.418902023277683e-06
3101,7.571032694378133e-06
3102,5.280867094657119e-05
3103,1.4063297978843318e-05
3104,1.3724424667071837e-05
3105,0.0003489435933284491
3106,1.8015827038978015e-05
3107,1.5695629987588225e-06
3108,1.5695629987588225e-06
3109,4.829833471138749e-06
3110,0.003674377380955829
3111,0.004354206870009977
3112,0.0002595315784031703
3113,0.0002595315784031703
3114,0.0008902468874249726
3115,6.560233721303954e-05
3116,6.560233721303954e-05
3118,6.498765072011875e-05
3119,6.498765072011875e-05
3130,6.136970052238926e-05
3132,0.00013317598767224718
3133,0.00015482397020287787
3142,0.0002554483654943676
3143,0.0002094127199540607
3144,6.560233721303954e-05
3145,6.560233721303954e-05
3147,6.560233721303954e-05
3148,0.00010869069708068519
3149,0.002925371897317688
3150,0.00036423669015693853
3151,0.0020650657838753037
3152,5.4179706429907495e-05
3153,8.088513566439275e-05
3155,0.007663809832373644
3157,0.0016255504773918772
3158,2.0734853215695773e-06
3160,1.155528247208566e-05
3161,1.170741314318611e-05
3162,1.897418449536334e-05
3163,1.897418449536334e-05
3164,5.202820213001098e-05
3165,2.5080155067576596e-06
3166,5.108020873216647e-06
3167,5.108020873216647e-06
3168,5.108020873216647e-06
3169,2.5885934784985284e-06
3170,2.1062021920882704e-05
3171,1.5695629987588225e-06
3172,2.2433582240844988e-05
3173,0.00033575759976060983
3175,1.8327398233919063e-07
3176,4.7446378262261526e-07
3179,1.6242245141437253e-07
3181,5.823796005668492e-07
3182,4.5361225169779713e-07
3183,2.911898002834246e-07
3184,8.14079011545058e-07
3186,8.14079011545058e-07
3187,8.14079011545058e-07
3194,4.613637227652787e-06
3195,4.613637227652787e-06
3196,3.904351811325765e-06
3198,0.00030741615413066653
3203,1.2639839310608817e-06
3204,3.7518976091144745e-06
3205,3.7518976091144745e-06
3208,0.0016661237450014041
3209,0.0016868139498175045
3210,1.2639839310608817e-06
3211,1.2639839310608817e-06
3212,0.0016675639255488324
3214,1.7619661636739682e-07
3215,0.0016661237450014041
3216,0.0016661237450014041
3217,3.432936006447984e-05
3219,0.0013760681896005395
3220,0.0013721638377892137
3221,4.613637227652787e-06
3222,0.0016091136346792214
3225,0.0016091136346792214
3228,0.07701950437271159
3229,0.07701950437271159
3230,0.013559446180815893
3231,0.0003559491511686461
3232,0.0005865728138279805
3233,0.012972873366987913
3234,0.00015757952790153203
3235,0.0012213600947733939
3237,0.0005457827184623985
3238,0.00038820319056086645
3239,0.004647185787666474
3240,0.00032385915266190137
3241,0.00032616263154224906
3242,0.00524247406991213
3243,0.0009191474349075579
3244,0.010930184076535256
3245,0.006158457749791001
3246,0.004557271081995938
3247,0.004977754296012566
3248,0.005069455789353553
3249,0.005069455789353553
3250,0.001223299256890065
3251,0.006495662770664658
3257,4.0509433356149334e-05
3258,4.0509433356149334e-05
3260,4.0509433356149334e-05
3264,0.0025000506381178205
3265,8.450569635991895e-05
3266,3.7423287339916055e-07
3269,0.0005221224939104017
3270,0.0005094814962633563
3271,0.0005069458356050089
3275,0.0067945104974159645
3277,0.0010370896640859158
3279,0.0010370896640859158
3280,0.0010370896640859158
3281,0.0010370896640859158
3282,0.0010370896640859158
3286,6.814980618329596e-05
3287,0.0010374976938320785
3288,0.0008334981892364848
3289,0.0008334981892364848
3290,0.0005113628194498689
3291,0.0005113628194498689
3292,0.0005113628194498689
3293,1.771231896374035e-05
3294,1.9593642150252877e-05
3296,2.5356606583474613e-06
3297,0.0005069458356050089
3302,1.93378110921161e-05
3304,0.00014262870578424035
3305,0.0002039995045955937
3306,0.00010932176243852741
3308,0.00010932176243852741
3312,0.0010370896640859158
3313,0.0013592250338725317
3314,0.0013592250338725317
3315,0.0013592250338725317
3318,2.320385974546561e-05
3321,0.0004643867623911856
3322,0.0004643867623911856
3325,2.809315613280803e-06
3326,1.771231896374035e-05
3327,1.771231896374035e-05
3331,0.0004643867623911856
3333,0.0004643867623911856
3335,0.00012826564951145872
3336,0.00012826564951145872
3337,0.00012826564951145872
3338,0.0013342353109746265
3339,0.002795715594950887
3341,0.0002738968965665183
3342,0.0002738968965665183
3343,5.923480956142403e-06
3345,0.006504460720319255
3346,0.006498537239363113
3347,5.923480956142403e-06
3349,3.071369628028652e-05
3350,3.071369628028652e-05
3351,3.071369628028652e-05
3356,0.03903364387223458
3359,0.007679852300004269
3362,0.0067945104974159645
3366,0.0005301496953504744
3367,3.071369628028652e-05
3368,0.0004994359990701879
3369,0.0004994359990701879
3373,0.0005301496953504744
3374,2.320385974546561e-05
3378,0.000636762611226132
3379,0.0005069458356050089
3380,0.00012981677562112315
3381,0.0067945104974159645
3382,0.000636762611226132
3383,0.006924327273037088
3384,0.006924327273037088
3385,0.008283552306909619
3392,2.320385974546561e-05
3393,2.320385974546561e-05
3394,2.320385974546561e-05
3399,0.03831969678119359
3400,0.03831969678119359
3401,0.03903364387223458
3402,7.276476943369122e-05
3408,0.14388557358197643
3410,0.0011423109332396372
3415,0.0011423109332396372
3416,0.0004921127556822111
3417,0.0004921127556822111
3421,0.0004921127556822111
3422,0.0004921127556822111
3429,3.2980319226644826e-05
3430,3.2980319226644826e-05
3440,0.0006501981775574262
3441,0.0006501981775574262
3442,3.497266644070217e-05
3445,8.063440685904807e-05
3446,8.063440685904807e-05
3450,0.0014005533731473918
3453,0.0005924693150511299
3456,0.000207222607997524
3458,0.000207222607997524
3460,4.7996414093828054e-05
3461,4.7996414093828054e-05
3462,7.383655453743191e-05
3465,0.00038201766851933815
3466,7.383655453743191e-05
3470,0.00019540500497653403
3471,0.00019660898175355185
3472,0.0009490415370279901
3475,1.856304768687345e-05
3476,0.018576344587160128
3477,0.019926110091230444
3478,0.019924906114453425
3479,0.00017629532207901334
3480,0.00021952787078124855
3481,0.00021952787078124855
3483,8.486238246451903e-08
3485,7.383655453743191e-05
3486,7.383655453743191e-05
3487,0.0005924693150511299
3489,0.0002657931368320815
3490,0.0007696865041820529
3491,0.0007696865041820529
3493,0.0006345852756754197
3494,3.515813796385977e-05
3495,0.002810961111809317
3496,0.0012782933649611993
3497,0.0012782933649611993
3498,0.000395549899275976
3499,0.000395549899275976
3503,0.0006109156835333281
3504,0.00018074107138797992
3505,8.585521856091128e-06
3507,5.6555619054157663e-05
3508,0.0005042644478027683
3509,0.000803294133781536
3511,0.0003695176202164206
3514,0.00017372354025385546
3515,0.0021424174353619437
3516,0.0008755673545233143
3517,0.0005778668080192247
3518,0.00017372354025385546
3519,0.0012344904379580888
3521,0.0012344904379580888
3522,0.0027735276327886947
3523,0.00023285809339970899
3524,0.002540669539388986
3525,0.004596855066430542
3527,0.00010641031951399643
3540,0.00033712620163112985
3541,0.00018318488026917968
3542,0.004116585580837112
3543,0.006185370506333084
3551,3.832818574640658e-06
3552,0.002411020013495209
3553,0.001276014248186563
3554,5.4686998069462165e-05
3555,0.0011896927633781086
3558,5.4686998069462165e-05
3560,6.697257450136511e-05
3561,6.094861980328289e-05
3562,0.0011896927633781086
3563,1.2292368618476123e-05
3564,1.2292368618476123e-05
3565,0.0011896927633781086
3566,0.0012251600686917414
3567,0.0012374524373102175
3568,1.1601839565923245e-07
3569,1.0661986687765441e-05
3570,1.1601839565923245e-07
3572,0.0004377919493899974
3573,5.4686998069462165e-05
3575,0.0005024651512255884
3576,3.2434084209558824e-06
3581,9.739064779386348e-06
3586,2.756160549874265e-07
3592,1.2937111381048703e-06
3593,0.043283798007600106
3594,0.00012035192361740759
3598,0.017260595144780153
3599,0.006555632106108863
3600,0.012031983316699803
3601,0.0007450903228720226
3602,0.043163446083982704
3604,0.0007450903228720226
3606,0.0007450903228720226
3610,0.006555632106108863
3611,0.006675894432997023
3613,0.017260595144780153
3617,0.0171692586925831
3618,0.008228776420122033
3620,0.006675894432997023
3624,0.0015043296795901836
3626,0.008054007425960142
3627,3.343046064838606e-05
3628,0.043163446083982704
3629,0.05516199894003412
3632,0.05516199894003412
3635,1.2937111381048703e-06
3636,1.2937111381048703e-06
3638,0.0027828413320694846
3640,0.009661682248133567
3642,0.009661682248133567
3643,0.009661682248133567
3647,6.572016551450273e-05
3648,0.0003308512539679928
3649,0.000125981394447352
3650,0.0004568326484153448
3652,0.0008123256330304081
3653,0.0007920470953704335
3655,4.516901425511432e-06
3656,4.516901425511432e-06
3661,4.3509896566484404e-05
3665,0.0004997299749830529
3666,0.0007920470953704335
3668,0.0006663693777294634
3669,2.0405384780405934e-05
3671,0.0006459639929490574
3672,1.2270964675388647e-05
3674,0.021093188216454187
3675,0.02041766052671216
3676,0.002880632708013042
3677,0.002880632708013042
3681,0.015166874652896477
3682,0.015166874652896477
3688,2.809315613280803e-06
3689,0.0012059696614631678
3690,0.00012826564951145872
3691,0.0026674499454394287
3693,0.0033017415828076806
3694,0.0033017415828076806
3695,0.00017058825213184795
3696,0.003190807987985692
3697,0.0002738968965665183
3698,0.0012059696614631678
3699,0.005849985020042571
3700,0.005849985020042571
3701,0.005849985020042571
3702,0.005678464863056158
3703,0.01217700210241927
3706,0.006498537239363113
3707,0.04432856492581888
3709,0.00022325333478001575
3711,0.0038734196069025962
3712,0.0012059696614631678
3713,0.004090749460726469
3714,0.004090749460726469
3715,0.004222048705230222
3716,0.00013129924450375302
3717,0.00013129924450375302
3720,0.00013129924450375302
3724,0.008283552306909619
3726,0.0021399196680595965
3727,0.006498537239363113
3728,0.002133996187103454
3729,3.7180571399600554e-05
3733,0.0018472083022525708
3737,0.008182609161052316
3739,0.00012981677562112315
3741,2.0688799754412508e-05
3746,1.7888216244174333e-05
3747,0.0003200659529425184
3748,1.3618546980398555e-05
3751,3.3578301459214e-05
3752,1.3618546980398555e-05
3753,1.3618546980398555e-05
3756,7.073224724406183e-07
3760,1.8706204979228871e-06
3765,1.2089334715405815e-05
3766,2.2440486614371243e-06
3767,0.00023885938194904649
3768,0.00026925608936335124
3769,0.0005072610926002678
3770,0.0005072610926002678
3771,1.8706204979228871e-06
3773,3.2757179458926376e-05
3774,2.7636623312178616e-05
3775,2.714504595891667e-05
3776,2.714504595891667e-05
3777,2.714504595891667e-05
3778,1.8216485573846297e-06
3779,1.31168870808168e-06
3780,5.042899030756874e-06
3781,4.3213833927123375e-06
3782,4.3213833927123375e-06
3783,1.83670303647695e-05
3784,1.83670303647695e-05
3788,1.517665830539289e-05
3789,3.7423287339916055e-07
3790,0.00010932176243852741
3793,0.00010932176243852741
3794,0.00010932176243852741
3798,0.0001392898645359816
3800,0.0001392898645359816
3802,0.00035780731850503715
3803,0.00035780731850503715
3804,7.46516611577022e-05
3805,7.27810406597793e-05
3806,7.27810406597793e-05
3807,1.506037320963228e-06
3809,0.00035593669800711424
3814,0.00015229476603069943
3815,3.7084179943388214e-06
3816,3.7084179943388214e-06
3817,5.656973678653272e-06
3818,2.0435029691067436e-06
3821,2.0435029691067436e-06
3822,0.00031653564960087293
3823,0.00027485510295157566
3824,0.00026925608936335124
3825,0.00026925608936335124
3829,2.5880068530028463e-05
3830,2.2520277023867753e-06
3831,0.0003389155785543319
3832,5.214937415992291e-06
3833,5.214937415992291e-06
3836,7.231769383389427e-05
3837,6.557824291372894e-05
3840,2.2520277023867753e-06
3842,2.9169084737509177e-06
3843,1.3690049507032044e-05
3844,3.0728291524258057e-05
3845,3.0728291524258057e-05
3846,2.2520277023867753e-06
3856,1.7038242017226008e-05
3862,8.063440685904807e-05
3863,8.063440685904807e-05
3866,8.063440685904807e-05
3867,1.7038242017226008e-05
3868,0.0003204500275782236
3871,1.0773141033281126e-05
3873,1.0773141033281126e-05
3874,2.9169084737509177e-06
3875,6.739450920165336e-06
3876,6.739450920165336e-06
3878,7.231769383389427e-05
3879,6.557824291372894e-05
3880,6.557824291372894e-05
3882,6.557824291372894e-05
3887,5.214937415992291e-06
3888,3.613470709546529e-06
3889,1.0659839975257948e-06
3890,4.1712270808690464e-05
3891,4.168054664929731e-05
3892,5.5990135882244085e-06
3893,2.2594031463886022e-05
3894,2.2594031463886022e-05
3895,2.2594031463886022e-05
3897,0.00023837843140043076
3898,0.00024024905189835367
3899,1.8706204979228871e-06
3900,1.8706204979228871e-06
3901,3.371000203799659e-05
3902,3.374172619738975e-05
3903,0.00023837843140043076
3904,2.819304505211043e-05
3905,3.1724159393157755e-08
3906,3.10996906732278e-06
3907,0.0001485863480363606
3908,0.0001516963171036834
3909,0.000381803733777165
3910,1.506037320963228e-06
3911,3.4858276476772687e-06
3912,1.9797903267140407e-06
3913,1.9797903267140407e-06
3914,1.506037320963228e-06
3915,1.9797903267140407e-06
3923,0.0001392898645359816
3924,0.0001392898645359816
3929,2.9968102097454194e-05
3930,0.00010932176243852741
3931,1.2041841016211448e-05
3932,1.2089334715405815e-05
3933,1.2089334715405815e-05
3934,7.073224724406183e-07
3935,7.548161716349858e-07
3937,0.0011741562309205756
3938,0.0008480778028160943
3940,3.3096757340000855e-05
3941,4.0646286811164665e-05
3942,2.0435029691067436e-06
3944,2.2520277023867753e-06
3946,2.2520277023867753e-06
3947,2.2520277023867753e-06
3949,2.2520277023867753e-06
3952,1.8706204979228871e-06
3953,0.0003204500275782236
3954,1.0773141033281126e-05
3955,0.00033122316861150476
3956,2.2594031463886022e-05
3957,2.3553903198293557e-05
3958,2.3553903198293557e-05
3959,2.3553903198293557e-05
3963,0.0006501981775574262
3964,0.0006501981775574262
3967,3.4377780637693755e-05
3968,3.4377780637693755e-05
3970,3.4377780637693755e-05
3971,3.4377780637693755e-05
3972,0.0006507930633604346
3973,0.0006507930633604346
3974,0.0006507930633604346
3976,0.0006507930633604346
3977,0.0006507930633604346
3979,1.0479594917729634e-06
3980,1.8216485573846297e-06
3981,1.31168870808168e-06
3982,4.91577353261945e-07
3983,1.2089334715405815e-05
3984,1.433338337684294e-05
3985,2.2440486614371243e-06
3986,4.8304468055699176e-05
3987,5.05485167171363e-05
3988,0.0006282837587983117
3989,0.0006282837587983117
3991,2.398977024386074e-05
3993,4.3213833927123375e-06
3994,5.042899030756874e-06
3996,5.042899030756874e-06
4001,2.3044907775728375e-05
4002,2.398977024386074e-05
4003,9.448624681323674e-07
4005,2.3044907775728375e-05
4008,3.938495836740907e-06
4015,7.276606394738808e-08
4016,7.276606394738808e-08
4018,7.276606394738808e-08
4019,0.00012988954168507053
4020,0.00012988954168507053
4022,0.00012988954168507053
4023,3.938495836740907e-06
4026,0.00013382803752181143
4027,2.3044907775728375e-05
4029,8.063440685904807e-05
4030,8.063440685904807e-05
4031,8.063440685904807e-05
4032,0.00011560707329975023
4033,9.670166542980755e-06
4035,3.938495836740907e-06
4037,0.04081561179411681
4038,1.591921321746633e-05
4040,7.50983653482091e-06
4041,0.040831531007334276
4045,9.228439720454295e-05
4046,9.228439720454295e-05
4047,9.345356918810373e-05
4048,9.345356918810373e-05
4053,2.320385974546561e-05
4054,7.50983653482091e-06
4055,7.50983653482091e-06
4056,7.50983653482091e-06
4057,7.50983653482091e-06
4058,7.50983653482091e-06
4059,7.50983653482091e-06
4060,7.50983653482091e-06
4075,0.0010370896640859158
4076,0.0010370896640859158
4077,0.0010370896640859158
4078,0.0010564274751780319
4079,0.0010564274751780319
4080,1.4495948479417697e-06
4081,3.7423287339916055e-07
4092,7.699585982509803e-05
4093,7.699585982509803e-05
4098,7.699585982509803e-05
4102,7.699585982509803e-05
4103,7.699585982509803e-05
4107,7.699585982509803e-05
4116,0.003512953131702071
4117,1.591921321746633e-05
4119,6.814980618329596e-05
4120,6.814980618329596e-05
4121,2.320385974546561e-05
4122,2.320385974546561e-05
4126,0.004259229276629823
4127,0.004222048705230222
4130,0.004259229276629823
4131,0.008283552306909619
4133,0.00012981677562112315
4140,0.0033017415828076806
4149,0.0016971032720980762
4150,2.865103443881048e-06
4163,2.865103443881048e-06
4166,2.320385974546561e-05
4167,1.2140521999987869e-05
4168,1.3188481491760833e-05
4169,1.3188481491760833e-05
4170,8.515728500555923e-06
4171,8.515728500555923e-06
4172,8.515728500555923e-06
4173,8.515728500555923e-06
4174,8.515728500555923e-06
4175,2.920452825496843e-05
4176,0.006794583263479912
4179,2.3093238861613754e-05
4181,2.0688799754412508e-05
4182,2.0688799754412508e-05
4183,2.0688799754412508e-05
4184,2.0688799754412508e-05
4185,2.0688799754412508e-05
4188,2.320385974546561e-05
4189,2.320385974546561e-05
4194,1.0753619745426091e-06
4195,1.0753619745426091e-06
4196,4.549035776134406e-06
4197,0.0016270075039289014
4200,0.0006282837587983117
4201,0.0006292286212664441
4202,9.448624681323674e-07
4204,0.0006282837587983117
4207,1.7888216244174333e-05
4209,1.3618546980398555e-05
4210,0.0003157962836787427
4211,0.0004251180461172701
4212,0.0003157962836787427
4213,0.00030217773669834414
4214,2.9968102097454194e-05
4218,1.4367217208201012e-05
4219,0.0003932724944791605
4220,4.17047602240719e-06
4228,0.0005130991772615672
4233,0.0012767798700350661
4238,0.0012767798700350661
4239,0.0013216383549629345
4240,4.4858484927868426e-05
4241,0.002331084452110004
4243,0.002331084452110004
4246,1.9839314409359954e-05
4247,8.554392557978009e-05
4250,0.0016304811777304931
4254,4.719684843961256e-05
4255,4.7904170912053174e-05
4256,6.579238715622751e-05
4257,5.779091100807336e-05
4258,1.7888216244174333e-05
4259,1.7888216244174333e-05
4262,1.2164828401476191e-05
4264,0.00013323739460232545
4265,5.042899030756874e-06
4267,2.320385974546561e-05
4269,3.4377780637693755e-05
4270,0.0006851708439981284
4282,4.184331971567058e-06
4283,4.184331971567058e-06
4284,1.8216485573846297e-06
4285,2.8966694516301298e-05
4286,2.4339427004077417e-05
4287,1.927590819163115e-06
4288,0.0012274756602802268
4289,1.4713065573737629e-05
4290,1.4713065573737629e-05
4291,5.042899030756874e-06
4292,8.063440685904807e-05
4310,0.00011560707329975023
4311,3.497266644070217e-05
4313,0.0006501981775574262
4314,2.3553903198293557e-05
4320,0.0011658648364379308
4325,0.00010932176243852741
4326,0.0008474645581180986
4327,7.127500333881608e-05
4329,0.0009187395614569147
4330,1.8706204979228871e-06
4333,2.2594031463886022e-05
4334,2.2594031463886022e-05
4335,2.2594031463886022e-05
4339,0.00026925608936335124
4340,4.40111760629718e-06
4341,0.00012981677562112315
4342,0.00012981677562112315
4350,1.3453297565273274e-06
4351,0.00030217773669834414
4352,1.3618546980398555e-05
4354,1.8706204979228871e-06
4365,1.0479594917729634e-06
4366,1.0479594917729634e-06
4367,1.3705142114528012e-07
4368,1.850408178591478e-05
4369,1.850408178591478e-05
4370,1.83670303647695e-05
4371,7.073224724406183e-07
4373,2.9858269902633115e-05
4374,0.0012058851213211316
4375,0.0011734014147489406
4376,0.00013636983347073802
4377,0.00013636983347073802
4378,0.00013636983347073802
4379,0.00013169708047953312
4380,2.0688799754412508e-05
4382,1.9593642150252877e-05
4383,2.5356606583474613e-06
4385,0.0067945104974159645
4388,0.007679852300004269
4391,0.002133996187103454
4393,7.50983653482091e-06
4397,2.320385974546561e-05
4405,3.890164750855524e-06
4406,0.00105497788033009
4407,1.4495948479417697e-06
4408,1.7888216244174333e-05
4410,1.0753619745426091e-06
4411,3.7423287339916055e-07
4412,2.920452825496843e-05
4413,0.0006282837587983117
4414,1.3618546980398555e-05
4416,2.9968102097454194e-05
4417,1.7888216244174333e-05
4418,6.132446979957359e-07
4419,0.00010932176243852741
4424,0.00012981677562112315
4425,0.002133996187103454
4427,5.923480956142403e-06
4429,0.0015095295620743202
4430,9.814192679855246e-05
4432,0.0015095295620743202
4433,0.0015095295620743202
4434,0.0020352666503666576
4435,9.814192679855246e-05
4436,0.005656542921010469
4437,0.0028071851736178734
4439,5.741360684269405e-05
4442,0.000958909107147673
4443,0.000958909107147673
4448,0.00015567881319198564
4449,0.004244116448521377
4450,0.0036645335140176477
4451,0.00028757545010683617
4452,0.0010603182556664465
4453,0.0013478937057732827
4454,0.0011090030505842802
4455,0.0043997952617133625
4456,1.4336220666014834e-05
4457,0.0035436295044115186
4458,1.6275817230554183e-05
4476,7.155482632259572e-05
4477,7.155482632259572e-05
4479,7.155482632259572e-05
4480,0.0007062660980054485
4481,0.0007062660980054485
4485,0.00023889065518900262
4488,0.0006067390037117277
4489,0.0006067390037117277
4490,0.0007938143694356641
4491,0.00020134505438453427
4492,0.0004990689773635258
4494,0.0005924693150511299
4501,0.0004990689773635258
4502,4.29447337706797e-06
4503,8.161903941766235e-05
4504,8.141251266108277e-05
4506,0.00026697866166204093
4507,8.81001110419655e-08
4508,4.29447337706797e-06
4509,0.0004343772928913119
4510,0.0008219957592139481
4511,0.0006649507496355722
4512,0.0005119341763545036
4513,6.217047640667762e-06
4515,0.0008219957592139481
4516,0.0014869465088495203
4517,0.003332196156215505
4518,0.00021101357878996503
4519,6.379501170900216e-06
4520,0.0012335802845475422
4521,1.101987978548832e-05
4522,0.0007292256099575354
4525,9.24323924465711e-05
4526,0.0004746685351413027
4527,2.7066507573025583e-05
4528,1.3136257584162224e-05
4529,1.3136257584162224e-05
4531,0.00021101357878996503
4534,0.0007696865041820529
4535,0.004802961798356213
4536,0.0014142978936404693
4537,0.001397571082707415
4538,0.0030250249918801434
4539,0.0032027648728912956
4540,0.0016311400789126738
4544,2.760492138120841e-05
4545,0.0008937307258643964
4546,0.0033886639047157443
4547,0.0035094719042111588
4549,0.001149668252902435
4550,0.001149668252902435
4551,0.028936854084267615
4554,6.150956536532141e-05
4556,0.001149668252902435
4557,0.01667587639658114
4558,0.028936854084267615
4559,0.0005654506094250883
4560,0.0005654506094250883
4561,0.00010879306144731046
4562,1.0090616568999026e-05
4565,0.0006540624377344007
4566,1.414146954453813e-05
4567,9.870244487831143e-05
4570,2.0412980672999774e-05
4574,4.7996414093828054e-05
4575,0.0003081811139819062
4577,0.018594907634847
4578,1.2039767770178338e-06
4579,0.0019773218891909247
4596,8.771827385580492e-08
4597,4.149077422336031e-05
4598,0.0004180595441071097
4601,4.1403055949504513e-05
4602,4.1403055949504513e-05
4603,8.771827385580492e-08
4605,8.771827385580492e-08
4641,2.114923232136986e-05
4643,0.0002626396780908534
4644,0.0013824223061992464
4645,0.0013824223061992464
4653,0.0008938345824445171
4654,0.0008938345824445171
4668,0.00021101357878996503
4669,0.000395549899275976
4675,0.005791012266440114
4677,0.00655945609553342
4678,0.00011284391442284956
4681,0.00015251287936810814
4683,0.00040658124487127656
4684,3.5456070536010234e-05
4686,0.009446755090790484
4688,0.009446755090790484
4689,5.936257882337199e-05
4693,1.079327406372543e-05
4698,0.0030894209224934487
4699,5.908905078556325e-05
4701,0.0030303318717078854
4704,0.00020647072177787845
4707,0.003104559786518098
4709,5.325196519456209e-05
4710,0.06381511153458728
4711,4.5385445361863626e-05
4714,0.0010536715606363628
4715,0.0017265244706663066
4717,1.8114443795928672e-06
4718,1.0289250166240944e-06
4719,0.0006442255068426876
4720,0.0017265244706663066
4722,0.0017265244706663066
4723,0.0017265244706663066
4724,4.772727050488976e-05
4725,0.001680855050194665
4726,0.0016797504809942794
4727,0.004128029247698297
4729,0.00418711829848386
4730,0.004128029247698297
4731,0.18973722326234133
4734,1.079327406372543e-05
4736,3.014235244637416e-06
4737,3.014235244637416e-06
4738,3.0035694040123122e-05
4739,0.18998881888585387
4740,0.18970105025149378
4743,0.004134532057224694
4744,2.150268010326875e-06
4745,0.0047221334974708986
4746,0.0005898523707659262
4747,0.060242145838587426
4748,0.0596522934678215
4749,0.06376716370324197
4750,1.7272955172129003e-05
4752,2.406474491162045e-05
4753,0.004994982239959873
4754,0.004986533975358075
4755,8.448264601798012e-06
4756,6.791789739491446e-06
4757,3.0262787762839674e-05
4758,3.0262787762839674e-05
4760,9.564308294397517e-05
4761,9.564308294397517e-05
4762,0.004861149897601774
4763,0.004856546859275438
4764,4.603038326335659e-06
4766,0.001666812447451227
4769,0.001666812447451227
4772,3.468912735629352e-05
4777,1.8114443795928672e-06
4779,7.825193629687728e-07
4780,0.0003089462167506376
4781,0.0003089462167506376
4783,6.450202964180483e-05
4784,4.025649918394239e-06
4785,4.426339593453851e-06
4786,1.361462223989919e-06
4787,0.00010310838513047309
4789,0.00010174692290648318
4792,0.003150392291909619
4794,0.00018145702938762373
4795,1.2672244376790217e-05
4797,9.411276956280877e-06
4798,0.00030653961279991106
4799,1.8729668401068143e-05
4800,0.0036362428582649604
4801,0.24238073369899743
4802,0.00029616979666732634
4803,0.0002842690990073768
4804,0.24267690349566476
4806,0.0009218904405538068
4807,0.0004732658981748835
4808,0.0006877344404779872
4809,0.0006237564045234898
4811,0.0036549725266660288
4812,0.00015287808645695036
4813,0.00028363826367785983
4814,0.0008331862745560698
4816,7.266608746653756e-06
4817,0.0011095579294872757
4818,0.0002878099443988429
4819,0.0002878099443988429
4820,2.1811307107737472e-07
4821,0.003847595255338546
4822,0.0038598323289623137
4823,0.00010064910958966099
4824,0.0010160055627237321
4825,0.001116654672313393
4826,4.434566633947761e-05
4827,0.0011735215639026302
4828,0.0010215703530017516
4829,0.00028470494986819364
4830,0.00028468100336228686
4831,3.1660116950624326e-08
4832,2.0630434942789705e-09
4833,0.00041968856846505827
4835,0.0003834192417788927
4836,0.0001342619566404821
4837,0.00028759183132776554
4838,0.0001342619566404821
4839,0.00028759183132776554
4840,0.0038478133684096234
4841,1.223707362376762e-05
4842,1.223707362376762e-05
4843,5.181501332044587e-05
4856,0.001401885383489477
4858,1.6341264673314399e-06
4859,4.4309459782743835e-06
4860,0.0014063163294677514
4861,2.4527106987638157e-06
4862,0.21122854174248537
4863,2.4527106987638157e-06
4864,0.0006311478653230322
4865,0.0006547767795330691
4866,0.005890524300249995
4867,0.00591725362727224
4868,0.005915703420866136
4869,0.005947187952758599
4870,0.005947187952758599
4878,0.005947187952758599
4879,0.005947187952758599
4881,0.0006286951546242683
4882,0.21122854174248537
4883,0.21122854174248537
4885,0.0021194722269390685
4886,5.6381785534263865e-05
4887,0.0021216622526657137
4889,0.0021216622526657137
4890,1.6341264673314399e-06
4891,0.001401885383489477
4893,0.0021200281261983824
4894,0.0014087690401665151
4895,0.0021194722269390685
4896,0.0021200281261983824
4898,1.6341264673314399e-06
4899,0.001401885383489477
4901,0.0644523481454215
4902,0.0644523481454215
4903,0.06570224533433949
4905,0.0001441032536042035
4906,9.876251882005846e-05
4907,4.534073478414504e-05
4908,5.1246588990139786e-05
4909,5.1246588990139786e-05
4913,0.21711906604273537
4915,0.0011613729428077218
4916,5.181501332044587e-05
4917,5.9081622067099626e-05
4918,7.266608746653756e-06
4921,0.005947187952758599
4922,0.005947187952758599
4928,0.005947187952758599
4938,6.065072445605823e-06
4963,0.0004307281904500004
4964,0.0004399750005955401
4965,4.4993299165800444e-05
4966,0.0006701788894236286
4967,0.0012782933649611993
4970,0.000456327196039502
4971,0.0005450611680168972
4972,0.0005900544671826976
4974,0.0006109156835333281
4975,0.000803294133781536
4976,0.0012782933649611993
4977,0.0012782933649611993
4979,9.246810145539722e-06
4980,0.0016874015782145587
4981,0.002107576447906699
4983,0.000395549899275976
4984,0.0008219957592139481
4985,4.626722454903471e-06
4986,3.65288565743686e-07
4987,9.157259870622674e-05
4988,0.0004477088287486107
4992,0.0033259791085748372
4993,0.0033259791085748372
4994,0.0033259791085748372
4996,0.0006701788894236286
5002,0.0003334812382041202
5004,0.011532295633104518
5005,0.00023348338838187496
5007,4.261433889159785e-06
5008,2.868365531532126e-07
5011,4.548270442312998e-06
5014,0.0015096694770285173
5015,0.000395549899275976
5018,0.000803294133781536
5019,0.003227440362161853
5020,0.0032188548403057618
5021,4.35775468562027e-07
5022,0.00021101357878996503
5023,0.0001804542348348267
5024,4.548270442312998e-06
5025,0.0020898673619595205
5026,7.199269019758992e-06
5027,7.199269019758992e-06
5029,0.0020898673619595205
5030,7.199269019758992e-06
5031,7.199269019758992e-06
5032,0.0006195839698799587
5033,0.0006195839698799587
5035,0.0019326675752165431
5039,5.044600717944647e-05
5040,5.044600717944647e-05
5042,0.002552251545096502
5043,5.044600717944647e-05
5044,0.0020898673619595205
5045,0.0020898673619595205
5049,7.199269019758992e-06
5050,0.0003369153376277872
5051,0.003822490692192372
5052,0.005057578629196527
5053,0.007057468707271197
5054,0.006508466763867176
5055,0.0012350879370041554
5056,7.199269019758992e-06
5057,0.0005490019434040206
5058,0.0016323406810872952
5059,0.00020012352385264157
5060,0.009965283293084402
5061,0.00032254036556815947
5062,0.006508466763867176
5063,0.00032254036556815947
5064,0.0007696865041820529
5065,0.0010066950010104508
5066,0.0009739700756488128
5067,0.028936854084267615
5068,0.015351871588488844
5069,0.00047543819309777725
5070,0.014060420688876547
5071,0.0007838427886734268
5072,0.0007838427886734268
5073,0.0007393603206496479
5074,0.0007393603206496479
5075,0.0007393603206496479
5076,0.011058772450583352
5077,4.448246802377884e-05
5078,4.448246802377884e-05
5080,0.010319412129933704
5081,0.0002657931368320815
5084,0.003933400700567932
5085,0.003933400700567932
5086,0.003435359479764003
5087,0.003435359479764003
5088,0.003435359479764003
5089,0.007004111698457755
5090,0.007004111698457755
5092,0.00013571581170397008
5093,0.007139827510161724
5094,0.00013571581170397008
5095,0.0026374059898012963
5096,0.0033172492831977864
5097,0.009965283293084402
5098,0.00020012352385264157
5100,0.00047827244533443287
5101,0.00015573207976627343
5102,0.009884006876022278
5103,0.003568752218693751
5105,0.00013571581170397008
5108,3.106582043642495e-05
5109,5.044600717944647e-05
5113,0.0013443447934310393
5114,0.009965283293084402
5115,0.00032254036556815947
5116,0.007004111698457755
5117,0.00035607768857113804
5118,0.00020012352385264157
5120,3.0010367733031267e-05
5121,3.0010367733031267e-05
5122,0.0006783959691870745
5123,0.00023700849682839787
5124,0.00023700849682839787
5126,0.0007268258231465795
5130,0.0005578388006658023
5132,0.0013824223061992464
5133,0.0005578388006658023
5134,0.0005578388006658023
5143,0.014926430534540347
5144,0.014611615364117958
5145,0.0001600286190755063
5146,0.0002819620275836525
5147,0.00017129566138732972
5153,0.0002589406895779141
5158,0.01492116159561899
5159,0.01492116159561899
5180,0.03046195566032036
5202,5.741360684269405e-05
5203,8.93155304784565e-06
5204,0.000958909107147673
5205,0.00023871082075293165
5207,0.0007218644243315153
5208,0.0002657931368320815
5209,0.0007696865041820529
5210,0.0007268258231465795
5211,0.028998363649632937
5214,0.00011284391442284956
5219,0.0013824223061992464
5221,0.0061893554580577555
5222,0.00013337347860562721
5223,0.00021844657305975773
5225,1.079327406372543e-05
5227,5.908905078556325e-05
5228,0.0008245835055334443
5230,8.296819076251433e-05
5231,4.669834548826567e-05
5232,3.468912735629352e-05
5233,0.0314232467668491
5234,0.00015287808645695036
5235,0.0011095579294872757
5238,0.00028468100336228686
5239,3.37231604449033e-08
5242,1.9955861677589244e-05
5243,0.0019711376691613444
5249,0.003003563136805774
5250,0.002311763970726649
5252,0.0060789601868190875
5253,0.00010641031951399643
5255,0.00033712620163112985
5256,0.002139079597424798
5257,7.199269019758992e-06
5259,0.00019367572754240016
5260,0.00024412173472184665
5261,0.0036447256055222228
5263,0.00047827244533443287
5266,0.0005578388006658023
5269,0.0014371156877186308
5274,0.009890839278463135
5275,2.5867035770050755e-05
5276,0.000465514622000478
5277,0.006012676579787711
5278,0.000236981605517408
5279,0.0009558242946524336
5280,0.0015904095703278532
5281,0.0030283120246976858
5282,0.0030283120246976858
5283,6.379501170900216e-06
5286,0.002311763970726649
5287,0.0022803045059189408
5288,0.0026913938328994177
5289,6.223832728486515e-05
5291,0.00043491003970135044
5292,6.379501170900216e-06
5293,0.000236545830048846
5294,0.000655588362159551
5295,0.00021101357878996503
5296,0.006223690158577676
5298,0.000681127584415766
5299,3.588363203889819e-06
5300,3.313698566378801e-08
5301,3.313698566378801e-08
5302,0.0008615818192505926
5303,0.0005281542258727169
5304,0.003053742391723877
5305,0.0012846728661320994
5306,1.696334649084682e-05
5307,0.0002769349925993467
5310,3.835958022858117e-05
5311,0.0014181236926635247
5312,0.0023071812910338855
5313,0.0023071812910338855
5314,0.005079654067066279
5315,0.002324144637524732
5316,0.000700663931300063
5318,0.0032777009989421006
5319,0.0002769349925993467
5320,0.007065493001295008
5321,0.0001131440678910278
5322,0.00015948218265047001
5323,7.529577365741422e-05
5325,0.0032065364987686864
5327,0.0003740098412907625
5328,0.0006877038384339691
5330,2.3410098229105684e-05
5331,2.3410098229105684e-05
5332,0.00023997371731461319
5333,7.683044729227364e-06
5334,0.0006293071386326468
5335,0.008899061791927386
5336,0.029492953044429775
5337,0.005292318589590361
5338,0.030653989978442153
5339,0.006404179670165573
5340,0.00040955638843280317
5341,0.015980646127264887
5342,0.015721042743127103
5343,0.00012515859337140694
5345,0.00019654274646172893
5346,0.0168743294789514
5347,0.014690906073483282
5350,1.4535882814385157e-05
5351,0.025275083721280338
5352,0.02529849381950944
5353,0.006404179670165573
5354,0.0014281531847980438
5355,0.000617833233413125
5356,0.0006426736440195768
5357,0.0005319826009139048
5358,0.0005319826009139048
5359,0.02057575325200719
5361,0.004876108208198183
5363,0.00019372436210259817
5364,3.41278346006294e-05
5365,8.653953359124502e-05
5366,0.0026337169019508624
5367,0.00046110694391586905
5369,1.4535882814385157e-05
5370,0.0008096213427206067
5371,0.0008096213427206067
5372,0.0008096213427206067
5373,0.00013639011499114506
5375,0.005650516547573151
5376,8.381428323074333e-06
5377,8.381428323074333e-06
5378,7.242170367745474e-07
5379,7.242170367745474e-07
5380,0.00870241171006564
5381,0.0029834333798808826
5382,3.41278346006294e-05
5383,2.3353406285571516e-05
5384,4.1931806007148166e-05
5385,4.1931806007148166e-05
5386,0.0025918652432371995
5387,7.863143763430854e-05
5388,7.281473546618055e-05
5389,4.01129765054825e-06
5391,0.0003932724944791605
5396,0.2357581290622499
5397,0.2357581290622499
5398,0.2357581290622499
5408,0.0018484576439833972
5409,0.006246538538412671
5410,0.0017902265921517994
5420,8.120437791882516e-05
5424,0.001931717709345518
5425,8.120437791882516e-05
5427,0.0010943954133757667
5428,0.0010943954133757667
5429,0.0010943954133757667
5431,0.0007829131175397675
5432,0.0007785146275379335
5433,0.0007785146275379335
5439,0.00017703020509162736
5440,0.0003820088364600968
5441,0.0003820088364600968
5443,0.0003820088364600968
5444,0.0003820088364600968
5445,0.0021919478304652643
5446,0.0005051709059479913
5449,3.2756326850375225e-05
5450,0.0001773213921261623
5451,0.028311669984830163
5452,0.10317355742979352
5453,0.07486188744496336
5454,0.07486188744496336
5456,0.07486188744496336
5457,0.07486188744496336
5458,0.004804838716135628
5459,0.0700628574147095
5460,0.0018670510221587622
5462,0.004942897972051784
5470,0.00022491234640731328
5472,0.00022491234640731328
5473,0.001253542898298108
5475,0.0001978427971665468
5478,0.0001978427971665468
5479,0.0001978427971665468
5481,0.0001978427971665468
5485,0.0001978427971665468
5486,1.4796991596689676e-06
5488,0.0004189058600273287
5489,0.0002496571813304315
5490,0.0025245235884928234
5491,0.0025245235884928234
5493,1.4796991596689676e-06
5494,7.516648358208283e-05
5495,7.66461827417518e-05
5496,0.0005858771391720891
5497,6.312956459429784e-05
5502,2.590600920204888e-06
5503,2.590600920204888e-06
5504,6.151153273440538e-07
5505,0.00013049263917969315
5506,0.00013049263917969315
5507,0.00010968527639761252
5508,0.00010968527639761252
5509,0.00034277335266187214
5515,0.0004040553580197707
5516,4.5983911436520234e-05
5517,0.0003602131816449121
5518,4.121340222539479e-05
5519,5.990243153780925e-05
5520,5.990243153780925e-05
5522,0.0005309568237902502
5523,1.328816148437451e-06
5524,5.6310040359297245e-05
5525,5.6310040359297245e-05
5526,8.263572364126364e-06
5527,8.263572364126364e-06
5528,8.263572364126364e-06
5532,7.935096115494198e-06
5534,0.00038161934466552657
5535,0.0006688183794570831
5536,0.005031056190977582
5537,5.808685881765498e-06
5540,0.0018806713727554478
5544,0.18756334642639852
5545,0.00415132208306785
5546,0.009748996226946059
5547,0.007894917981908571
5548,0.007894917981908571
5549,0.0006755276897420245
5550,0.00014563008230618392
5551,0.020272030444405977
5553,0.02041766052671216
5554,0.0015801601596621376
5555,0.0015801601596621376
5556,0.0018324050700619897
5557,0.00025224491039985207
5558,0.00025224491039985207
5559,0.006685159481573838
5560,0.000890829979994523
5561,0.00016948979873887988
5562,0.00015229476603069943
5564,9.246488593475569e-05
5565,2.032892738464369e-06
5567,0.008265319641235976
5569,0.00023135598202797964
5571,0.00023135598202797964
5572,0.00591375342756625
5577,0.0016391486142752951
5578,0.0012661264018321255
5579,0.0009337058867007246
5580,0.0008206714673997929
5584,0.0464915762446678
5585,0.0464915762446678
5586,0.015533670006810621
5587,0.01538756427591614
5588,7.43174699098244e-05
5590,9.451626880809442e-05
5591,0.04357606664853456
5592,0.001032758324162579
5593,0.043481550379726466
5594,0.044572933067341655
5595,0.046111415997347374
5598,6.572016551450273e-05
5600,0.0011733746729727518
5601,0.025500297402499195
5603,0.00015229476603069943
5604,0.00010406625450395666
5605,0.002122517443565493
5606,0.0006856758548580789
5607,0.001201264172048627
5613,6.3084628188094275e-06
5614,2.5395987072187614e-05
5615,2.1824962284044867e-05
5620,2.0764384034110803e-05
5621,2.433540882225355e-05
5628,1.2078104731747102e-06
5632,2.3032772757219578e-05
5633,2.3032772757219578e-05
5634,1.2078104731747102e-06
5635,2.3032772757219578e-05
5638,2.3032772757219578e-05
5641,6.3084628188094275e-06
5649,0.0023749413358953
5654,4.141127620469549e-06
5655,1.014681780729213e-06
5657,0.0032595312979705133
5659,4.905617638650005e-05
5660,7.368015234194703e-05
5661,0.002534544241807383
5662,1.698339271776297e-05
5663,7.431733559688351e-06
5664,0.005231800249856824
5665,0.007364000973915358
5666,0.0005011520273398909
5669,0.007307797495960109
5671,0.0072997838865143565
5672,0.008114223734466668
5673,0.011564794709268795
5674,0.0072997838865143565
5675,0.021087434980285147
5678,0.0004375025959647552
5679,0.0004375025959647552
5680,0.0004375025959647552
5681,0.0004375025959647552
5682,0.004451183707049235
5683,0.004451183707049235
5685,0.006583171221647283
5686,0.006583171221647283
5687,0.021087434980285147
5688,0.00017215407817418557
5689,0.00017575072309434364
5690,9.885113094284829e-05
5694,9.885113094284829e-05
5695,0.0003308512539679928
5696,0.0006229491494534079
5699,6.3084628188094275e-06
5700,0.0005193581607171844
5701,0.0006229491494534079
5720,0.1393155893445088
5721,0.0004554886658036835
5722,0.0021653765635510644
5725,0.0007211307336638006
5726,0.0023019669249190935
5732,3.9960162960839336e-07
5736,5.590463573866759e-06
5737,0.013067552418388848
5738,0.0015908323599927007
5739,0.015166874652896477
5740,0.0058092703585614315
5741,0.0005391420203330349
5742,0.011363578666254093
5749,0.0010436335271739852
5751,0.0010620206990098536
5752,0.014153270256784886
5753,0.014153270256784886
5754,0.02015710970107652
5756,0.07123947861045891
5757,0.06435314847051221
5761,0.033318239078014664
5762,0.033318239078014664
5763,0.0060344262289583304
5764,0.0060344262289583304
5766,1.2458956901709033e-06
5767,3.423940710682792e-05
5768,0.0009745033110949029
5771,0.027283812849056337
5772,0.033318239078014664
5773,0.033318239078014664
5774,0.033318239078014664
5777,0.0060344262289583304
5778,0.0060344262289583304
5781,0.0009745033110949029
5783,0.00037338898619535866
5784,0.003383445395776064
5785,0.0027724727760323935
5788,1.1997002128250508e-06
5789,1.1997002128250508e-06
5790,0.00047790967097746483
5791,0.0004554886658036835
5793,0.0005826203897023917
5798,0.0005826203897023917
5799,3.423940710682792e-05
5802,0.2357581290622499
5803,2.9754497401266106e-06
5814,0.0011890884210918006
5815,0.0011247103405986848
5816,1.4461135859916796e-05
5817,6.9495156631719315e-06
5821,1.8715126669207902e-06
5825,6.437808049311566e-05
5845,0.013577050121077829
5847,0.0005094977026889819
5848,0.011363578666254093
5849,0.0058092703585614315
5850,0.00013482702443794834
5858,0.011363578666254093
5859,0.011363578666254093
5885,0.008992882147077948
5886,0.0016354501089898324
5887,4.299460492775272e-07
5888,1.001654001147469e-05
5889,5.887344647371264e-05
5890,5.887344647371264e-05
5891,3.76993229691911e-05
5892,0.0003779965247632344
5895,2.6544108308985057e-05
5901,2.756160549874265e-07
5902,2.756160549874265e-07
5903,5.4197880798253774e-05
5905,5.4197880798253774e-05
5906,6.147806756707591e-05
5907,7.2801867688221315e-06
5908,2.756160549874265e-07
5909,2.756160549874265e-07
5910,1.2138054501630988e-05
5911,3.379550474245132e-05
5912,7.755376427254536e-06
5914,7.755376427254536e-06
5915,4.155088116970585e-05
5917,1.1862438446643562e-05
5918,2.1657450240820327e-05
5919,0.0005545654352348344
5920,0.0005545654352348344
5922,2.1657450240820327e-05
5923,1.1862438446643562e-05
5925,1.1862438446643562e-05
5928,2.756160549874265e-07
5931,2.756160549874265e-07
5933,2.756160549874265e-07
5939,2.756160549874265e-07
5940,2.756160549874265e-07
5942,2.756160549874265e-07
5944,2.756160549874265e-07
5956,0.0037503795604142028
5957,2.0938950497838282e-05
5958,0.002777055455725157
5962,2.756160549874265e-07
5986,2.1769608839851864e-05
5987,0.00013855401967799506
5988,0.0064125973140801585
5989,1.2972060403167128e-05
5994,7.256190540903854e-06
5995,7.256190540903854e-06
6002,8.841806046263717e-06
6003,2.5930916098749327e-06
6022,1.8171688131138472e-05
6050,6.77332637501365e-05
6051,0.00019257355501672328
6052,2.2421005173781313e-05
6053,3.112349979313979e-05
6054,2.2421005173781313e-05
6056,0.0004554886658036835
6057,6.502417466185563e-06
6073,2.3735818358162025e-06
6094,2.512599642668214e-06
6101,6.502417466185563e-06
6102,6.4330584355965225e-06
6103,8.197216178364404e-06
6105,6.93590305890407e-08
6110,0.0007095932470827473
6111,0.0027724727760323935
6112,0.0037577374726437338
6113,4.58267969276366e-06
6150,0.0008036010742120958
6151,0.0008036010742120958
6154,0.0008036010742120958
6156,0.001382538661237713
6158,0.0010578222613522826
6160,0.0016627436046544697
6161,0.00016145005522358349
6168,0.0016797504809942794
6172,2.756160549874265e-07
6190,0.00016145005522358349
6191,0.00016145005522358349
6193,5.28747684836329e-05
6194,0.0021653765635510644
6195,0.0023019669249190935
6196,0.0016627436046544697
6197,0.003964710529573564
6198,0.0039954528108272595
6199,0.0014329114427472762
6201,0.002154460700636186
6203,7.591941466052931e-07
6204,0.00010488441451054657
6205,3.588363203889819e-06
6206,0.0036900042088935975
6207,0.0009895365234252604
6210,0.004679540732318858
6211,6.828573792702225e-05
6212,0.0034642719421115187
6213,0.01039967303387208
6234,0.0003372952547698933
6235,0.0012687086085827778
6237,0.006742779828135745
6238,0.006742779828135745
6240,0.006742779828135745
6243,0.0016060038633526712
6260,0.00016406962801467952
6261,0.010235603405857401
6269,2.9386757747273176e-07
6270,2.9386757747273176e-07
6277,2.9386757747273176e-07
6278,2.9386757747273176e-07
6292,2.9386757747273176e-07
6293,2.9386757747273176e-07
6295,2.9386757747273176e-07
6313,1.774834638192086e-06
6314,0.0030448298565566895
6321,0.001384313495875905
6323,0.003674377380955829
6328,0.003674377380955829
6330,0.0008576961807188259
6331,0.0009232985179318654
6336,0.0002158285320426039
6337,0.002816681200237003
6338,0.002816681200237003
6340,0.002816681200237003
6341,0.0002158285320426039
6342,0.00012227237782212042
6343,0.0002158285320426039
6345,0.0028773914169057118
6346,8.704540617647322e-05
6347,8.704540617647322e-05
6348,0.0005313979988398091
6350,3.7518976091144745e-06
6351,3.7518976091144745e-06
6352,0.0016868139498175045
6353,0.0016868139498175045
6354,0.004716139408902382
6355,5.28747684836329e-05
6359,3.7518976091144745e-06
6362,2.756160549874265e-07
6363,8.67697901214858e-05
6368,1.118456003006387e-06
6369,1.118456003006387e-06
6370,4.643474531973223e-07
6372,4.643474531973223e-07
6373,1.118456003006387e-06
6374,6.541085498090647e-07
6375,6.541085498090647e-07
6376,6.541085498090647e-07
6377,6.541085498090647e-07
6380,8.67697901214858e-05
6381,8.67697901214858e-05
6382,0.0015477493253996096
6384,0.0015477493253996096
6385,0.0015477493253996096
6386,6.389456656686248e-06
6387,1.77988575536787e-07
6388,1.77988575536787e-07
6389,3.5921166318797577e-07
6402,0.009248213126319406
6403,0.014112116579074527
6404,0.010235603405857401
6409,0.00018043680461671719
6410,0.004972794082064636
6412,2.1591312364804894e-05
6420,0.00974207582123633
6422,7.425997128965085e-05
6423,2.2238846300254373e-05
6424,5.202112498939647e-05
6425,0.0002577409518328579
6426,0.0002618242035236004
6427,2.3399248689515376e-06
6433,0.0003827969083397099
6434,0.0004223892677270359
6435,0.00041603035323079147
6436,7.222049846679102e-05
6438,0.00034383557245523243
6440,0.002122606233741024
6441,5.664823409593716e-05
6442,5.664823409593716e-05
6443,4.523763825219306e-05
6446,2.1877941978510878e-06
6448,1.949245892212388e-05
6450,1.949245892212388e-05
6451,6.358914496244455e-06
6453,4.829833471138749e-06
6456,0.014068956597957934
6457,4.315998111659342e-05
6460,0.00034383557245523243
6467,7.368015234194703e-05
6470,5.263057997687964e-06
6471,2.3032772757219578e-05
6477,3.693874271139677e-05
6478,0.00022080220912146112
6479,0.00022080220912146112
6480,0.00022314213399041266
6481,4.4137869674119125e-05
6482,2.3399248689515376e-06
6483,2.3399248689515376e-06
6485,3.959235938732603e-05
6486,4.4137869674119125e-05
6487,2.3399248689515376e-06
6489,0.0003076017562995874
6490,0.0003076017562995874
6491,7.222049846679102e-05
6494,2.3399248689515376e-06
6495,1.5213067110044993e-07
6496,2.1877941978510878e-06
6497,1.5213067110044993e-07
6498,4.523763825219306e-05
6499,0.01719187495232653
6500,0.0016065760601024401
6502,0.002154460700636186
6504,0.00034383557245523243
6506,0.00035524616829897657
6507,0.00035524616829897657
6508,0.00035524616829897657
6509,1.14105958437441e-05
6510,0.00034383557245523243
6514,4.952018662325332e-05
6515,4.952018662325332e-05
6516,6.020041184472973e-06
6519,0.0024664418061962562
6520,0.002122606233741024
6521,0.002122606233741024
6522,4.829833471138749e-06
6523,8.70915757377315e-06
6524,0.00018908697274993907
6525,4.829833471138749e-06
6527,4.829833471138749e-06
6531,6.147806756707591e-05
6534,2.3169941097820883e-07
6543,8.14079011545058e-07
6544,2.911898002834246e-07
6547,2.959888368994173e-06
6550,3.070370801525927e-05
6555,0.0024248918348143906
6557,0.002154460700636186
6559,1.2937111381048703e-06
6564,1.0915862914878016e-05
6565,1.0915862914878016e-05
6566,0.00896084331805256
6567,0.015746044233649684
6568,0.015251267651787127
6569,0.030954275474684288
6571,4.315998111659342e-05
6575,0.03393615868077441
6576,0.0016354501089898324
6578,0.0036858161568264314
6580,0.0016354501089898324
6581,0.0016065760601024401
6583,0.0030395360635746735
6584,0.008145542495938454
6591,0.0003037581827534674
6592,1.2937111381048703e-06
6594,0.0017168295532353267
6597,1.2937111381048703e-06
6600,0.0002444766808633487
6601,0.0027828413320694846
6602,0.0002444766808633487
6603,0.0002444766808633487
6605,0.038821657511073394
6609,0.0002516448204210984
6612,0.0006493506224589669
6614,0.04162160278490059
6615,0.041365648168036374
6617,0.0002444766808633487
6618,0.00026427404187989126
6619,0.00026427404187989126
6620,0.0026997304074814375
6621,0.0003829108292941586
6622,1.2798579833753162e-05
6623,0.04190332015570554
6624,4.830707591066956e-05
6625,0.0030809893934971517
6626,0.0006462800932517578
6627,9.143359597782568e-06
6628,0.00031290154235125
6630,0.0002516448204210984
6631,7.168139557749667e-06
6633,0.04233180497874917
6635,2.8874048887392342e-05
6636,2.2660778685508712e-06
6639,0.0005758575259838278
6642,0.04253417858532744
6643,7.304920775512166e-06
6645,0.0002516448204210984
6646,0.006877229026112079
6647,9.143359597782568e-06
6648,0.0006293307185846886
6649,0.0006493506224589669
6650,0.00034685544691760717
6651,0.00034685544691760717
6652,0.002154460700636186
6653,7.304920775512166e-06
6656,9.143359597782568e-06
6657,0.0006363620769246757
6658,0.0006291939373669261
6660,0.0006493506224589669
6663,0.0005758575259838278
6664,0.0005758575259838278
6665,7.168139557749667e-06
6666,0.0003037581827534674
6667,0.0006493506224589669
6668,0.0006493506224589669
6669,0.0006506443335970718
6670,4.2020334481411793e-05
6671,0.0006493506224589669
6672,2.595397311945855e-05
6674,0.04311637478415485
6675,0.04311637478415485
6676,0.042769519337237244
6681,0.13018194426266066
6682,0.017220749001213922
6683,0.017194795028094463
6684,0.04374556872152178
6689,6.995209958211747e-05
6690,6.995209958211747e-05
6691,6.995209958211747e-05
6692,0.00662558420569098
6694,0.0438155208211039
6695,0.00041146048661562827
6698,0.00662558420569098
6700,0.00041146048661562827
6701,6.995209958211747e-05
6702,0.00662558420569098
6703,0.13018194426266066
6704,0.13050472275118286
6705,0.1312571721188072
6706,0.0027828413320694846
6708,0.04340406033448827
6711,1.2937111381048703e-06
6712,0.003465145247045353
6714,1.2937111381048703e-06
6717,0.04340406033448827
6718,0.008231348330154998
6719,6.578075560637682e-06
6725,0.013381334428839568
6726,0.04340406033448827
6727,0.00012026232688815963
6733,0.0003037581827534674
6734,0.025503192357281008
6735,0.13181898161509592
6736,2.9405825124585418e-05
6737,0.15467115468910372
6742,0.0171692586925831
6744,0.009661682248133567
6745,0.009734103648234274
6746,1.2937111381048703e-06
6750,0.013380798341046342
6753,0.05515840509519869
6754,0.05515840509519869
6759,0.0036210488773598046
6762,0.01351782906941466
6763,0.034944258199747065
6764,0.0026348728075404034
6766,0.06560991823541255
6767,8.766773980003929e-05
6769,0.04955417213905459
6770,0.2042253268281583
6774,5.902051029360152e-05
6775,8.766773980003929e-05
6776,8.766773980003929e-05
6777,8.766773980003929e-05
6780,0.003131095333299017
6783,0.008234813429316827
6789,0.0005426416251367709
6792,0.0005426416251367709
6794,0.0014791411370113816
6799,0.008234813429316827
6810,0.0014791411370113816
6812,8.766773980003929e-05
6821,0.0014791411370113816
6822,0.00039183432573717506
6825,0.0014791411370113816
6826,0.0014791411370113816
6827,0.00039183432573717506
6830,0.00021379485997767954
6831,0.00019836962326711408
6832,0.00015757952790153203
6833,0.00012505325500568687
6834,0.00012505325500568687
6835,1.97073306793943e-05
6836,8.874160497199268e-05
6840,2.959888368994173e-06
6842,8.874160497199268e-05
6843,8.874160497199268e-05
6844,2.959888368994173e-06
6845,2.959888368994173e-06
6846,9.170149334098685e-05
6849,0.00042048321401662775
6859,0.0005442869818540924
6860,0.0012782933649611993
6862,0.0006649507496355722
6863,0.0012399597857184422
6864,0.0006649507496355722
6866,0.0001256830688520993
6867,4.501000133647544e-06
6869,0.0033395787466860417
6870,0.00020777797359030373
6871,2.0652675657957424e-07
6873,0.06560991823541255
6876,0.0014181236926635247
6877,0.0014263802579936387
6878,0.0014786109312686093
6879,5.3936891209465146e-05
6880,5.888383894775818e-06
6881,0.0016587474107973336
6883,0.0024414434915928963
6884,0.002401215037139494
6885,0.00244147662857856
6887,0.0006109156835333281
6888,0.00048131100052248266
6889,0.0030283120246976858
6890,0.0030283120246976858
6891,0.0030283120246976858
6894,0.0030283120246976858
6896,0.0006917991660791251
6897,0.0006953875292830149
6898,0.0008219957592139481
6900,0.0003699572778534425
6901,0.0005201150240138946
6902,0.0003740098412907625
6903,0.1393155893445088
6905,0.000239268250454531
6906,0.000751775466804784
6907,0.0016379272733508257
6908,8.418640899305581e-05
6909,0.002749546773069384
6910,0.0030283120246976858
6911,4.58267969276366e-06
6912,0.1393155893445088
6914,0.0008615486822649289
6915,0.0029672682483141556
6916,0.0032065364987686864
6917,0.0029672682483141556
6919,0.0012677095196412527
6920,0.0023120875116712618
6921,0.010714254343563734
6923,0.0015096694770285173
6924,0.0035797970313125147
6925,0.0008219957592139481
6926,0.0006109156835333281
6927,0.00038161934466552657
6928,2.29764997323882e-06
6930,0.0003189997794195173
6932,2.2421005173781313e-05
6934,0.0032065364987686864
6935,0.0003435442981254807
6936,0.00011194436767820276
6937,0.0002769349925993467
6938,0.0018884415709517178
6939,1.8689029312414455e-05
6943,0.00034048063938577023
6945,0.0005322856399386876
6946,0.0007453973384080189
6947,4.402326791531731e-06
6950,0.00018908697274993907
6951,1.9754855928608343e-06
6952,4.121340222539479e-05
6953,0.0021913101519979413
6954,6.376784673232218e-07
6956,0.001931717709345518
6957,0.00046792408270305094
6958,0.00011511181276850968
6959,3.2756326850375225e-05
6960,0.0005830358954715606
6961,0.0013438198718658482
6962,0.06931197045044205
6963,0.06931197045044205
6964,0.00022491234640731328
6965,0.0008937307258643964
6966,0.0008937307258643964
6969,7.687635134167801e-05
6971,0.00017911978268511498
6972,0.004154652950192046
6973,6.649761999301441e-07
6974,0.00130314950923467
6975,0.0003279209056365752
6977,0.004155317926391976
6979,9.50551583659895e-05
6980,1.81721503389267e-05
6995,7.425997128965085e-05
6999,1.001654001147469e-05
7000,6.424343127817615e-05
7001,2.6544108308985057e-05
7002,3.76993229691911e-05
7003,3.76993229691911e-05
7006,7.425997128965085e-05
7007,1.001654001147469e-05
7015,3.375739426495236e-06
7016,0.0011929501232587384
7018,0.0006384847386473007
7019,0.0011929501232587384
7020,1.0778005083424674e-05
7022,0.001831434861906039
7024,0.0014526590758520298
7025,0.00529889813831156
7026,0.0038873747897247347
7027,0.0006563669108705957
7028,5.172062639678223e-06
7029,0.0001126516048426681
7030,0.001831434861906039
7033,4.859594317879039e-06
7034,4.859594317879039e-06
7040,7.425997128965085e-05
7047,0.002122606233741024
7048,0.002129886420509846
7049,0.0021201473557304596
7052,0.0021201473557304596
7053,9.739064779386348e-06
7055,2.756160549874265e-07
7056,0.001373466621422294
7057,6.748945632254944e-05
7058,1.1862438446643562e-05
7066,5.381851524882927e-06
7067,0.0015531311769244925
7068,0.00028430121201051894
7069,0.0005063712256679883
7070,0.000499981769011302
7071,8.67697901214858e-05
7072,8.67697901214858e-05
7077,0.0016409085721777817
7081,0.0005307438902900001
7082,0.00022314213399041266
7083,0.0003076017562995874
7086,0.0015477493253996096
7088,6.389456656686248e-06
7089,0.0015541387820562959
7092,0.0015477493253996096
7093,0.0015477493253996096
7094,6.389456656686248e-06
7095,1.8122308765118877e-07
7096,0.0005083634342873164
7097,0.00012540483422742704
7100,0.13713699371291016
7101,0.1364876430904512
7102,2.959888368994173e-06
7103,1.2937111381048703e-06
7105,0.005046367953944984
7107,6.541085498090647e-07
7108,1.77988575536787e-07
7112,9.242725770135616e-05
7113,9.242725770135616e-05
7114,9.242725770135616e-05
7120,0.0016662999416177716
7122,2.0690204816100373e-05
7124,2.0690204816100373e-05
7125,0.0016868139498175045
7128,4.613637227652787e-06
7130,7.092854163270218e-07
7137,4.789833844020184e-06
7139,1.7619661636739682e-07
7140,2.911898002834246e-07
7144,0.002154460700636186
7145,1.0915862914878016e-05
7146,0.13713699371291016
7147,4.9367785728283066e-05
7148,0.003946085025098976
7151,0.010235603405857401
7152,0.015281971359802386
7153,9.143359597782568e-06
