chunk,load
0,0.0017369891188852439
1,0.0014901647570963936
2,0.0014901647570963936
3,0.0028145017481393526
4,0.002722639758141275
5,0.002722639758141275
6,0.002722639758141275
7,0.0033409885489400024
8,0.0033409885489400024
11,0.04699934780579695
12,0.046990717350353296
13,0.046990717350353296
14,0.0471387785194505
15,7.072354189068967e-06
17,5.416359558995998e-05
18,6.410034578590392e-05
19,6.3428133415009265e-06
20,6.3428133415009265e-06
22,0.0008133737490524395
25,5.238918349796126e-05
26,5.238918349796126e-05
32,0.02390207717179764
33,0.008507850600664923
34,0.007694476851612484
35,0.0077008196649539845
36,0.0022117657103713248
37,0.002043707693136898
38,0.0015831219286569077
39,0.0015831219286569077
40,0.0015831219286569077
41,0.01185690308352825
42,0.0010299201175344008
43,0.012150000652369472
44,0.01185690308352825
45,0.01185690308352825
46,0.01185690308352825
50,0.0009266017852289483
51,0.0009266017852289483
52,0.04592140683791202
53,0.04592140683791202
54,0.04592140683791202
55,0.04592140683791202
56,0.001222898181686457
57,0.001222898181686457
58,0.001222898181686457
59,0.002954539844901984
60,0.002790253088307817
61,0.002790253088307817
62,0.0027732975383011286
63,0.0637230282847599
64,0.0637230282847599
65,0.0637230282847599
67,0.06368708622203664
68,3.59420627232497e-05
69,0.005306943742091854
70,0.005306943742091854
71,0.0034057388239446314
73,0.20383622135311985
74,0.17732554087808802
75,0.02403344046236139
76,0.0018799762551988675
79,0.014672259858313377
80,0.0005867988343929811
81,0.00029720336525754405
83,0.0005867988343929811
84,0.004963145265877387
87,0.0850801259040289
88,0.0850801259040289
90,0.0850801259040289
91,0.07447773310903258
92,0.07447773310903258
93,0.07447773310903258
94,0.07447773310903258
95,0.07447773310903258
96,0.07447773310903258
97,0.08914999296734595
98,0.08914999296734595
99,0.08885354831163322
100,0.08885354831163322
101,0.08885354831163322
102,0.09350445285530648
109,0.015259058692706357
110,0.0027828504046493742
111,0.004152021655417668
112,0.0027828504046493742
113,0.0021034331903641737
114,0.0012320066833740207
115,0.001284395866871982
116,0.001262510048999272
117,0.0012350994353429517
118,0.0008513395373549042
119,0.0008095614130782734
120,0.0008095614130782734
121,0.0021487953908636745
122,0.0021487953908636745
123,0.0023308500483011484
124,0.002326497974540926
125,0.046129764597016835
126,0.04608305386274349
127,0.046135443046241446
128,0.04608305386274349
129,0.0458401654584585
130,0.0458401654584585
131,0.0458401654584585
132,0.0458401654584585
133,0.0458401654584585
134,0.045881634150936726
135,0.04589005839864415
136,0.04587867264792931
137,0.04587867264792931
138,0.04587867264792931
139,0.04588289609530383
140,0.04587867264792931
141,0.04662650130874317
142,0.0465754889826343
143,0.0004238588231626443
144,0.0004238588231626443
145,0.0004238588231626443
146,0.0013564067196980465
147,0.0012824482531164385
148,0.0012824482531164385
149,0.0012805966230545558
150,0.0012445955367875548
151,0.001240482657224047
152,0.001230725929248216
153,0.0012421116799630572
154,0.0012216835421149691
155,0.0009266017852289483
156,0.0009266017852289483
157,0.0009266017852289483
158,0.011922840449402042
159,0.011907307205452466
160,0.027247809222471803
161,0.02659140312191351
162,0.023258257360173566
163,0.023267040491825174
164,0.02326103635608671
165,0.022098000400994477
166,0.022098000400994477
167,0.022098000400994477
168,0.022098000400994477
169,0.022098000400994477
170,0.022098000400994477
171,0.022098000400994477
172,0.022173812779451917
173,0.022173812779451917
174,0.020281857895172607
175,0.020281857895172607
176,0.020450404835971228
177,0.020447367378916535
178,0.001049376862145911
179,0.0016369779857652105
180,0.002722639758141275
181,0.002722639758141275
183,9.972572653612937e-06
184,1.569753362889575e-05
185,1.569753362889575e-05
186,0.015356199550648233
187,1.5533243949575952e-05
188,0.0009266017852289483
189,0.0458401654584585
191,0.04652284332155539
192,0.19575444778740955
193,0.1954695082884299
194,0.1954695082884299
195,0.1954695082884299
198,0.00012900698089925159
199,0.00012900698089925159
200,6.49797645884703e-06
201,0.0009266017852289483
202,0.01185690308352825
205,0.0028145017481393526
206,0.0003220240736400537
207,0.0008197165623939404
208,0.0022117657103713248
209,0.0012255379134491612
210,0.023739267436643757
211,0.023739267436643757
212,0.16033475363159197
213,0.0850801259040289
214,0.0034057388239446314
215,0.0027828504046493742
216,0.0027828504046493742
217,0.0030063837486428192
218,0.002028970923537049
219,0.002028970923537049
220,0.0008513395373549042
221,0.00036957875200469193
222,0.0004893356794700929
223,0.0027737942894432662
224,0.016804955467379073
225,0.016507197687615265
226,0.01390874699720183
227,4.87934924623289e-05
228,0.0023565622329609947
229,0.0021349794674946766
230,0.000357974609755976
231,0.0005795573752222942
232,0.0005580504521142984
233,0.0005580504521142984
234,9.773601886151031e-05
235,0.0013285349447399915
236,0.008335718822190771
237,0.008903138034795234
238,0.00714498264587097
239,0.011396814027543127
240,0.004674985772636661
241,0.006311981761192821
242,0.005395486502211487
244,0.1954695082884299
245,0.20574155726588284
246,0.004465689557956553
248,0.0016532873364778326
249,0.0009461827451015659
250,0.0064414235224033315
251,0.005276482086837782
252,0.20099561088323153
253,0.002307768740498666
254,0.006179477104987613
255,2.036396212561198e-06
256,2.036396212561198e-06
257,0.0019344100774887482
258,0.002095965050131253
259,0.024479567010668377
260,0.03154591103838372
261,0.026948051810754686
262,0.0018391619402531232
263,0.004149980412495546
264,0.0010004359354818955
265,0.0011873014641106993
266,0.0016492755022653367
267,0.0016492755022653367
268,0.0017993452483262712
269,0.0014120643710284243
270,0.00029306000418245423
271,0.0016855062669760515
272,0.00026492020880373085
273,0.005726511449845668
275,0.005726511449845668
276,0.0019364464737013094
277,0.005726511449845668
278,4.211979745719632e-05
279,0.0019364464737013094
280,0.011204989677637361
281,0.009173883288095187
282,0.009206251303734736
283,0.004515529438370442
288,0.005768631247302865
289,0.0005726270144239061
290,0.00037744138327537927
291,0.00037744138327537927
292,0.00015006974606093446
296,2.687649901916239e-06
297,2.687649901916239e-06
298,2.687649901916239e-06
301,0.00019518563114852682
302,2.6368764771163243e-05
307,2.687649901916239e-06
308,2.687649901916239e-06
309,2.687649901916239e-06
311,0.005991431658649399
312,0.01123735769327691
313,0.0002473769426937937
314,2.687649901916239e-06
316,3.674719571761801e-05
317,0.008092800754370692
318,0.0015160028543046732
319,0.00564837728269959
320,0.0031495444770136497
321,0.0018348726565954078
322,0.0018348726565954078
323,2.687649901916239e-06
324,2.687649901916239e-06
325,0.20561904826144242
326,0.0013198561179026869
327,0.03052473623436381
328,0.004465689557956553
329,0.00655052036441926
330,0.0002714838156177415
331,0.0007706209933995742
332,0.23152034711759537
333,0.23229096811099492
334,0.0015219908587827508
335,0.021823562617707078
336,0.0005755892423886537
337,0.00034024122951848736
339,0.0010604921092311095
340,0.0013228261328795915
341,0.0010604921092311095
342,0.022746101517166373
343,0.0006542133038099911
344,0.005101254922995176
345,0.005626625989672271
346,0.020265444999063117
347,0.02000999071691046
348,1.1972042760072003e-05
349,0.00462812146628516
350,0.0016577827833280426
351,4.9376645862780456e-05
352,0.00787945708233396
353,0.007241770676382278
354,0.0010900090524814095
355,0.0015540849268637338
356,1.1972042760072003e-05
357,0.006325372155470226
358,0.2264575525062106
359,0.001432474643417172
360,0.2264575525062106
361,9.73425679638238e-05
362,0.220965730244499
363,0.00155268317336774
364,0.00155268317336774
365,0.2264575525062106
366,0.00549182226171161
367,0.0010900090524814095
368,0.007397152098672572
369,0.220965730244499
370,0.007550078828210106
371,4.9376645862780456e-05
372,0.001705609902905275
373,5.972332309536854e-05
374,0.0010900090524814095
375,0.01441455595687483
376,0.012383945557577195
378,0.030863712313615392
379,0.0002502885470542475
380,7.9165046801926e-05
381,0.00024857445457595386
382,0.00024857445457595386
383,0.00024047272407042226
384,0.00022412820832490836
385,0.005844468925304831
386,2.920913630361729e-06
388,0.007221648009317094
389,0.0002476062616885563
390,0.0012694344417701901
391,0.0069740417476285375
392,0.006505987328003038
393,0.006505987328003038
394,0.004872274140231055
395,0.004872274140231055
396,0.005341662229067935
397,0.005341662229067935
398,0.0012694344417701901
399,0.014669151206868732
400,0.0002982010806480175
401,0.000669979635903375
402,0.000669979635903375
403,0.000669979635903375
404,0.0007144225268151348
405,0.005420776490973778
406,0.019791726617194492
407,0.014370950126220715
408,0.020323942221665198
409,0.023978966024282747
411,0.00025148678005455826
412,0.0006142077861934378
413,0.0005722965299534469
414,0.0005026482981252454
415,0.0004411812851151267
420,0.0027953285273874303
421,0.0027953285273874303
422,0.004438010355727271
423,0.004877739484749328
424,0.004877739484749328
425,0.005583799638107116
426,0.008606153727377336
427,0.026731337407219516
428,0.0016488365901182191
429,0.0016488365901182191
431,0.0010249626811373238
432,0.0008141992591157993
433,0.0010249626811373238
434,0.0010249626811373238
435,0.00035276790820833886
436,0.00035276790820833886
437,0.00025496677413552903
438,0.014370950126220715
439,0.014370950126220715
440,0.035323231012391966
441,2.687649901916239e-06
442,0.0002215103732986567
443,0.0020962137661403968
444,0.019846530865666952
445,0.01429826942942739
446,0.01634681036396002
447,0.001464188928911646
448,0.002064291048590926
453,0.025888392328315378
454,0.007327687022019876
455,0.0329792980606985
456,0.033169290333482954
457,8.655664143016059e-05
458,1.1480463223831756e-05
459,0.00023096727945086943
460,1.96004680381801e-05
461,0.01853969749935665
462,0.01970289746816984
463,0.01970289746816984
464,0.01970289746816984
465,0.020746764812338326
466,0.02186715672841042
467,0.0007241586714239021
468,0.02114299805698652
469,0.023171423607654777
470,0.014453549024607989
471,0.005488901348081248
472,0.005488901348081248
474,0.00025673744450780013
475,0.0011379203740971306
476,0.014350026954361285
477,0.017959270588767163
478,0.01806279265901387
479,0.0008799558303080864
480,0.0004181547159159131
481,0.00529210815465137
482,0.0003940202734285581
483,0.007815635717270786
484,0.009167892568623463
485,0.009682434449217453
486,0.0008870830052496124
487,0.0008870830052496124
488,0.0018080040022223484
489,0.001484652528242031
490,0.022314250157900607
491,0.003735378706903062
492,0.01020014671650937
493,0.010086142025307247
496,0.00013887499502893605
497,0.00013887499502893605
498,0.002458284176986057
499,0.010866595043813957
500,0.01550512191655379
501,0.0008416884474062341
502,0.00015945633426621864
503,0.001766039286935945
504,0.00030190402216614964
505,2.2618409665248694e-07
506,0.01472521465219726
507,0.01472521465219726
508,0.026731337407219516
509,0.0002167144035351674
510,0.0018348726565954078
511,0.0011873014641106993
512,0.0001584384354309088
513,0.0008257910991073686
514,0.004411492511966717
515,0.013093241985305601
516,0.0006042807258087119
517,0.009744760256542225
519,0.0003598520681052698
520,0.0004168114506062958
521,0.00046640354483253374
530,2.021579570453329e-05
531,2.0017747242097888e-05
532,2.0583330707510573e-05
533,1.2164930162789395e-05
534,1.2164930162789395e-05
535,9.40445270251719e-05
548,0.0030226805532410214
549,0.0030226805532410214
550,0.0031027325189830865
551,0.0036335871641990144
555,0.001958143922792919
556,0.001958143922792919
557,0.001958143922792919
558,0.001958143922792919
559,0.001958143922792919
560,0.001958143922792919
561,0.001958143922792919
562,0.001958143922792919
563,0.02915810241071012
564,0.03565174278621031
565,0.2223344777704975
566,2.920913630361729e-06
567,0.032309297543128446
568,7.9165046801926e-05
569,0.03170984327470049
570,0.0014660900939623205
571,0.003792597043764549
572,0.0003270074237115915
573,0.22241364281729942
574,0.22612707481426206
575,0.006540311829325375
576,0.0014660900939623205
577,0.0014660900939623205
578,0.0003476511075215526
581,0.0004598597067394763
582,0.018096026392627418
584,0.012073282470649852
586,0.009938868905781283
587,0.009623771842954952
588,0.009623771842954952
589,0.02140253790886207
590,0.02140253790886207
591,0.02140253790886207
592,0.01758981504560352
593,0.017107983362081487
594,0.021849435772821266
595,0.4160085638529668
596,0.003922237996310315
597,0.003922237996310315
598,0.003949268881914975
600,0.004741452410739782
601,0.004741452410739782
602,0.003949268881914975
603,0.003949268881914975
604,0.002003377273401721
605,0.001495628150247673
606,0.009938868905781283
607,0.0016137434174594218
608,0.4191767249463212
610,0.11417536850647231
611,0.11338854817964206
612,0.000761705323377244
613,0.000761705323377244
614,0.30508233757076847
615,0.30012757841534693
616,0.022314250157900607
617,0.028644794100033556
618,0.02116859843188395
619,0.021309108117853335
620,0.0003673045702504612
621,0.0005729393575229164
622,0.0005729393575229164
623,0.0005729393575229164
624,0.00048008558528543453
625,0.00048008558528543453
626,0.00020563478727245518
627,0.019554214434995245
628,0.001979846723654326
629,0.001979846723654326
630,0.0490781028150465
631,0.04723176603297074
632,0.047311817998712806
633,0.047311817998712806
634,0.047311817998712806
635,0.008078563951480112
636,0.00020573553150228922
637,0.00020573553150228922
638,0.00011268027080513931
639,0.007730937660460312
640,0.007872828419977823
641,0.007872828419977823
642,0.007616705354118987
643,0.00014050968596938335
644,0.007639478782492931
645,0.0004212675986450382
646,0.02112279158410466
647,0.02112279158410466
648,0.010444727048024911
649,0.029793306695747698
650,0.029873358661489765
651,0.029873358661489765
652,0.029873358661489765
653,0.000483973143365015
654,0.047556131711431936
655,0.04708546614606457
656,0.04709877372406222
657,0.04723176603297074
658,0.04723176603297074
659,0.0006273015771746874
660,0.004172612806672336
661,0.004172612806672336
662,0.004154978137703562
663,8.236654241660363e-05
664,0.004216400229585908
665,0.009304450660435157
666,0.009304450660435157
667,0.009304450660435157
668,8.236654241660363e-05
669,0.00938681720285176
670,0.00016187307973741612
671,0.00953062009507658
672,0.009563693696101994
673,0.00011615549426630932
674,5.84841607887338e-06
675,0.009447538201835685
676,0.005544706140864321
679,1.7634668968773034e-05
680,1.7634668968773034e-05
681,1.7634668968773034e-05
682,0.002549133068741978
683,0.009683971453811313
684,0.00035050892752296064
685,0.003140105661537216
686,3.45166082152614e-05
687,0.0009255018131569866
688,0.0008909852049417252
689,0.0008909852049417252
690,0.008638489922279271
691,0.009529475127220995
692,0.008638489922279271
693,0.008650998634303462
694,0.00039924708163744413
695,0.0005869571285692579
696,0.008860716577426346
697,0.0014984087428431417
698,0.11014250795097084
699,0.11021189748584863
700,2.3342290637310674e-05
701,6.3897845078025e-05
702,0.004153256914944062
703,8.724013571533567e-05
704,0.10924975688124557
705,0.1101407420861873
707,0.1101407420861873
708,0.10587120107751173
709,0.0002481886147820007
710,9.73847258538038e-06
711,9.27318255150901e-05
712,0.013520850890021065
713,0.003179395480768106
714,0.003202645350238942
715,0.0002651244551355921
716,0.10604409292793057
717,0.00011886233974132738
718,0.00011886233974132738
719,0.00011886233974132738
720,0.00032502846439782975
721,0.00023845014219662033
722,0.00012840621870941564
723,8.5245199263425e-05
728,8.5245199263425e-05
729,0.28952978919838185
733,0.010341455409252959
734,2.3249869470836248e-05
735,0.010364705278723796
744,0.007362307834583204
746,0.0014966428780595824
747,0.10640218238007688
748,0.007362307834583204
749,0.007362307834583204
750,0.007362307834583204
755,0.0031746222697524775
756,0.0031498441341225964
757,0.0031498441341225964
758,0.0031498441341225964
760,0.0031395711500769273
761,4.959857240201352e-05
762,4.959857240201352e-05
763,0.10589597921314162
764,0.10587120107751173
765,2.477813562988102e-05
766,2.477813562988102e-05
767,0.00012840621870941564
768,0.000366856360906036
770,0.0002707341597367383
771,0.003766579473107532
772,0.0015922850172770278
773,0.0027321497334550447
774,0.0027253442569063345
775,0.004899638712736838
776,0.0020688599196079676
777,0.002515956217705231
778,0.002253031775726281
779,5.094627631179822e-05
781,0.0029926816704026224
782,0.0024779390962441153
783,0.0019279301321752723
784,0.0019279301321752723
785,0.0019279301321752723
786,0.0019279301321752723
787,0.0019188495150025903
788,0.010768658099742024
789,0.010829655883068032
790,0.0020939258323993803
791,0.0038849315191171047
792,0.300151947241123
793,0.010667883181450753
794,0.01839578594831807
795,0.010265791338803681
796,0.010265791338803681
797,0.008408768484335794
798,0.297892832544008
799,0.29789590642460634
800,0.289864665886911
801,0.29007399769503944
802,7.820594032701173e-05
803,0.0001805427321210052
804,3.7408135193991024e-05
805,2.207377604663754e-05
806,0.06607804832500803
807,0.057263498299039345
808,0.057263498299039345
809,0.057263498299039345
810,0.0011014361289556644
811,0.005978857351516485
812,7.08004259444781e-05
816,0.0034136958346870617
817,8.051844069933453e-06
818,8.051844069933453e-06
819,0.0005159850770137522
820,0.0010324607492536585
823,0.00015560373048096094
824,0.00015560373048096094
826,0.00015560373048096094
827,0.00015560373048096094
830,0.0005164756722399062
831,0.0005164756722399062
832,0.003915873186367443
834,0.003915873186367443
835,0.003926265828892084
836,0.0005079332329438188
837,0.0005079332329438188
838,0.0005079332329438188
839,0.06610012210105468
840,0.0029926816704026224
842,0.0005166357773987251
843,0.0005166357773987251
844,4.809895475454654e-05
845,0.003918259718884593
846,0.0015827581153914233
847,0.0023355016034931697
848,0.0010713260604759038
850,0.0034068276639690736
851,0.0034068276639690736
852,0.0005164756722399062
853,0.0005164756722399062
854,0.0005647347321532716
855,0.0005176593455918515
856,0.003405643990617128
857,4.944273326531075e-05
858,0.00010801535873802206
859,8.261787517340708e-05
860,7.08004259444781e-05
861,7.08004259444781e-05
863,0.290559620902483
864,0.2905297114170179
865,0.2906162897392191
866,0.2906162897392191
868,7.907916061257986e-05
869,7.422433100239724e-05
870,0.0011127338486750325
871,0.0011303312596568354
872,0.0013919763921978064
873,0.00025874867244801697
874,0.0009845981592668807
875,0.06501267256729736
876,0.05699428877096141
877,0.057001094247510126
878,0.06705319957825988
879,0.06679027513628093
880,6.781395439455397e-05
882,0.010486475143443084
883,0.0005889010437611505
884,0.014939321863235197
885,0.11395649920221967
886,0.008109531088355248
887,1.7597410981803017e-05
888,8.657832220120941e-05
889,0.00026292444197895045
890,0.004310823797634652
891,0.003840158232267287
892,0.003840158232267287
893,0.05092562437833186
894,2.4938729659625725e-06
895,0.0009414975945922112
897,0.0028905552687838736
898,0.0028905552687838736
899,0.0001256474505998189
900,2.6880310445436066e-06
901,0.0010758034048552658
902,1.264475820223065e-07
904,0.0007420148205232313
905,0.0008183440169583549
906,0.0015603588374815862
907,1.264475820223065e-07
909,0.10597664930198142
910,0.00010323614088683318
913,8.724013571533567e-05
914,8.724013571533567e-05
917,0.3496498392502983
918,0.34953333475973236
919,0.34953333475973236
920,0.34953333475973236
921,0.34934416470919355
922,0.003964607271923144
923,0.002082703449868298
924,0.0014886208210723158
925,7.108510983755552e-05
926,0.0014175357112347603
927,0.001414035688016211
930,0.001414035688016211
931,0.001414035688016211
932,0.001414035688016211
933,0.0027035897916067256
934,0.3377259879617105
935,0.34189885095461264
936,0.34112937378744473
937,0.3411243267250813
938,0.00491598366577876
939,0.3978675431607213
940,0.3978675431607213
941,0.395594533386951
942,0.00015478638861864079
943,0.00018981043204220643
944,0.007609263815374953
945,0.009103800617873968
946,0.009103800617873968
947,0.009484559084556476
948,0.009367572243980327
949,0.01062063188715939
950,0.009307345270089907
951,0.009307345270089907
952,0.0012871443194303774
953,0.0012871443194303774
954,0.00010728764501605155
955,8.670198619316226e-05
956,8.670198619316226e-05
957,0.0003661841893322041
958,7.878252447525165e-05
959,0.011947256212846362
960,0.01186847368837111
961,0.011378076301976167
962,0.01166547796683312
963,0.0038834638850254602
964,0.003911092490894745
965,0.002100851833878968
966,0.0021900350621841956
967,0.005469021864490193
968,0.005469021864490193
969,3.2006295605672866e-05
973,8.724013571533567e-05
974,8.724013571533567e-05
978,0.10970670787785704
979,0.10946766561921002
981,0.0002229839249996325
982,0.0013900775450401172
983,0.0014924468965443708
984,0.0014027619528067942
985,7.888142765668102e-05
986,0.0016130614700397496
987,0.000841825016961558
988,0.0006672931942328385
989,0.0003792181269518947
990,0.0005899044922490692
991,0.0005899044922490692
992,0.00047986421394704567
993,0.0004206247469303683
994,0.0004911588750430842
995,0.10968206570917008
996,0.010160930280416973
997,0.0033114204534350337
998,0.0033114204534350337
1000,0.0033114204534350337
1001,0.0033114204534350337
1006,0.008829340189533923
1007,0.008829340189533923
1008,0.008010915167370866
1009,0.008010915167370866
1010,0.008010915167370866
1011,0.012647742840271762
1012,0.006390173769137871
1013,0.006390173769137871
1014,0.006390173769137871
1015,0.0024460822246451706
1018,0.0024460822246451706
1019,0.0024460822246451706
1020,0.0008185511464676735
1021,0.0008185511464676735
1022,0.0015178029077206729
1023,0.0004911588750430842
1024,0.002008961782763757
1026,0.005469021864490193
1028,0.005469021864490193
1029,0.005469021864490193
1030,0.005469021864490193
1032,9.797931126657289e-05
1033,0.006442395786948607
1034,0.0004598597067394763
1035,0.0011379203740971306
1036,0.00022412820832490836
1037,7.9165046801926e-05
1038,7.9165046801926e-05
1039,0.0005926267528618815
1040,0.0005679811485719363
1041,0.0029868441290537397
1042,0.008007239986958813
1043,0.014754620630212099
1047,0.0014660900939623205
1050,0.00022412820832490836
1052,0.005488901348081248
1054,0.00022412820832490836
1055,0.00022412820832490836
1058,0.0004598597067394763
1059,0.018097740485105714
1060,0.0005505562926063566
1061,0.0005679811485719363
1062,0.0005886248323818974
1064,0.03141341937511791
1066,0.004861414080346245
1067,0.024871142988165718
1069,9.069658586688021e-05
1070,0.0014660900939623205
1071,0.015433893141201041
1072,0.0007287624408127618
1073,3.209825459045644e-05
1074,0.031288674707826265
1077,0.00022412820832490836
1080,0.0006112724688408995
1081,0.0014660900939623205
1084,0.024871142988165718
1085,0.00022412820832490836
1086,0.0006112724688408995
1087,0.0018133222109773116
1088,0.03141341937511791
1089,0.00022412820832490836
1090,0.00020621750892711987
1091,0.031407274211426736
1093,0.005488901348081248
1094,0.005568066394883174
1095,7.134397918100825e-05
1096,0.0019486652412315732
1097,0.0018773212620505648
1098,0.0012827364322354254
1099,0.001202049742136412
1100,0.2573819625186915
1101,0.02333370891502239
1102,0.02333370891502239
1103,0.02455703792923358
1104,0.005211948620144958
1105,2.920913630361729e-06
1106,0.0012233290142111917
1107,0.005211948620144958
1108,0.024668488640213537
1109,0.024668488640213537
1110,0.024668488640213537
1111,0.03641915048633575
1112,0.03345801915565549
1113,0.028158539174079223
1114,0.028224931023765436
1115,0.37041776846859215
1117,0.006201088571031544
1118,0.00012275238112239274
1119,0.0061346967213453335
1120,6.639184968621056e-05
1122,0.0061346967213453335
1123,0.000835216739769068
1124,0.000835216739769068
1125,0.016500636019309307
1126,0.0010137747416421345
1127,0.000835216739769068
1128,6.639184968621056e-05
1129,0.007168296468206857
1130,0.0038286010063169865
1131,0.0014027619528067942
1133,0.0034983586440841797
1134,0.002338404487412071
1135,0.002338404487412071
1136,0.002520159275568119
1137,0.002520159275568119
1140,0.0034983586440841797
1141,0.002743924509973916
1142,0.0011599541566721088
1143,0.0011599541566721088
1145,0.002520159275568119
1146,0.0011599541566721088
1147,0.0036801134322402276
1148,0.0030520742271947614
1149,0.14759486786909365
1150,0.010513061978459689
1151,0.0024294281062346395
1153,0.004858563762980189
1154,0.0007518405594598165
1155,0.000835216739769068
1156,0.000835216739769068
1157,6.639184968621056e-05
1158,6.639184968621056e-05
1159,0.0010137747416421345
1160,0.000835216739769068
1162,0.0010137747416421345
1163,0.0010137747416421345
1167,6.639184968621056e-05
1168,0.00026432621739989627
1169,0.000551219663208379
1170,0.00026432621739989627
1171,0.00026432621739989627
1172,0.010752390405559559
1173,0.008241078706663144
1174,0.05850280216509872
1175,0.06035604712376052
1176,0.05995500256054096
1177,0.0031545803205086037
1178,0.10925245240775591
1179,0.001260653654330761
1180,1.4663377904149361e-05
1181,0.010548360671179053
1182,0.010548360671179053
1183,0.002105228138180408
1184,0.0035010893719839816
1185,0.0004955426298965513
1186,0.006816458355680285
1187,0.007081832302894317
1188,0.007081832302894317
1189,0.010042897293618796
1190,3.626024068108637e-05
1191,0.010079157534299882
1195,0.005936167118009908
1196,0.001432932533969353
1197,0.004646459968725112
1198,0.053445044029840946
1199,0.053445044029840946
1200,0.053445044029840946
1201,0.053445044029840946
1202,2.6990827560779264e-05
1203,0.0006877699764726133
1204,0.045593846708452776
1205,0.00023076631293457602
1206,0.04882557488867661
1207,0.054132814006313555
1208,0.0008841681847669643
1209,0.055087631388465196
1210,0.055087631388465196
1212,0.05519366747728597
1213,0.00984537105213535
1214,0.008339574998586842
1215,0.003187417778467294
1216,0.0033929164820950203
1217,0.0032055828871459676
1218,0.008579786759619651
1219,0.0004405221560199785
1220,0.00048460322670915775
1221,0.05420346320369823
1222,0.00022366381230639956
1223,0.00020549870362772613
1224,0.00020456833202279806
1225,0.0004100670356505242
1226,0.00442269465559301
1227,0.07633641322465268
1229,0.00015505320682110174
1230,0.0001387988495777537
1231,0.0009078999444253745
1232,0.00010518808162881122
1233,7.824736572006857e-05
1236,0.0001987004841919084
1237,0.0005536228360703525
1238,0.0005536228360703525
1239,0.0013800142321792799
1240,0.004495629884752235
1241,0.004381733957270604
1242,0.0015492995193302848
1243,0.003484732630811164
1244,0.001680331698295936
1246,0.00048460322670915775
1247,0.0031783163431362885
1248,1.8165108678673435e-05
1249,8.172406291731266e-05
1250,0.00019561999039894386
1251,0.0015492995193302848
1252,0.0004248325904459879
1253,0.0015492995193302848
1254,0.010486737425909514
1255,0.010049460466790559
1256,0.0004372769591189559
1257,0.0005965284191393368
1258,0.0005965284191393368
1259,0.02731570945294056
1260,0.02731570945294056
1261,0.0012745662137301282
1262,0.0012745662137301282
1263,0.0012745662137301282
1265,0.0019227174167150331
1266,0.01783445021049918
1267,0.0004742786018616802
1269,0.006655087853109095
1270,0.006655087853109095
1271,0.006655087853109095
1272,0.00032511799221070865
1273,0.0038768751794606305
1274,0.0007282248118463079
1277,0.0017148976065237092
1278,0.026041143239210432
1279,0.000641463315273696
1281,0.0013659211400877083
1282,0.028245632868275146
1283,0.0014563138718824995
1284,0.00488041762745545
1285,0.00488041762745545
1286,0.004980849202430615
1287,0.006595095467926557
1288,0.004532582756641629
1289,0.0020625127112849275
1290,0.0020625127112849275
1291,0.008266911660758712
1292,0.0008027118627965633
1293,0.0008027118627965633
1294,0.0023675780667627134
1295,0.0002795706699045022
1296,7.013975197279938e-05
1298,0.0013208309391564074
1299,0.001019703121582995
1311,0.05694654016764426
1312,0.05694654016764426
1316,0.05592683704606127
1317,0.02526339895528627
1318,0.010444727048024911
1319,0.010444727048024911
1320,0.04709825609139218
1321,0.04709825609139218
1322,0.05871932691058235
1323,0.05754298313941709
1325,0.025783072309031776
1326,0.0254522304713818
1328,0.02526339895528627
1329,0.02526339895528627
1332,0.002038647429454516
1333,0.05694654016764426
1337,0.007445707788478817
1338,0.0002702282237511086
1339,0.0055804193740187965
1340,0.0017556016903498466
1341,0.0020625127112849275
1343,0.0027737942894432662
1344,0.016804955467379073
1345,4.1672394571716266e-05
1346,9.773601886151031e-05
1347,0.0004749548758993357
1349,0.0005196733537455101
1350,0.0005196733537455101
1352,0.011833671395162056
1353,0.00046180111439217327
1354,0.0012370702367705776
1356,0.0016385217858915896
1357,9.40445270251719e-05
1359,8.005196574206516e-05
1360,8.005196574206516e-05
1361,0.02140253790886207
1362,0.021849435772821266
1363,0.11417536850647231
1364,0.11336942605392715
1365,0.30012757841534693
1366,0.00011268027080513931
1367,0.001308934840359983
1368,0.00012013978107162588
1370,0.04708546614606457
1371,0.0036335871641990144
1372,0.0008649414642640772
1373,0.0004856649028743174
1374,0.00012200391034518269
1375,1.765864783559315e-06
1376,0.11023523977648594
1377,0.0040893590698660364
1379,8.724013571533567e-05
1380,0.06396040518542537
1381,0.3530291645535675
1382,0.2894445439991184
1383,0.10747164190115344
1384,0.00021574611901627164
1385,0.0019279301321752723
1387,0.008829340189533923
1388,0.00026164513254097095
1389,0.003840158232267287
1392,0.3376491494551599
1393,0.004870927743584976
1394,0.009422084052353497
1395,0.005469021864490193
1396,3.193015616766302e-05
1397,6.247503220297953e-05
1398,0.005469021864490193
1399,0.00752170087396421
1400,0.00047986421394704567
1401,0.0004911588750430842
1402,0.11050925773981901
1404,0.008829340189533923
1406,0.0013815898387966783
1407,0.006811489962126499
1408,0.003157393277432481
1409,0.006679427334788235
1410,4.316364766493325e-06
1411,0.0009378901926255668
1412,0.0004405221560199785
1413,0.005936167118009908
1414,0.004202311124921544
1415,0.0006749151567381437
1416,0.0006877699764726133
1417,1.8165108678673435e-05
1418,0.0024095494329417094
1420,0.00019561999039894386
1421,0.005206726028326387
1422,9.98891715959861e-05
1424,0.0001987004841919084
1425,7.013975197279938e-05
1426,0.003121920706058857
1429,0.05592683704606127
1430,0.04709825609139218
1431,0.05754298313941709
1432,0.023978966024282747
1433,0.0005495685846151205
1434,0.0015693166390284476
1435,0.0015693166390284476
1437,0.019193729173903044
1438,0.04226097560599974
1439,0.0021034331903641737
1440,0.0021034331903641737
1441,0.0021034331903641737
1442,0.0431883010356518
1443,0.019560703688005953
1444,0.03851716533724374
1445,0.038565181219788656
1446,0.03906817050836811
1447,0.040363540200417276
1448,0.02683441866034605
1449,0.06896570265985234
1450,0.06445554853877018
1451,0.001824182283998591
1452,0.0008248874011031423
1453,0.0016879128721106436
1454,0.0008478956415049452
1455,0.01633078727804979
1456,0.015981280173469194
1457,0.016470762443169085
1458,0.006526340756253031
1459,0.006526340756253031
1460,0.03490541251594042
1461,0.05146665391549649
1462,0.0009393740513667922
1463,0.0035446807572862642
1464,0.00398843081105001
1465,0.0012578376479420788
1466,0.0012578376479420788
1467,0.0012578376479420788
1468,0.0017248860154684686
1469,0.0008785164563233301
1470,0.0008785164563233301
1471,0.0006053481096772266
1472,0.0008424175544727877
1473,0.0008463695591451386
1474,0.0008463695591451386
1475,0.007568485497731432
1476,0.004011374453512116
1477,0.022305643474470643
1478,0.022272824665857713
1479,0.020024846294865454
1480,0.0001093756382730271
1481,0.0012578376479420788
1482,0.010796563979841932
1483,0.032424876647286965
1484,0.0008551275377423541
1485,0.0014470792487581397
1486,0.0014470792487581397
1487,0.00015268278359312966
1488,0.006353783226801219
1489,0.0308981656685751
1490,0.0308981656685751
1491,0.0004827193007302679
1492,0.0004827193007302679
1493,0.00411797618167455
1494,0.004513971831121111
1495,0.0008424175544727877
1496,0.0008424175544727877
1497,0.0002731323813062043
1498,0.0016211102241253461
1499,0.013326967096707616
1500,0.02741057192194267
1501,0.0016633215447048287
1502,0.0017325050842038818
1503,0.032424876647286965
1504,0.0005810844400882351
1505,0.017453522234518584
1506,0.0008248874011031423
1507,0.01633078727804979
1508,0.018278409635621724
1509,0.03851716533724374
1510,0.0008478956415049452
1511,0.0008478956415049452
1512,0.06006531982675408
1513,0.06298327345661518
1514,0.004982821781028251
1515,0.020502731967830524
1516,0.046581274792613744
1517,0.01633078727804979
1519,0.04226097560599974
1520,0.018608419957344143
1521,0.020607554797611706
1522,0.006353783226801219
1523,0.006353783226801219
1525,0.0001421944468859562
1526,0.0001093756382730271
1527,0.00040079082588757387
1528,0.0022508799047689103
1529,0.0022508799047689103
1530,0.0015609595738147804
1531,0.0015609595738147804
1532,0.004527655271116787
1533,0.004527655271116787
1534,0.004527655271116787
1535,0.0015997620323512695
1536,0.0010134575449415426
1537,0.0008551275377423541
1538,0.004233868602279691
1539,0.0059385418662353424
1540,0.003400653373626601
1541,0.0033990182517267048
1542,0.009085660229810073
1543,0.00022390181853150056
1544,0.000232958441480645
1545,0.00011475430360326337
1546,0.0064959776736871755
1547,0.0059385418662353424
1548,0.00510856166366451
1549,0.0030291343857977706
1550,0.009225111454857642
1551,0.008666447003710586
1552,0.008666447003710586
1553,0.008457550179369937
1554,0.008457550179369937
1555,0.0006807962767971626
1557,0.004397103630531273
1558,0.007500602072460938
1559,0.00022390181853150056
1560,0.00337002409771942
1561,0.004927539826564932
1562,0.0042190612985362344
1563,0.0042190612985362344
1564,0.0011274436491498778
1566,0.0001467988364641786
1567,0.0001467988364641786
1568,0.00015621484897280588
1569,0.009472928361633702
1570,0.009257549453834196
1571,0.009225111454857642
1572,0.009225111454857642
1574,0.0015609595738147804
1575,2.8994154007285203e-05
1576,3.2437998976553715e-05
1577,0.001557515728845512
1578,0.001557515728845512
1579,0.0005267304341988494
1580,0.0005794572607103884
1581,0.00023070620785236432
1590,0.00023070620785236432
1591,0.0033990182517267048
1592,0.004233868602279691
1593,0.004233868602279691
1594,0.004233868602279691
1595,0.004233868602279691
1596,0.010039841984102467
1597,0.001026590372004876
1598,0.006089847971261883
1602,0.00011475430360326337
1603,0.00011475430360326337
1604,0.007359556494221834
1605,0.00838614686622671
1606,0.005805973381822775
1608,0.005805973381822775
1609,0.005805973381822775
1611,0.00838614686622671
1612,0.009074339691026098
1613,0.00785053920282979
1614,0.003463660806990102
1615,0.003463660806990102
1616,0.003463660806990102
1617,7.774527793357523e-06
1618,7.774527793357523e-06
1619,2.169604265681261e-06
1620,2.169604265681261e-06
1622,2.321093010831953e-06
1623,0.00785053920282979
1624,0.00785053920282979
1625,0.003463660806990102
1626,8.163313681054718e-05
1628,5.0481525978662514e-05
1629,5.0481525978662514e-05
1631,7.049335949686369e-05
1632,0.0002304205484376836
1634,0.00019650386385222274
1635,0.00018359918529649337
1636,0.00012533814295029628
1637,0.000189714873063546
1638,7.98367758987708e-06
1639,0.0002945335133286707
1640,0.0002945335133286707
1641,0.0006241128645471716
1642,0.00047492295774832815
1643,0.00043013017351040356
1644,0.0004628275199701356
1645,0.0004628275199701356
1646,0.0004628275199701356
1647,0.0001821178608299538
1648,0.0001821178608299538
1649,0.0001821178608299538
1650,2.2218687814962656e-05
1651,0.10596478739306633
1652,5.621849821979715e-06
1653,1.7597410981803017e-05
1654,1.1975561159823302e-05
1655,0.005466836921037712
1656,0.0005361192353441311
1660,1.7634668968773034e-05
1662,0.0030899725776749134
1663,0.00030384253475380967
1664,0.008251751552666019
1665,2.2007896191069507e-05
1666,1.2508712024191895e-05
1668,3.45166082152614e-05
1669,1.2508712024191895e-05
1671,3.45166082152614e-05
1672,0.0008909852049417252
1673,0.0008909852049417252
1675,0.0008909852049417252
1677,9.27318255150901e-05
1678,9.27318255150901e-05
1679,0.008273759448857087
1680,0.0014966428780595824
1689,0.10618643626106061
1693,0.00023845014219662033
1695,0.00010247029810047048
1696,0.00023845014219662033
1697,0.03183559525102932
1698,5.6084153399539924e-05
1699,0.022440443344749855
1700,0.0011667429325129956
1701,0.006758718439148563
1702,0.006758718439148563
1703,0.006758718439148563
1704,0.0017588194708845959
1705,0.00012177757157123095
1706,0.0007079838901929137
1707,0.00118650202383301
1710,0.0008400172306056986
1711,0.0008185511464676735
1712,0.0008185511464676735
1713,0.0005810844400882351
1715,3.866612691777635e-05
1716,0.008614289193075844
1717,0.003040012879386725
1718,0.003040012879386725
1719,0.0018740055281843684
1720,0.0032998765665978426
1721,0.0005180452232687915
1722,0.0005180452232687915
1723,0.00025986368721111797
1725,0.0009393740513667922
1726,0.000150734222161597
1727,0.010042354036415376
1728,0.00010517068339297537
1729,0.0099371833530224
1735,6.639184968621056e-05
1736,0.008718983017502692
1772,6.436366806862777e-05
1773,3.172728199551548e-05
1775,3.172728199551548e-05
1776,9.609095006414325e-05
1777,0.00012533814295029628
1778,0.00012533814295029628
1779,0.00018359918529649337
1781,0.00018359918529649337
1782,0.00020307125369183076
1783,0.0004479501232649124
1784,0.0004479501232649124
1785,0.0001346085211847927
1786,4.497506130522163e-06
1787,0.0003133416020801197
1788,0.0005199673508401852
1789,0.0005199673508401852
1790,0.000189714873063546
1791,0.000189714873063546
1793,0.0001821178608299538
1796,0.0005422467012047073
1797,0.0005422467012047073
1798,0.0005422467012047073
1799,0.0005422467012047073
1801,0.0044710681509436976
1802,0.007518771152377508
1803,0.00011075799692863276
1807,0.01831860468556826
1808,0.01831860468556826
1809,0.01831860468556826
1810,0.01780588997312656
1811,0.01780588997312656
1813,0.0010266234831230563
1814,0.03037471360567253
1815,0.013113204932286283
1817,0.001700092676318211
1818,0.001673021127790769
1819,0.0016768660586291269
1820,0.0005033780126609889
1821,4.0586705357163546e-06
1822,4.0586705357163546e-06
1823,5.633923837599532e-05
1824,5.361226944910054e-05
1826,0.00023930996781661583
1827,5.361226944910054e-05
1828,0.00023930996781661583
1829,2.4303024646749998e-05
1830,2.8662015544341873e-05
1831,0.0002929222372657164
1832,0.00032126927034460863
1833,2.8347033078892227e-05
1834,2.8347033078892227e-05
1835,0.013113204932286283
1836,0.013113204932286283
1837,0.0006408154218376551
1838,0.0006408154218376551
1839,0.0033904669108538064
1840,0.0030078709756395034
1841,1.1882820971419148e-05
1842,0.0003944787561857219
1848,0.029348090122549474
1849,0.029348090122549474
1851,0.029348090122549474
1853,0.029348090122549474
1855,0.02862620899757361
1857,0.0002459234225356654
1858,0.026380247062437776
1859,2.2227604239684393e-05
1860,3.84493083835776e-06
1861,0.00024207849169730763
1862,0.00021500694316986584
1863,0.001671430660773869
1864,0.0034259699329330672
1865,0.0017545392721591982
1866,0.026402474666677462
1868,0.018304361571714358
1869,0.018304361571714358
1870,0.018304361571714358
1871,0.0014454590674179604
1874,5.2002906916407344e-05
1875,0.003103190579754305
1876,0.002099376542197141
1877,0.0026896429098049574
1878,0.0026896429098049574
1879,0.004074862586917583
1880,0.001686922786881035
1881,0.004431595812268403
1882,0.11826679294605133
1883,0.0018182122287479726
1884,0.0026896429098049574
1886,0.0749383264962726
1889,0.0013533418940124187
1890,0.003331896370101752
1891,0.0009735867654067292
1892,0.0009735867654067292
1893,0.0009735867654067292
1895,0.00023181764473156126
1896,0.00023181764473156126
1897,5.9621544368585335e-05
1898,5.9621544368585335e-05
1899,0.005993265037483796
1900,0.0028746470989484667
1901,0.001748088471490288
1902,0.0015707650126972374
1903,0.004450693915220326
1904,0.0021942391473282253
1905,0.033169290333482954
1908,0.033169290333482954
1909,0.033169290333482954
1910,0.03728476486452293
1911,0.03728476486452293
1912,0.0014191433172735053
1913,0.0031768571685607647
1914,0.0012054044101382905
1915,0.07318364997016653
1918,0.0026896429098049574
1919,0.0013533418940124187
1920,0.00036619196565941623
1921,0.04458787806722886
1922,0.054077965280022906
1924,0.04458787806722886
1925,0.04458787806722886
1926,0.0009463106744680624
1927,0.0006152647019149346
1928,0.00033104597255312774
1929,0.0006906806626216235
1930,0.043212871526397224
1932,0.0010299201175344008
1933,0.0012124822883051666
1934,0.008053786155918265
1935,0.008053786155918265
1936,0.0007215092675657111
1937,0.12459894927372382
1938,0.0008577377046784991
1940,0.007332276888352553
1942,0.00036507524972355436
1943,0.00036507524972355436
1944,0.12269838875831973
1945,0.0013533418940124187
1947,0.0008577377046784991
1948,0.00028792140329376195
1949,0.002387511669091461
1950,0.12516305427384097
1951,0.0005070265221088845
1952,0.0005447503191180543
1953,0.0007242991834926604
1954,0.0006503426419125964
1955,0.0006634573699742197
1956,0.00028834953423884915
1958,0.05718710863349379
1959,0.05355741603716084
1960,0.05317487383422226
1961,0.053535165960215285
1962,0.004378477409812624
1963,0.003949236909414139
1964,0.003712311436713059
1965,0.003712311436713059
1966,0.003786267978293123
1967,0.057824336547344764
1968,0.057824336547344764
1972,0.06409396214992052
1973,0.009103800617873968
1974,0.3867557920175086
1975,0.3867557920175086
1976,0.3867557920175086
1977,0.004653852197280496
1978,0.004653852197280496
1979,0.004653852197280496
1980,0.3738298612147982
1981,0.3738298612147982
1982,0.3738298612147982
1983,0.06409396214992052
1984,0.06409396214992052
1985,0.3867557920175086
1986,0.3787016368669591
1987,0.3787016368669591
1988,0.3787016368669591
1989,0.3787016368669591
1990,0.3738298612147982
1991,0.3738298612147982
1992,0.37035051523060114
1993,0.009103800617873968
1994,0.001322781006610125
1995,0.005206726028326387
1997,0.07543340684771248
1998,0.07931735186942873
1999,0.08844912745089148
2000,0.0875033306649222
2001,0.0875033306649222
2002,0.004054069525124791
2003,0.0020979368052480405
2004,0.000983878162017928
2005,0.000983878162017928
2007,0.0009457967859692657
2008,0.0009491376194188743
2009,0.0013982876234783885
2010,0.0009516023427447123
2011,0.037695772900292086
2012,0.052690599143438134
2013,0.053484578137258265
2014,0.053484578137258265
2015,0.00021993543488349075
2016,0.0386473752430368
2017,0.0386473752430368
2018,0.0016677116723185317
2020,0.0875033306649222
2021,0.08761644615745173
2022,0.03732272721440084
2023,0.002521465463655983
2024,0.0031016144086387725
2025,0.0039632264892738005
2026,0.003986189353905732
2027,0.002223853866613893
2028,0.0008856565309075648
2029,0.0008856565309075648
2030,0.0020099805832049034
2031,0.0017623354872918391
2032,0.0017623354872918391
2033,0.0013381973357063284
2034,0.0013381973357063284
2035,0.0013381973357063284
2036,0.05317487383422226
2037,0.002099376542197141
2038,0.0011003344879970528
2039,0.04290485596781956
2040,0.00021993543488349075
2042,0.000758066403505606
2043,0.0011674633955052875
2044,0.0011575239152365093
2045,0.001281659359758327
2046,1.1377451565406262e-06
2047,0.0007153953872658073
2048,0.0007153953872658073
2049,0.0023862190213729652
2050,0.10332856924274918
2052,0.09912586049364945
2053,0.09912586049364945
2054,0.10332856924274918
2055,0.007657104824779388
2056,0.10332856924274918
2057,0.09622235860503284
2058,0.14109242054140647
2059,0.13895665542960958
2060,0.2788073338820522
2061,0.2518812165362447
2062,0.25690402204824037
2063,0.25690402204824037
2064,0.25369668492828423
2065,0.25369668492828423
2067,0.25369668492828423
2068,0.13739285259576553
2069,0.13895665542960958
2070,0.025110648953767918
2071,0.025110648953767918
2072,0.0032073371199560956
2073,0.017490599565988908
2074,0.017490599565988908
2075,0.005472859370263124
2077,0.02046085743139856
2078,0.022536125638684495
2079,0.04743663701772627
2080,0.021017533927155725
2081,0.009151062719409025
2082,0.09744737931334851
2083,0.09744737931334851
2085,0.015953980635736966
2086,0.125358145529727
2087,0.11929198955375372
2088,0.11938185281215545
2089,0.13017118032278852
2090,4.6090501477150774e-05
2092,0.04122380271532554
2093,0.03315785519570336
2094,0.031864783989264095
2095,0.03218149136410306
2096,0.04131877732504583
2097,0.011033378915954241
2098,0.13028848517323122
2099,0.13012508982131138
2100,0.010025668543305867
2101,0.1504726020826618
2102,0.009577421343878163
2103,0.009595853908248094
2105,6.496874498727722e-05
2106,0.018414857305881265
2107,0.018414857305881265
2108,0.009977687918165421
2109,8.986325840171447e-05
2110,0.009887824659763705
2111,5.1787502865405794e-05
2112,0.141644204913765
2113,0.0014590543160514786
2114,0.0008653629528737791
2115,0.0008653629528737791
2116,0.0008653629528737791
2117,0.004947860995208228
2118,0.0016801607512482994
2119,0.007475603027258062
2120,0.009313479704014797
2121,0.007120466732390773
2122,0.0008653629528737791
2123,0.12473777979778032
2124,0.12473665791528038
2125,0.06210612023775268
2126,0.061602042912277354
2127,0.06134644905957999
2128,0.09744737931334851
2129,0.04663528717745215
2130,0.0006698189532487184
2131,0.001096791378269666
2132,0.001096791378269666
2133,0.07241956943564208
2134,0.07241956943564208
2135,0.07047404151370139
2136,0.07047404151370139
2137,0.070207086532843
2138,0.0005091752703332555
2139,0.0010532519512647005
2140,0.0008302923369202458
2141,0.0006507365493488425
2142,0.12130753925357038
2143,0.1888683222062318
2144,0.0006507365493488425
2145,0.11948607433518464
2146,0.005088506378221603
2147,0.005088506378221603
2148,0.12130753925357038
2149,0.1211653062892616
2150,0.0046624618263324015
2151,0.0046624618263324015
2152,0.0046624618263324015
2153,0.004672659990785174
2154,0.004672659990785174
2155,0.00018173091562987092
2156,0.0012021432234714568
2157,0.0011560723775288504
2158,0.0011840814440392282
2159,0.0011563763196707894
2160,0.0011563763196707894
2161,0.005981482568590852
2162,0.0008212370102260758
2163,0.007657104824779388
2164,0.17271967729333756
2165,0.17192657391406327
2166,0.008459274002872809
2167,0.007511832997489921
2168,0.16041634209219588
2169,0.0010194015633401736
2170,0.005851303479705638
2171,0.026687357260137733
2172,0.028804679102452442
2173,0.028804679102452442
2174,0.0010512987111223964
2175,0.0004081564892181265
2176,0.026085989684676132
2177,0.09738607285778031
2179,0.10085701912570104
2180,0.10313437206166362
2182,0.10332856924274918
2183,0.10332856924274918
2184,0.002117321842314708
2185,0.005826536973875194
2186,0.005826536973875194
2187,0.17271967729333756
2188,0.26860613234929737
2189,0.005919462024825808
2190,0.05768930522681743
2191,0.05784803539464348
2192,0.0016161633773876273
2193,0.004980084937731997
2194,0.0007103851900441578
2195,0.001030938374338496
2196,0.0021778910588331315
2197,0.0060688231855753625
2198,0.007625700414624177
2199,0.0008192168894050204
2200,0.00018173091562987092
2201,0.0974319512062513
2202,0.0023840329100236154
2203,0.02432032102758429
2204,0.16079552499222546
2205,0.0050959174507182615
2206,0.024088222112313908
2207,0.053228067638068505
2208,0.11844554855215214
2209,0.11169470119412306
2210,0.06705516113679377
2211,0.05347291904996944
2212,0.05347291904996944
2213,0.029545137051599894
2214,0.01803977520726436
2215,7.058823255756038e-06
2216,0.0011235331131191706
2217,0.00980504086617382
2218,0.00415124423866186
2219,0.0030197537966109226
2220,0.00038259593521430276
2221,0.0011969930461155408
2227,0.00013545454231838084
2228,0.001442215239577555
2229,6.482583569791133e-05
2230,0.01978191003377562
2231,1.3987117558025159e-06
2232,0.0009989670724828087
2233,0.019780511322019818
2234,0.019996680310131434
2235,0.0007827980843711904
2236,0.0007948716975247454
2237,0.019738811949025808
2238,0.007518771152377508
2239,0.017128331233743774
2240,6.21517485528672e-05
2241,4.537253779063385e-05
2242,0.016923300917400946
2243,0.00014287856778996295
2244,0.00015643466405589163
2245,0.0015070410752754664
2246,0.014977890930147687
2247,0.00010753178139300478
2248,0.00010753178139300478
2249,0.00023156265513327306
2250,0.00023156265513327306
2251,0.0005422467012047073
2252,0.007625700414624177
2253,0.026494146173894256
2254,0.025646794123740106
2255,0.0012193467579617245
2256,0.004854341431511723
2257,0.004672659990785174
2260,0.000540312908772454
2261,0.05729470860264423
2262,0.0001383417062316409
2263,0.019846735869473532
2264,0.012073282470649852
2265,0.009151062719409025
2266,0.0002929222372657164
2267,0.046277227827617506
2268,0.006243760332719714
2269,0.0008463695591451386
2270,0.00026977359095077774
2271,0.008078563951480112
2272,0.4160085638529668
2289,0.000551219663208379
2290,0.000835216739769068
2291,0.0008397078516306989
2292,0.00011145071097995557
2293,0.000551219663208379
2294,0.0007282571406507433
2295,2.920913630361729e-06
2302,0.0007253362270203816
2303,0.0007253362270203816
2305,0.0007253362270203816
2309,0.000551219663208379
2317,0.13043731322701255
2318,0.13043731322701255
2319,0.023916536903854587
2320,9.146134137914109e-05
2321,9.146134137914109e-05
2322,0.0005422467012047073
2323,0.0005422467012047073
2324,8.821436393148039e-06
2325,8.821436393148039e-06
2326,8.821436393148039e-06
2327,9.429122057312165e-06
2329,1.7080202101651663e-05
2331,6.906600070964892e-06
2338,0.006726009733990963
2339,0.006692813468131593
2350,0.14209501465658883
2351,0.02415640885713171
2352,0.0030392092661060727
2353,7.413143313010757e-05
2354,0.006839294946140839
2357,0.0069134263792709465
2358,0.0069134263792709465
2364,0.004070531173076737
2365,0.006839294946140839
2366,0.027195618123237782
2367,0.0031133406992361803
2368,0.12752263335523428
2371,9.146134137914109e-05
2372,0.0069134263792709465
2374,0.0069134263792709465
2375,1.7080202101651663e-05
2376,9.429122057312165e-06
2377,9.429122057312165e-06
2378,2.522521986347273e-06
2379,2.522521986347273e-06
2380,2.522521986347273e-06
2381,2.1150147428351766e-05
2384,2.1150147428351766e-05
2385,2.1150147428351766e-05
2386,4.473639848793672e-06
2388,1.6676507579558094e-05
2389,1.6676507579558094e-05
2390,1.7080202101651663e-05
2391,1.7578719682599675e-05
2392,4.473639848793672e-06
2396,0.06409396214992052
2397,0.001159026703444825
2398,0.0045414827050393874
2399,0.04128169610957486
2400,0.04128169610957486
2402,0.0012172634442943688
2403,0.0120411096584558
2404,0.021760542396360855
2405,0.02174060078837175
2406,2.0660173964236207e-05
2407,0.004820090915061427
2408,0.004820090915061427
2409,0.001578206739884847
2410,0.004800149307072318
2411,0.016233500934729184
2412,0.03649640117440015
2413,0.0032219425671874712
2414,0.0032219425671874712
2415,0.03171110375462881
2416,0.004653852197280496
2418,0.011846783822028813
2419,0.011846783822028813
2420,0.3959637245248133
2424,0.03171110375462881
2425,0.06409396214992052
2427,0.025298095842622874
2428,0.025298095842622874
2429,0.025298095842622874
2430,0.0012172634442943688
2431,0.005044713516671018
2433,0.005044713516671018
2434,0.0014873654985033014
2435,0.002666952684635292
2441,0.021924383879750226
2442,0.0012172634442943688
2443,0.0012172634442943688
2444,0.009535717637144463
2468,0.028426575246064165
2472,0.00016648474234031075
2473,0.0004066441897435615
2476,0.007436251665565452
2479,0.007436251665565452
2481,0.0018280963591976224
2482,0.01004721365838529
2484,0.01004721365838529
2485,0.0017192383841693132
2486,0.0016975243881220757
2487,1.320223683619099e-05
2488,4.8069958496576444e-05
2489,2.4072407916847435e-05
2490,2.619438785617706e-07
2491,0.0011959035772982738
2492,0.00011138810192019658
2493,0.000135460509837044
2494,0.0022339466358791637
2495,7.417594873877716e-05
2496,4.529162245973342e-05
2497,0.00016797343770746912
2498,0.005795162757570645
2499,0.00024752541634173297
2500,0.01114524567551923
2501,0.01114524567551923
2502,0.01534878380531521
2503,0.01534878380531521
2504,0.007063138148359133
2505,0.006516003471225876
2506,0.004622848316405875
2509,5.7288485375716146e-06
2510,5.7288485375716146e-06
2512,0.04393117390305234
2513,0.03747700440826438
2516,0.0008534325545250091
2517,0.00013401130302007405
2518,0.00012236682834178942
2519,0.004008168271092011
2520,0.004786823833641975
2522,0.0012520861040724888
2523,0.0012860002379164223
2524,0.0008856565309075648
2534,0.045593846708452776
2535,0.0010851221402830786
2536,0.000135460509837044
2538,0.000135460509837044
2539,0.0044696767943155
2540,0.0044696767943155
2541,0.004426701005190851
2542,1.2474346280693242e-05
2544,9.41925249849097e-06
2545,0.00011463501687711825
2546,0.0021507904443411737
2547,0.0001240542693756092
2548,0.0009264191056028786
2549,0.0003244685550082613
2551,4.297578912464879e-05
2552,0.0026862513503421014
2553,9.023632445954039e-05
2554,0.001917297636502718
2555,4.4063682490715996e-05
2556,7.935702376406882e-05
2557,4.18449820590711e-06
2558,3.0750860266546125e-05
2559,0.0003618236522166817
2560,1.5861871783637087e-05
2561,5.7288485375716146e-06
2562,0.025450784547063197
2563,0.0021389904402970812
2564,1.2474346280693242e-05
2565,2.633261172777121e-05
2566,0.000344498094821752
2567,0.0001541787975463059
2568,4.3468239553290505e-05
2569,0.0001107105579930154
2570,0.00616507862134825
2571,4.688858370295417e-05
2572,1.0218667520855647e-05
2573,0.043941392570573196
2574,3.666991618209852e-05
2575,0.03919972906260159
2576,2.638186469877207e-06
2577,2.928804346617219e-05
2579,0.03747700440826438
2580,0.03747700440826438
2581,3.19262299360494e-05
2582,3.19262299360494e-05
2587,0.004768114756632847
2588,0.004768114756632847
2591,0.005728596967618283
2593,0.0012913138023744628
2594,0.0004056572714668979
2595,0.0004056572714668979
2597,0.0020099805832049034
2598,0.0020099805832049034
2599,0.0024215773076385803
2614,3.19262299360494e-05
2615,0.0017372998714076124
2616,0.00419592007932195
2617,0.004446638320699884
2618,0.042747130766714984
2619,0.038114900486372255
2620,0.0018663981117284078
2621,0.005569853553837044
2622,0.0001108971521018846
2623,0.0016852022628984357
2624,8.212879420285888e-06
2625,5.359022839650748e-06
2628,4.578948030314574e-05
2629,4.578948030314574e-05
2630,4.578948030314574e-05
2632,5.198085120092437e-05
2633,5.198085120092437e-05
2634,5.198085120092437e-05
2635,2.333039981992993e-06
2636,2.333039981992993e-06
2637,3.3214520694758673e-06
2638,3.3214520694758673e-06
2641,3.3214520694758673e-06
2642,3.3214520694758673e-06
2643,8.955745208378421e-05
2644,8.955745208378421e-05
2645,8.955745208378421e-05
2646,8.955745208378421e-05
2652,1.4018560622148468e-05
2653,6.863540723164959e-05
2655,7.623459262579021e-05
2656,5.6271750043033586e-05
2657,7.522896436283329e-05
2658,4.703076239185899e-05
2659,4.703076239185899e-05
2660,0.00013421474071899698
2661,8.955745208378421e-05
2664,8.718397832713798e-05
2665,8.718397832713798e-05
2667,8.718397832713798e-05
2668,8.718397832713798e-05
2669,8.718397832713798e-05
2670,8.718397832713798e-05
2671,8.718397832713798e-05
2681,7.5991853941406305e-06
2682,7.5991853941406305e-06
2684,2.1617746016289098e-05
2686,8.05774507365753e-05
2687,8.05774507365753e-05
2688,0.00010561182947993891
2689,2.50343787433636e-05
2692,1.9349065251044392e-05
2693,0.00010355059423935631
2694,7.595764241265518e-05
2695,5.092326366929158e-05
2696,2.50343787433636e-05
2700,2.6731660611542007e-05
2701,0.00015104423404613198
2702,0.0001041616969581872
2703,4.6882537087944786e-05
2704,5.6591969426685335e-06
2705,0.00010892392546927153
2707,0.0001231449768081815
2708,9.703584713486373e-06
2709,9.547931471699269e-05
2710,3.848957351186927e-06
2711,9.932827206817961e-05
2712,9.932827206817961e-05
2713,3.3556500269591664e-05
2714,3.3556500269591664e-05
2717,0.00010116493575995867
2718,6.504062099346066e-05
2719,6.162323352072465e-05
2720,6.162323352072465e-05
2721,2.8376911839312265e-05
2722,2.2319476496018167e-05
2723,7.523021362255173e-05
2724,5.2910737126533566e-05
2725,5.2910737126533566e-05
2726,5.179588430279402e-06
2730,6.057435343294098e-06
2733,1.202975089920721e-05
2734,1.202975089920721e-05
2735,1.202975089920721e-05
2736,1.202975089920721e-05
2737,1.8087186242501308e-05
2738,4.777950551952898e-05
2739,4.792840064460664e-05
2740,9.080181291682728e-05
2741,2.0046498532670586e-06
2742,4.777950551952898e-05
2743,3.9648969974913375e-05
2744,5.2990650894168166e-05
2745,5.2990650894168166e-05
2746,4.792840064460664e-05
2747,8.922280534156245e-06
2749,1.9797023383623824e-05
2751,1.9797023383623824e-05
2752,2.0046498532670586e-06
2753,3.860030284594722e-06
2754,3.076879200954995e-05
2755,3.076879200954995e-05
2756,3.076879200954995e-05
2757,3.076879200954995e-05
2758,3.076879200954995e-05
2759,0.00011498238342193528
2760,9.043334369811637e-05
2761,9.043334369811637e-05
2762,8.39618804732856e-05
2770,1.320253652345831e-05
2775,2.6774438783394945e-05
2777,2.6774438783394945e-05
2778,2.6774438783394945e-05
2779,2.6774438783394945e-05
2780,2.6774438783394945e-05
2781,1.2755878161246478e-05
2782,6.863540723164959e-05
2783,1.4018560622148468e-05
2784,5.19242646572295e-05
2785,5.9150286210108024e-05
2786,7.133903626068716e-05
2788,1.9349065251044392e-05
2789,4.2495148751855376e-05
2791,1.9349065251044392e-05
2792,3.239085755421054e-05
2793,4.63551790364501e-05
2794,2.041493819432579e-05
2795,2.041493819432579e-05
2796,4.631118916407938e-05
2797,4.631118916407938e-05
2812,1.549070801606519e-05
2813,1.549070801606519e-05
2814,1.5183716501831409e-05
2815,3.3930250117643355e-05
2816,4.812252028513873e-05
2819,3.2256061653504036e-05
2820,3.2256061653504036e-05
2821,1.905352513004573e-05
2822,1.905352513004573e-05
2823,1.905352513004573e-05
2824,3.06991514233781e-07
2825,1.8746533615811948e-05
2828,1.320253652345831e-05
2829,1.320253652345831e-05
2830,1.320253652345831e-05
2831,1.320253652345831e-05
2839,8.212879420285888e-06
2841,8.212879420285888e-06
2843,4.762228511084338e-06
2845,6.057435343294098e-06
2853,3.860030284594722e-06
2854,1.9556729608931028e-05
2855,2.675445955514835e-05
2860,0.001958143922792919
2861,0.0036613999226903595
2862,0.0012172634442943688
2863,0.0012172634442943688
2865,0.0212333772493833
2866,0.009535717637144463
2867,0.0179090817904562
2868,0.004270719258562191
2870,1.1125161048986036e-06
2871,0.0012349031073416845
2872,0.004434023904087338
2873,0.00013401130302007405
2874,0.00013401130302007405
2875,0.020055056977968052
2877,0.01994112112228081
2880,0.020055056977968052
2884,0.020055056977968052
2885,0.020055056977968052
2886,0.020055056977968052
2888,0.020094149996469805
2890,0.020094149996469805
2891,0.020094149996469805
2892,0.020094149996469805
2893,0.020094149996469805
2894,0.020094149996469805
2900,0.0195080269347084
2902,0.02014611933304667
2903,0.02014611933304667
2904,0.02014611933304667
2905,0.02011542815083458
2906,0.02011542815083458
2907,0.020094149996469805
2910,0.00141985787977088
2911,0.00023433421913522502
2912,0.0028243744318675397
2914,0.0028243744318675397
2915,0.00229791966083163
2916,0.0001654640622739453
2930,0.0195080269347084
2934,0.0195080269347084
2936,0.02014611933304667
2937,0.02014611933304667
2939,0.0195080269347084
2940,0.0195080269347084
2941,0.0195080269347084
2946,0.0195080269347084
2947,0.0195080269347084
2948,0.0195080269347084
2950,0.0195080269347084
2951,0.0195080269347084
2952,0.0195080269347084
2954,0.0195080269347084
2955,0.0195080269347084
2956,0.0195080269347084
2958,0.0195080269347084
2959,0.0195080269347084
2961,0.0195080269347084
2962,0.0195080269347084
2963,0.015223705606632337
2964,0.0042843213280760635
2966,0.0042843213280760635
2967,0.0042843213280760635
2969,0.00141985787977088
2970,0.003626001536751208
2972,0.0028243744318675397
2973,0.0028243744318675397
2974,0.0028243744318675397
2975,0.00229791966083163
2976,0.00229791966083163
2978,0.017521625267463967
2983,0.017521625267463967
2984,0.017521625267463967
2985,0.017521625267463967
2986,0.017521625267463967
2987,0.017521625267463967
2993,0.017521625267463967
2994,0.017521625267463967
2995,0.017521625267463967
2996,0.017120566911923114
2997,0.00040105835554085417
2998,0.00040105835554085417
2999,1.320223683619099e-05
3000,0.0012349031073416845
3001,0.00894364100145198
3002,0.00012931166326272765
3003,4.1424632436754695e-05
3004,0.004311146983223797
3005,0.005573087303877839
3006,0.0003501462786389517
3009,0.0036666710636612154
3010,1.549070801606519e-05
3011,5.0298688021134984e-05
3012,4.297578912464879e-05
3017,7.417594873877716e-05
3018,0.0017372998714076124
3019,0.0001107105579930154
3021,9.932827206817961e-05
3022,9.932827206817961e-05
3023,0.0002018613224344254
3024,0.0002758145084792031
3025,5.092326366929158e-05
3026,5.092326366929158e-05
3028,0.001236015623446583
3030,1.793058889099904e-05
3033,0.01994112112228081
3034,0.01164518962798404
3035,0.01164518962798404
3036,0.01164518962798404
3037,0.01164518962798404
3038,0.0008082689921026366
3039,0.0006966712135394974
3040,0.001829672949107493
3041,0.00014672774254046402
3045,0.0003495582835707533
3046,0.003973011730511083
3047,7.956397186059807e-05
3048,7.956397186059807e-05
3049,0.00012337418849094222
3050,0.00012337418849094222
3051,0.003973011730511083
3052,0.003973011730511083
3053,0.003973011730511083
3054,0.003973011730511083
3055,0.0002500991018690111
3056,0.0002500991018690111
3058,0.0011969930461155408
3059,0.00120887586708696
3060,0.0002500991018690111
3061,0.0030519820945680573
3062,0.003103985001484465
3070,0.0030519820945680573
3073,0.003103985001484465
3074,0.0030519820945680573
3075,0.0030519820945680573
3085,0.0038580847616655188
3086,0.003908295158228299
3087,0.00012232579463753948
3088,3.8926283033893e-05
3089,0.001469037097776884
3090,0.0008778959517317345
3091,0.00088317898458384
3092,0.0008778959517317345
3093,0.000977549499845358
3094,0.0008881587086660936
3095,0.0008881587086660936
3096,0.00058311254214692
3097,5.533153852885038e-05
3098,0.005611519627916871
3099,2.608927223494229e-05
3100,1.6750239990863707e-05
3101,1.7093717400716043e-05
3102,0.00011923029973683626
3103,3.175181657198671e-05
3104,3.098671557983702e-05
3105,0.000787837460743765
3106,4.067575304134438e-05
3107,3.5437261238253663e-06
3108,3.5437261238253663e-06
3109,1.090469580318547e-05
3110,0.008295931494296771
3111,0.009830836128270128
3112,0.0005859649055643082
3113,0.0005859649055643082
3114,0.0020099805832049034
3115,0.0001481155686963103
3116,0.0001481155686963103
3118,0.00014672774254046402
3119,0.00014672774254046402
3130,0.00013855921114635513
3132,0.0003006819267232898
3133,0.0003495582835707533
3142,0.0005767459138669328
3143,0.00047280760756297676
3144,0.0001481155686963103
3145,0.0001481155686963103
3147,0.0001481155686963103
3148,0.0002453995557783905
3149,0.006604842763639975
3150,0.00082236589113373
3151,0.0046624618263324015
3152,0.00012232579463753948
3153,0.0001826207476283094
3155,0.01730318765955142
3157,0.0030519820945680573
3158,4.681471280365993e-06
3160,2.608927223494229e-05
3161,2.6432749644794628e-05
3162,4.2839512225805995e-05
3163,4.2839512225805995e-05
3164,0.00011746817375892865
3165,5.6625443370444224e-06
3166,1.153278143265184e-05
3167,1.153278143265184e-05
3168,1.153278143265184e-05
3169,5.84447157646634e-06
3170,4.755338738275351e-05
3171,3.5437261238253663e-06
3172,5.065006724848439e-05
3173,0.000758066403505606
3175,4.137921189187615e-07
3176,1.0712342878994683e-06
3179,3.667139736525551e-07
3181,1.3148843379614137e-06
3182,1.024156142633262e-06
3183,6.574421689807068e-07
3184,1.8380103648922987e-06
3186,1.8380103648922987e-06
3187,1.8380103648922987e-06
3194,1.0416572499743707e-05
3195,1.0416572499743707e-05
3196,8.815162896513987e-06
3198,0.0006940776873182165
3203,2.8537961713789095e-06
3204,8.470955024966092e-06
3205,8.470955024966092e-06
3208,0.003761738933293034
3209,0.0038084528398849276
3210,2.8537961713789095e-06
3211,2.8537961713789095e-06
3212,0.0037649905424562103
3214,3.978129917974218e-07
3215,0.003761738933293034
3216,0.003761738933293034
3217,7.750810268266122e-05
3219,0.003106857638405512
3220,0.0030980424755089977
3221,1.0416572499743707e-05
3222,0.0036330227126439457
3225,0.0036330227126439457
3228,0.14209501465658883
3229,0.14209501465658883
3230,0.024706042470784742
3231,0.0006210800555360702
3232,0.0007895055669301563
3233,0.023916536903854587
3234,0.0003557797234302242
3235,0.002757560975805956
3237,0.0008799849582545346
3238,0.0005242052348243104
3239,0.00854709870716562
3240,0.00045654219944993855
3241,0.0004617429453202369
3242,0.01016578813543927
3243,0.0020752316277235887
3244,0.02022124285740074
3245,0.011523729517554225
3246,0.008345759677609945
3247,0.009295117780036607
3248,0.009502159471133574
3249,0.009502159471133574
3250,0.0024872790330081065
3251,0.01215262502672084
3257,9.146134137914109e-05
3258,9.146134137914109e-05
3260,9.146134137914109e-05
3264,0.0034057388239446314
3265,0.00019079517294910085
3266,8.449350621208264e-07
3269,0.0010731419460663395
3270,0.0010446013690850564
3271,0.0010388764081097736
3275,0.015340502017019338
3277,0.0013243369910429588
3279,0.0013243369910429588
3280,0.0013243369910429588
3281,0.0013243369910429588
3282,0.0013243369910429588
3286,0.0001538671902283361
3287,0.0019207933780649026
3288,0.0014602076135849123
3289,0.0014602076135849123
3290,0.0010488489807633865
3291,0.0010488489807633865
3292,0.0010488489807633865
3293,3.999049893184881e-05
3294,4.423811061017894e-05
3296,5.724960975282813e-06
3297,0.0010388764081097736
3302,4.366050066096244e-05
3304,0.0003220240736400537
3305,0.0004605857644799902
3306,0.0002468243617888502
3308,0.0002468243617888502
3312,0.0013243369910429588
3313,0.0017356956238644848
3314,0.0017356956238644848
3315,0.0017356956238644848
3318,5.238918349796126e-05
3321,0.0008133737490524395
3322,0.0008133737490524395
3325,6.3428133415009265e-06
3326,3.999049893184881e-05
3327,3.999049893184881e-05
3331,0.0008133737490524395
3333,0.0008133737490524395
3335,0.000289595469135437
3336,0.000289595469135437
3337,0.000289595469135437
3338,0.0019070138101981897
3339,0.005797180250959095
3341,0.0005420462248082293
3342,0.0005420462248082293
3343,1.3373909951281528e-05
3345,0.014685633768264659
3346,0.014672259858313377
3347,1.3373909951281528e-05
3349,6.934473350464967e-05
3350,6.934473350464967e-05
3351,6.934473350464967e-05
3356,0.06094973074645876
3359,0.012878823941631335
3362,0.015340502017019338
3366,0.0010912655916077347
3367,6.934473350464967e-05
3368,0.001021920858103085
3369,0.001021920858103085
3373,0.0010912655916077347
3374,5.238918349796126e-05
3378,0.0013319739769509962
3379,0.0010388764081097736
3380,0.00029309756884122274
3381,0.015340502017019338
3382,0.0013319739769509962
3383,0.01563359958586056
3384,0.01563359958586056
3385,0.017369295209725046
3392,5.238918349796126e-05
3393,5.238918349796126e-05
3394,5.238918349796126e-05
3399,0.059726832564772306
3400,0.059726832564772306
3401,0.06094973074645876
3402,0.00016428675659416672
3408,0.16033475363159197
3410,0.002378410609259952
3415,0.002378410609259952
3416,0.001009239358491659
3417,0.001009239358491659
3421,0.001009239358491659
3422,0.001009239358491659
3429,7.44622668271246e-05
3430,7.44622668271246e-05
3440,0.0013691712507682928
3441,0.0013691712507682928
3442,7.896054620537755e-05
3445,0.00018205465743747402
3446,0.00018205465743747402
3450,0.0024157311618098636
3453,0.001209786815543334
3456,0.00046786281913421113
3458,0.00046786281913421113
3460,0.00010836528805071158
3461,0.00010836528805071158
3462,0.00016358919301171757
3465,0.0008593939904941385
3466,0.00016358919301171757
3470,0.0004411812851151267
3471,0.0004438995984039664
3472,0.0016161639845792863
3475,4.1911256239990874e-05
3476,0.03329150895950965
3477,0.03571055913967305
3478,0.03570784082638421
3479,0.00037177855525535744
3480,0.0004693880888368793
3481,0.0004693880888368793
3483,1.9160049128794827e-07
3485,0.00016358919301171757
3486,0.00016358919301171757
3487,0.001209786815543334
3489,0.0006001021196792804
3490,0.001569866765448879
3491,0.001569866765448879
3493,0.0012885498295865196
3494,7.141170693074659e-05
3495,0.005273764247571957
3496,0.0023288538470015263
3497,0.0023288538470015263
3498,0.000893064192038943
3499,0.000893064192038943
3503,0.001115571381897547
3504,0.0003351697566812125
3505,1.9384209561618756e-05
3507,0.00010499571126642013
3508,0.0009461827451015659
3509,0.0016126015116037944
3511,0.0007480237509804411
3514,0.0003701651488641451
3515,0.003985994106517822
3516,0.0019296891518870221
3517,0.0013046954504461832
3518,0.0003701651488641451
3519,0.0024258390535101923
3521,0.0024258390535101923
3522,0.005535363451825013
3523,0.0004010445632195574
3524,0.005134318888605455
3525,0.008443132532998644
3527,0.0001643939147975959
3540,0.0007275159608914678
3541,0.00041359094615065064
3542,0.008561621650940978
3543,0.011749039429408272
3551,8.653656668498129e-06
3552,0.004497734959258344
3553,0.0023903511696852587
3554,0.00012347114696612373
3555,0.00223085493653921
3558,0.00012347114696612373
3560,0.00015120926144920953
3561,0.00013760850400958114
3562,0.00223085493653921
3563,2.7753449738195866e-05
3564,2.7753449738195866e-05
3565,0.00223085493653921
3566,0.002275533679387633
3567,0.0023032871291258287
3568,2.619438785617706e-07
3569,2.4072407916847435e-05
3570,2.619438785617706e-07
3572,0.0008450427870426379
3573,0.00012347114696612373
3575,0.00092530658949798
3576,7.322898896486193e-06
3581,2.198865436279445e-05
3586,6.222800964198263e-07
3592,2.920913630361729e-06
3593,0.08062761806133839
3594,0.00027172802628050295
3598,0.03141341937511791
3599,0.012211607897558296
3600,0.02241276815344541
3601,0.0014030724067520197
3602,0.08035589003505789
3604,0.0014030724067520197
3606,0.0014030724067520197
3610,0.012211607897558296
3611,0.012483133634239531
3613,0.03141341937511791
3617,0.031207201866190786
3618,0.014960042912060238
3620,0.012483133634239531
3624,0.002832446629555092
3626,0.015030610899699837
3627,7.54785866033309e-05
3628,0.08035589003505789
3629,0.10269317960189997
3632,0.10269317960189997
3635,2.920913630361729e-06
3636,2.920913630361729e-06
3638,0.005488901348081248
3640,0.017986818632926345
3642,0.017986818632926345
3643,0.017986818632926345
3647,0.0001483815989418954
3648,0.000746988959802125
3649,0.00028443812639063703
3650,0.001031427086192762
3652,0.0018340516239865607
3653,0.0017882671707881515
3655,1.0198164452772288e-05
3656,1.0198164452772288e-05
3661,9.823572372024465e-05
3665,0.001128279762332851
3666,0.0017882671707881515
3668,0.0015045146794646167
3669,4.60708459426064e-05
3671,0.0014584438335220103
3672,2.7705124368438843e-05
3674,0.02765387203852896
3675,0.026625020308600332
3676,0.005999223193591102
3677,0.005999223193591102
3681,0.02849360820359876
3682,0.02849360820359876
3688,6.3428133415009265e-06
3689,0.0016174183410627527
3690,0.000289595469135437
3691,0.005507584781823658
3693,0.006748480190147696
3694,0.006748480190147696
3695,0.0002478731990905986
3696,0.006539072347210473
3697,0.0005420462248082293
3698,0.0016174183410627527
3699,0.009527020678741806
3700,0.009527020678741806
3701,0.009527020678741806
3702,0.009229817313484262
3703,0.02390207717179764
3706,0.014672259858313377
3707,0.06895808790140524
3709,0.0005040566548247478
3711,0.007125003122886411
3712,0.0016174183410627527
3713,0.007615685867759877
3714,0.007615685867759877
3715,0.007912130523472597
3716,0.00029644465571272016
3717,0.00029644465571272016
3720,0.00029644465571272016
3724,0.017369295209725046
3726,0.004748223960922884
3727,0.014672259858313377
3728,0.0047348500509716025
3729,8.394550729834356e-05
3733,0.003986252031099362
3737,0.013805425726860283
3739,0.00029309756884122274
3741,4.671073427334853e-05
3746,4.038763608931026e-05
3747,0.000658736426888038
3748,3.0747667179428114e-05
3751,7.581237845744114e-05
3752,3.0747667179428114e-05
3753,3.0747667179428114e-05
3756,1.596977710062418e-06
3760,4.223447374520549e-06
3765,2.7295044088405804e-05
3766,5.066565579692302e-06
3767,0.00044142969796786516
3768,0.0004972706441181164
3769,0.0009367713439099228
3770,0.0009367713439099228
3771,4.223447374520549e-06
3773,7.395846658160817e-05
3774,6.239738327364667e-05
3775,6.128751032811162e-05
3776,6.128751032811162e-05
3777,6.128751032811162e-05
3778,4.112879563507497e-06
3779,2.961503007417698e-06
3780,1.1385750714841321e-05
3781,9.756727975831256e-06
3782,9.756727975831256e-06
3783,4.146869247822319e-05
3784,4.146869247822319e-05
3788,3.4265537956566004e-05
3789,8.449350621208264e-07
3790,0.0002468243617888502
3793,0.0002468243617888502
3794,0.0002468243617888502
3798,0.00031448570852561316
3800,0.00031448570852561316
3802,0.0006615371561181078
3803,0.0006615371561181078
3804,0.00016854694079862056
3805,0.00016432349342410002
3806,0.00016432349342410002
3807,3.40029919281592e-06
3809,0.0006573137087435872
3814,0.00028681178831332796
3815,8.37278767083237e-06
3816,8.37278767083237e-06
3817,1.277219545993926e-05
3818,4.6137777594558385e-06
3821,4.6137777594558385e-06
3822,0.0006040174347019748
3823,0.000509911978512425
3824,0.0004972706441181164
3825,0.0004972706441181164
3829,5.843147105836238e-05
3830,5.0845804894975855e-06
3831,0.000627709373235501
3832,1.1774175340384601e-05
3833,1.1774175340384601e-05
3836,0.0001632773587658679
3837,0.00014806116909720548
3840,5.0845804894975855e-06
3842,6.585734225012165e-06
3843,3.090910407093931e-05
3844,6.937768633762701e-05
3845,6.937768633762701e-05
3846,5.0845804894975855e-06
3856,3.8468582266687704e-05
3862,0.00018205465743747402
3863,0.00018205465743747402
3866,0.00018205465743747402
3867,3.8468582266687704e-05
3868,0.0007235052909679373
3871,2.4323369845927142e-05
3873,2.4323369845927142e-05
3874,6.585734225012165e-06
3875,1.521618966866242e-05
3876,1.521618966866242e-05
3878,0.0001632773587658679
3879,0.00014806116909720548
3880,0.00014806116909720548
3882,0.00014806116909720548
3887,1.1774175340384601e-05
3888,8.158417700483421e-06
3889,2.406756111477631e-06
3890,9.417708232528742e-05
3891,9.410545618954974e-05
3892,1.2641334394308592e-05
3893,5.101232610887268e-05
3894,5.101232610887268e-05
3895,5.101232610887268e-05
3897,0.0004403438179969781
3898,0.00044456726537149863
3899,4.223447374520549e-06
3900,4.223447374520549e-06
3901,7.610972923719567e-05
3902,7.618135537293335e-05
3903,0.0004403438179969781
3904,6.365366050318128e-05
3905,7.162613573767588e-08
3906,7.021622347669782e-06
3907,0.00027843900064249556
3908,0.00028546062299016534
3909,0.0007157157547122686
3910,3.40029919281592e-06
3911,7.870227896551468e-06
3912,4.469928703735548e-06
3913,4.469928703735548e-06
3914,3.40029919281592e-06
3915,4.469928703735548e-06
3923,0.00031448570852561316
3924,0.00031448570852561316
3929,6.766134673676299e-05
3930,0.0002468243617888502
3931,2.7187813819416746e-05
3932,2.7295044088405804e-05
3933,2.7295044088405804e-05
3934,1.596977710062418e-06
3935,1.7042079790514782e-06
3937,0.002167919244671849
3938,0.0015780189058598043
3940,7.472515833542021e-05
3941,9.177032621380979e-05
3942,4.6137777594558385e-06
3944,5.0845804894975855e-06
3946,5.0845804894975855e-06
3947,5.0845804894975855e-06
3949,5.0845804894975855e-06
3952,4.223447374520549e-06
3953,0.0007235052909679373
3954,2.4323369845927142e-05
3955,0.0007478286608138644
3956,5.101232610887268e-05
3957,5.3179504198207985e-05
3958,5.3179504198207985e-05
3959,5.3179504198207985e-05
3963,0.0013691712507682928
3964,0.0013691712507682928
3967,7.761742562819729e-05
3968,7.761742562819729e-05
3970,7.761742562819729e-05
3971,7.761742562819729e-05
3972,0.0013705143713454732
3973,0.0013705143713454732
3974,0.0013705143713454732
3976,0.0013705143713454732
3977,0.0013705143713454732
3979,2.3660607638198057e-06
3980,4.112879563507497e-06
3981,2.961503007417698e-06
3982,1.109872945535053e-06
3983,2.7295044088405804e-05
3984,3.236160966809811e-05
3985,5.066565579692302e-06
3986,0.00010906080576684904
3987,0.00011412737134654134
3988,0.001160902664606672
3989,0.001160902664606672
3991,5.416359558995998e-05
3993,9.756727975831256e-06
3994,1.1385750714841321e-05
3996,1.1385750714841321e-05
4001,5.2030305104397715e-05
4002,5.416359558995998e-05
4003,2.133290485562271e-06
4005,5.2030305104397715e-05
4008,8.892252554547385e-06
4015,1.6428967931979723e-07
4016,1.6428967931979723e-07
4018,1.6428967931979723e-07
4019,0.00029326185852054254
4020,0.00029326185852054254
4022,0.00029326185852054254
4023,8.892252554547385e-06
4026,0.00030215411107508994
4027,5.2030305104397715e-05
4029,0.00018205465743747402
4030,0.00018205465743747402
4031,0.00018205465743747402
4032,0.00026101520364285157
4033,2.1833097382648345e-05
4035,8.892252554547385e-06
4037,0.06368708622203664
4038,3.59420627232497e-05
4040,1.6955550006688403e-05
4041,0.0637230282847599
4045,0.00020835775910481096
4046,0.00020835775910481096
4047,0.00021099749086751524
4048,0.00021099749086751524
4053,5.238918349796126e-05
4054,1.6955550006688403e-05
4055,1.6955550006688403e-05
4056,1.6955550006688403e-05
4057,1.6955550006688403e-05
4058,1.6955550006688403e-05
4059,1.6955550006688403e-05
4060,1.6955550006688403e-05
4075,0.0013243369910429588
4076,0.0013243369910429588
4077,0.0013243369910429588
4078,0.0013679974917039214
4079,0.0013679974917039214
4080,3.2728645716521823e-06
4081,8.449350621208264e-07
4092,0.00017383962294241246
4093,0.00017383962294241246
4098,0.00017383962294241246
4102,0.00017383962294241246
4103,0.00017383962294241246
4107,0.00017383962294241246
4116,0.005271001679368604
4117,3.59420627232497e-05
4119,0.0001538671902283361
4120,0.0001538671902283361
4121,5.238918349796126e-05
4122,5.238918349796126e-05
4126,0.007996076030770941
4127,0.007912130523472597
4130,0.007996076030770941
4131,0.017369295209725046
4133,0.00029309756884122274
4140,0.006748480190147696
4149,0.0028145017481393526
4150,6.468769924859458e-06
4163,6.468769924859458e-06
4166,5.238918349796126e-05
4167,2.7410613656320285e-05
4168,2.977667442014009e-05
4169,2.977667442014009e-05
4170,1.9226631600444138e-05
4171,1.9226631600444138e-05
4172,1.9226631600444138e-05
4173,1.9226631600444138e-05
4174,1.9226631600444138e-05
4175,6.593736587379266e-05
4176,0.015340666306698657
4179,5.2139426007337144e-05
4181,4.671073427334853e-05
4182,4.671073427334853e-05
4183,4.671073427334853e-05
4184,4.671073427334853e-05
4185,4.671073427334853e-05
4188,5.238918349796126e-05
4189,5.238918349796126e-05
4194,2.427929509531356e-06
4195,2.427929509531356e-06
4196,1.0270716709588259e-05
4197,0.0033331457617399455
4200,0.001160902664606672
4201,0.0011630359550922342
4202,2.133290485562271e-06
4204,0.001160902664606672
4207,4.038763608931026e-05
4209,3.0747667179428114e-05
4210,0.0006490964579781558
4211,0.000895920819767006
4212,0.0006490964579781558
4213,0.0006183487907987277
4214,6.766134673676299e-05
4218,3.2437998976553715e-05
4219,0.0007704048879351258
4220,9.416012508627309e-06
4228,0.000965502293076369
4233,0.002397579432948852
4238,0.002397579432948852
4239,0.0024988599709328775
4240,0.00010128053798402543
4241,0.004386878395839689
4243,0.004386878395839689
4246,4.479278423792462e-05
4247,0.00019313926491090817
4250,0.0033409885489400024
4254,0.00010656004563686925
4255,0.00010815702334693168
4256,0.00014854465943624193
4257,0.00013047909591454705
4258,4.038763608931026e-05
4259,4.038763608931026e-05
4262,2.74654921352335e-05
4264,0.00024636609291560737
4265,1.1385750714841321e-05
4267,5.238918349796126e-05
4269,7.761742562819729e-05
4270,0.0014481317969736705
4282,9.447296177423686e-06
4283,9.447296177423686e-06
4284,4.112879563507497e-06
4285,6.540038989161912e-05
4286,5.4953043223812097e-05
4287,4.352073760222409e-06
4288,0.002377098944004516
4289,3.321884809748966e-05
4290,3.321884809748966e-05
4291,1.1385750714841321e-05
4292,0.00018205465743747402
4310,0.00026101520364285157
4311,7.896054620537755e-05
4313,0.0013691712507682928
4314,5.3179504198207985e-05
4320,0.00243159011345816
4325,0.0002468243617888502
4326,0.001576634334958029
4327,0.0001609231942312841
4329,0.0017375575291893128
4330,4.223447374520549e-06
4333,5.101232610887268e-05
4334,5.101232610887268e-05
4335,5.101232610887268e-05
4339,0.0004972706441181164
4340,9.936750195943935e-06
4341,0.00029309756884122274
4342,0.00029309756884122274
4350,3.0374570546932698e-06
4351,0.0006183487907987277
4352,3.0747667179428114e-05
4354,4.223447374520549e-06
4365,2.3660607638198057e-06
4366,2.3660607638198057e-06
4367,3.094317984075702e-07
4368,4.177812427663076e-05
4369,4.177812427663076e-05
4370,4.146869247822319e-05
4371,1.596977710062418e-06
4373,6.741336993154247e-05
4374,0.002239556061977912
4375,0.0021662150366927977
4376,0.00025343844710467634
4377,0.00025343844710467634
4378,0.00025343844710467634
4379,0.00024288840428498038
4380,4.671073427334853e-05
4382,4.423811061017894e-05
4383,5.724960975282813e-06
4385,0.015340502017019338
4388,0.012878823941631335
4391,0.0047348500509716025
4393,1.6955550006688403e-05
4397,5.238918349796126e-05
4405,8.783131651607959e-06
4406,0.0013647246271322692
4407,3.2728645716521823e-06
4408,4.038763608931026e-05
4410,2.427929509531356e-06
4411,8.449350621208264e-07
4412,6.593736587379266e-05
4413,0.001160902664606672
4414,3.0747667179428114e-05
4416,6.766134673676299e-05
4417,4.038763608931026e-05
4418,1.3845709017754524e-06
4419,0.0002468243617888502
4424,0.00029309756884122274
4425,0.0047348500509716025
4427,1.3373909951281528e-05
4429,0.0025984506904134347
4430,0.00022158276546631813
4432,0.0025984506904134347
4433,0.0025984506904134347
4434,0.004004213020694155
4435,0.00022158276546631813
4436,0.010398220471828553
4437,0.00452064738900709
4439,0.0001197569274654009
4442,0.002165004689878916
4443,0.002165004689878916
4448,0.00035148832998154774
4449,0.006819715967886097
4450,0.007509442347198484
4451,0.0006492817656381473
4452,0.0021608240907065807
4453,0.002810105856344728
4454,0.002270743590414357
4455,0.007171204297867645
4456,3.236801563954827e-05
4457,0.005786514324406348
4458,3.674719571761801e-05
4476,0.00016155497264250482
4477,0.00016155497264250482
4479,0.00016155497264250482
4480,0.0012982253896782047
4481,0.0012982253896782047
4485,0.0005393622659303709
4488,0.0008141992591157993
4489,0.0008141992591157993
4490,0.0016015319026940645
4491,0.00039174508715073046
4492,0.0010639398600797154
4494,0.001209786815543334
4501,0.0010639398600797154
4502,9.695971111973669e-06
4503,0.00016526672012800504
4504,0.0001648004283874768
4506,0.0004946952475657256
4507,1.9891056635395462e-07
4508,9.695971111973669e-06
4509,0.0008179047705713557
4510,0.0014980778281995716
4511,0.0013681813563412738
4512,0.0009628719786819124
4513,1.4036718599204534e-05
4515,0.0014980778281995716
4516,0.002866259184540845
4517,0.006199819576127152
4518,0.00028493949897964195
4519,1.440350274195487e-05
4520,0.002413744486023084
4521,2.4880451379225357e-05
4522,0.0014741952791279746
4525,0.00018968087976670216
4526,0.0009636130488164272
4527,5.760846936679135e-05
4528,2.965876438671564e-05
4529,2.965876438671564e-05
4531,0.00028493949897964195
4534,0.001569866765448879
4535,0.009670616442567432
4536,0.0024684878149522425
4537,0.002430722375196957
4538,0.005763753565648137
4539,0.005564011550297856
4540,0.003341353746484056
4544,6.232580732477195e-05
4545,0.001718417143735973
4546,0.007202128627615189
4547,0.007421615443842227
4549,0.002319409181957121
4550,0.002319409181957121
4551,0.05130638893584932
4554,0.00013887499502893605
4556,0.002319409181957121
4557,0.0282078015102725
4558,0.05130638893584932
4559,0.000997991806855639
4560,0.000997991806855639
4561,0.00023699887845835224
4562,2.278238055391463e-05
4565,0.001189425924206162
4566,3.192831067876172e-05
4567,0.00021421649790443763
4570,4.6087995788162046e-05
4574,0.00010836528805071158
4575,0.000695804797482421
4577,0.03333342021574964
4578,2.71831328883968e-06
4579,0.003626693822572137
4596,1.9804846243540194e-07
4597,9.367699202219462e-05
4598,0.0007711566306645242
4601,9.34789435597592e-05
4602,9.34789435597592e-05
4603,1.9804846243540194e-07
4605,1.9804846243540194e-07
4641,4.775028917944468e-05
4643,0.0004951203473630562
4644,0.0030226805532410214
4645,0.0030226805532410214
4653,0.001958143922792919
4654,0.001958143922792919
4668,0.00028493949897964195
4669,0.000893064192038943
4675,0.006330543942132948
4677,0.007476195668149604
4678,0.0002461448085831993
4681,0.00031841580230742856
4683,0.0008390260968175681
4684,8.005196574206516e-05
4686,0.01934857964772279
4688,0.01934857964772279
4689,0.0001340275742486143
4693,2.4368825776013203e-05
4698,0.004861499757323443
4699,0.00012004734658366158
4701,0.004741452410739782
4704,0.000388836266611622
4707,0.005466836921037712
4709,0.0001099802276158956
4710,0.10595916554324435
4711,0.00010247029810047048
4714,0.0021742944558305038
4715,0.0028307787931288707
4717,4.089840786827986e-06
4718,2.3230851286323733e-06
4719,0.0010731153738107223
4720,0.0028307787931288707
4722,0.0028307787931288707
4723,0.0028307787931288707
4724,0.00010775762135116848
4725,0.0027276673420349668
4726,0.002725173469069004
4727,0.008018383796335947
4729,0.008138431142919608
4730,0.008018383796335947
4731,0.2894840640596722
4734,2.4368825776013203e-05
4736,6.80547654871041e-06
4737,6.80547654871041e-06
4738,6.781395439455397e-05
4739,0.29000705696093043
4740,0.2895750227432161
4743,0.00803191922320019
4744,4.854829610182607e-06
4745,0.009141038264039048
4746,0.0011142011441325538
4747,0.09898783484291077
4748,0.09787363369877822
4749,0.10586116087678828
4750,3.8998512660875735e-05
4752,5.433287180822922e-05
4753,0.008868882897776919
4754,0.008849808584739433
4755,1.9074313037485802e-05
4756,1.5334359147353485e-05
4757,5.094627631179822e-05
4758,5.094627631179822e-05
4760,0.00021594092869147788
4761,0.00021594092869147788
4762,0.008664929624724173
4763,0.008654536982199531
4764,1.0392642524641687e-05
4766,0.003418332595948265
4769,0.003418332595948265
4772,6.093997217660193e-05
4777,4.089840786827986e-06
4779,1.7667556581956132e-06
4780,0.0005165093298167028
4781,0.0005165093298167028
4783,0.00014563131754646115
4784,9.089027195767365e-06
4785,9.993695864803714e-06
4786,3.0738805983383207e-06
4787,0.00022068380463940247
4789,0.00021760992404106416
4792,0.0049547591554215216
4794,0.0003385640477895783
4795,2.7030885604660407e-05
4797,2.059887707123123e-05
4798,0.0005331772864336628
4799,4.228744896250605e-05
4800,0.007419453383332747
4801,0.3954397469983324
4802,0.0005239775264809347
4803,0.000497108383144439
4804,0.3959637245248133
4806,0.0018677738073263105
4807,0.0008523700041833308
4808,0.001262898255901715
4809,0.0012572749759622896
4811,0.007461740832295253
4812,0.0003276452209847177
4813,0.0006071406423721015
4814,0.0017784643106316016
4816,1.6406395453701488e-05
4817,0.0023691985575500017
4818,0.0004908898374711568
4819,0.0004908898374711568
4820,4.924510762141378e-07
4821,0.00776274494910385
4822,0.007790373554973134
4823,0.00021584437476404142
4824,0.0018102406570157767
4825,0.0020260850317798183
4826,8.918322830522767e-05
4827,0.0021581049060165327
4828,0.0018720687892050706
4829,0.0005361733012584162
4830,0.0005361192353441311
4831,7.148154206617703e-08
4832,4.657895943677081e-09
4833,0.0008256233300214085
4835,0.0007733735046643992
4836,0.00028740166485695243
4837,0.0004903973863949426
4838,0.00028740166485695243
4839,0.0004903973863949426
4840,0.007763237400180064
4841,2.7628605869284417e-05
4842,2.7628605869284417e-05
4843,0.00011698684057615068
4856,0.002589425402522584
4858,3.689496156889658e-06
4859,1.0004096062972136e-05
4860,0.0025994294985855564
4861,5.537678311904998e-06
4862,0.33502239817010376
4863,5.537678311904998e-06
4864,0.00129509178190242
4865,0.0013484406443755744
4866,0.010357159267166668
4867,0.010417508176076923
4868,0.010414008152858372
4869,0.010485093262695928
4870,0.010485093262695928
4878,0.010485093262695928
4879,0.010485093262695928
4881,0.001289554103590515
4882,0.33502239817010376
4883,0.33502239817010376
4885,0.004300160595141566
4886,0.00012729760223940606
4887,0.004305105188882308
4889,0.004305105188882308
4890,3.689496156889658e-06
4891,0.002589425402522584
4893,0.004301415692725418
4894,0.0026049671768974612
4895,0.004300160595141566
4896,0.004301415692725418
4898,3.689496156889658e-06
4899,0.002589425402522584
4901,0.10731346671829871
4902,0.10731346671829871
4903,0.10970670787785704
4905,0.0003253532765038861
4906,0.0002229839249996325
4907,0.00010236935150425358
4908,0.00011505375927093063
4909,0.00011505375927093063
4913,0.34537955743727045
4915,0.0024861853981261524
4916,0.00011698684057615068
4917,0.00013339323602985217
4918,1.6406395453701488e-05
4921,0.010485093262695928
4922,0.010485093262695928
4928,0.010485093262695928
4938,1.3693592219861793e-05
4963,0.0007985378420349639
4964,0.0008194150943024517
4965,9.107976275051085e-05
4966,0.0012430422092518708
4967,0.0023288538470015263
4970,0.0008382298861685836
4971,0.0011035330258246786
4972,0.0011946127885751896
4974,0.001115571381897547
4975,0.0016126015116037944
4976,0.0023288538470015263
4977,0.0023288538470015263
4979,2.087725226748778e-05
4980,0.003177879496328911
4981,0.003963718336349962
4983,0.000893064192038943
4984,0.0014980778281995716
4985,1.0446116048923392e-05
4986,8.247407935739116e-07
4987,0.00017470989094529437
4988,0.0008411870338351457
4992,0.006185782857527947
4993,0.006185782857527947
4994,0.006185782857527947
4996,0.0012430422092518708
5002,0.0007182125030385642
5004,0.02154657408137469
5005,0.0005271538533607161
5007,9.62137525534948e-06
5008,6.476134997326427e-07
5011,1.0268988755082122e-05
5014,0.0027476044931531145
5015,0.000893064192038943
5018,0.0016126015116037944
5019,0.0064727797747250225
5020,0.006453395565163404
5021,9.838846311276896e-07
5022,0.00028493949897964195
5023,0.0003345221431814799
5024,1.0268988755082122e-05
5025,0.004718458304485006
5026,1.6254357243348063e-05
5027,1.6254357243348063e-05
5029,0.004718458304485006
5030,1.6254357243348063e-05
5031,1.6254357243348063e-05
5032,0.0013041905569133926
5033,0.0013041905569133926
5035,0.004363535952606561
5039,0.00011389592748163119
5040,0.00011389592748163119
5042,0.005667726509519954
5043,0.00011389592748163119
5044,0.004718458304485006
5045,0.004718458304485006
5049,1.6254357243348063e-05
5050,0.0007606803195623063
5051,0.007090650180460693
5052,0.009774854969553364
5053,0.013073196365112415
5054,0.011833671395162056
5055,0.0026842047890926726
5056,1.6254357243348063e-05
5057,0.0012395249699503578
5058,0.0035517571872499217
5059,0.0004518346571812675
5060,0.01968811887746393
5061,0.0007282248118463079
5062,0.011833671395162056
5063,0.0007282248118463079
5064,0.001569866765448879
5065,0.002104979534062528
5066,0.0020310938900992234
5067,0.05130638893584932
5068,0.026879711728187438
5069,0.0010734342912500133
5070,0.0255001114989119
5071,0.0017697436607455159
5072,0.0017697436607455159
5073,0.001669312085770351
5074,0.001669312085770351
5075,0.001669312085770351
5076,0.019452531699954104
5077,0.00010043157497516507
5078,0.00010043157497516507
5080,0.017783219614183752
5081,0.0006001021196792804
5084,0.008148030704790327
5085,0.008148030704790327
5086,0.00702356377590603
5087,0.00702356377590603
5088,0.00702356377590603
5089,0.014441611770502464
5090,0.014441611770502464
5092,0.00030641628767487524
5093,0.01474802805817734
5094,0.00030641628767487524
5095,0.004940542104970074
5096,0.006050451776973902
5097,0.01968811887746393
5098,0.0004518346571812675
5100,0.0010798334059720662
5101,0.00035160859412575825
5102,0.01950461470297604
5103,0.007418047994596434
5105,0.00030641628767487524
5108,7.013975197279938e-05
5109,0.00011389592748163119
5113,0.0030352332258580593
5114,0.01968811887746393
5115,0.0007282248118463079
5116,0.014441611770502464
5117,0.0008039446700124383
5118,0.0004518346571812675
5120,6.775677319435214e-05
5121,6.775677319435214e-05
5122,0.0015316680631533336
5123,0.0005351127686136491
5124,0.0005351127686136491
5126,0.0016410119625604046
5130,0.001176343771165261
5132,0.0030226805532410214
5133,0.001176343771165261
5134,0.001176343771165261
5143,0.030675334189571427
5144,0.030031122857740598
5145,0.0003308418376499788
5146,0.0006061405070497305
5147,0.0003867477193564367
5153,0.0005196733537455101
5158,0.030663438090775003
5159,0.030663438090775003
5180,0.05592683704606127
5202,0.0001197569274654009
5203,2.0165471463720556e-05
5204,0.002165004689878916
5205,0.0005389562395462295
5207,0.001629810221307863
5208,0.0006001021196792804
5209,0.001569866765448879
5210,0.0016410119625604046
5211,0.05144526393087826
5214,0.0002461448085831993
5219,0.0030226805532410214
5221,0.007177677668100757
5222,0.00030112781757341234
5223,0.0004706655653673646
5225,2.4368825776013203e-05
5227,0.00012004734658366158
5228,0.0018463367820757601
5230,0.00015939303938100624
5231,0.00010543453622253611
5232,6.093997217660193e-05
5233,0.06021839370556144
5234,0.0003276452209847177
5235,0.0023691985575500017
5238,0.0005361192353441311
5239,7.613943800985411e-08
5242,4.505592219378317e-05
5243,0.003644975241132772
5249,0.005896822051738885
5250,0.004638468143517747
5252,0.011584645514610676
5253,0.0001643939147975959
5255,0.0007275159608914678
5256,0.003997862065147022
5257,1.6254357243348063e-05
5259,0.0004372769591189559
5260,0.0005511728866005871
5261,0.006655087853109095
5263,0.0010798334059720662
5266,0.001176343771165261
5269,0.0029547818736619692
5274,0.019560703688005953
5275,5.840204596868132e-05
5276,0.0008622695520372781
5277,0.011194587876912207
5278,0.0005350520539807646
5279,0.0017975116021832277
5280,0.0030860614317697473
5281,0.005963253541738507
5282,0.005963253541738507
5283,1.440350274195487e-05
5286,0.004638468143517747
5287,0.004465689557956553
5288,0.004897233027941428
5289,0.00012250900444040456
5291,0.0009043605178586659
5292,1.440350274195487e-05
5293,0.0005340681693496369
5294,0.0012783350448636699
5295,0.00028493949897964195
5296,0.011479527375891849
5298,0.001280932791962018
5299,8.10173050553162e-06
5300,7.481598499356325e-08
5301,7.481598499356325e-08
5302,0.001615454935143498
5303,0.0009793733924838097
5304,0.0058626083921506965
5305,0.002343257349743481
5306,3.829948473215264e-05
5307,0.0006252579658489308
5310,8.660744848247144e-05
5311,0.0023831152819039315
5312,0.00462812146628516
5313,0.00462812146628516
5314,0.009669606663318975
5315,0.004666420951017312
5316,0.001357581030956676
5318,0.006007902898120319
5319,0.0006252579658489308
5320,0.01333110897132646
5321,0.0002554542821526566
5322,0.0003600754970587844
5323,0.00017000120436989292
5325,0.005844468925304831
5327,0.0006838487214530839
5328,0.00155268317336774
5330,5.285482438194706e-05
5331,5.285482438194706e-05
5332,0.0005418075806780344
5333,1.734661580262278e-05
5334,0.0012972619341993935
5335,0.013529121540071225
5336,0.055789423237430365
5337,0.0099371833530224
5338,0.059056902152791683
5339,0.009527897172320964
5340,0.0008400172306056986
5341,0.02893766508023038
5342,0.026542892935356395
5343,0.000282580423533317
5345,0.0004437500537637463
5346,0.02866165218322071
5347,0.03041544636784483
5350,3.2818808612929094e-05
5351,0.051784978628786435
5352,0.05183783345316838
5353,0.009527897172320964
5354,0.001992374903139528
5355,0.0008405743944269499
5356,0.0008966585478264898
5357,0.001114678428507509
5358,0.001114678428507509
5359,0.04213128399950629
5361,0.009210787419058349
5363,0.00039599564944656055
5364,7.705310275502048e-05
5365,0.0001740309753672064
5366,0.00447612361486552
5367,0.0009710956479076908
5369,3.2818808612929094e-05
5370,0.0012781531512055038
5371,0.0012781531512055038
5372,0.0012781531512055038
5373,0.00024135023267309998
5375,0.01156788272660893
5376,1.892341150175919e-05
5377,1.892341150175919e-05
5378,1.6351218998962362e-06
5379,1.6351218998962362e-06
5380,0.017979079939339473
5381,0.006195977069059871
5382,7.705310275502048e-05
5383,5.272682651153897e-05
5384,9.46727442506061e-05
5385,9.46727442506061e-05
5386,0.004381631825478084
5387,0.00016323502825158143
5388,0.00015010220118824789
5389,9.056622949144459e-06
5391,0.0007704048879351258
5396,0.383324567778545
5397,0.383324567778545
5398,0.383324567778545
5408,0.0033433675056461173
5409,0.01235378254917283
5410,0.0037004924059735023
5420,0.00012674772259032367
5424,0.003981435574410845
5425,0.00012674772259032367
5427,0.0022564547678921012
5428,0.0022564547678921012
5429,0.0022564547678921012
5431,0.0017546765261060651
5432,0.0017577138512872594
5433,0.0017577138512872594
5439,0.00035963469006849573
5440,0.0006159221378394669
5441,0.0006159221378394669
5443,0.0006159221378394669
5444,0.0006159221378394669
5445,0.004351438192726162
5446,0.000903091445800645
5449,7.39565415800641e-05
5450,0.0003602921259930281
5451,0.057824336547344764
5452,0.18877005344581796
5453,0.13094571689847317
5454,0.13094571689847317
5456,0.13094571689847317
5457,0.13094571689847317
5458,0.006867997802829145
5459,0.12409083382370566
5460,0.003735378706903062
5462,0.007327687022019876
5470,0.00036507524972355436
5472,0.00036507524972355436
5473,0.002286098123894278
5475,0.00044668528073367605
5478,0.00044668528073367605
5479,0.00044668528073367605
5481,0.00044668528073367605
5485,0.00044668528073367605
5486,3.34083344960854e-06
5488,0.0009457967859692657
5489,0.00037304568589124773
5490,0.0038839450217162622
5491,0.0038839450217162622
5493,3.34083344960854e-06
5494,0.0001131154925295163
5495,0.00011645632597912484
5496,0.001322781006610125
5497,0.0001425325950060255
5502,5.8490039358698865e-06
5503,5.8490039358698865e-06
5504,1.3887943691322078e-06
5505,0.0002946235192812752
5506,0.0002946235192812752
5507,0.0002476450959130643
5508,0.0002476450959130643
5509,0.000773906421940143
5515,0.0009122676367998981
5516,0.00010382150213921306
5517,0.0008132816987599439
5518,9.305074739487774e-05
5519,0.0001352464422830176
5520,0.0001352464422830176
5522,0.0011987830807535305
5523,3.000172979805556e-06
5524,0.0001271356175016232
5525,0.0001271356175016232
5526,1.8657318811690248e-05
5527,1.8657318811690248e-05
5528,1.8657318811690248e-05
5532,1.7915692088675974e-05
5534,0.0008616120806350279
5535,0.0013533418940124187
5536,0.007332276888352553
5537,1.311472806162332e-05
5540,0.003920629086569512
5544,0.2518812165362447
5545,0.005472859370263124
5546,0.02017248870121657
5547,0.01607090588731869
5548,0.01607090588731869
5549,0.001028851729928627
5550,0.00020591721802978968
5551,0.026419103090570543
5553,0.026625020308600332
5554,0.0032676459201730528
5555,0.0032676459201730528
5556,0.00381943029253156
5557,0.0005517843723585075
5558,0.0005517843723585075
5559,0.010025668543305867
5560,0.001678481180300928
5561,0.00030503813088546044
5562,0.00028681178831332796
5564,0.00016706391141265112
5565,3.6685594928124947e-06
5567,0.013293314463478919
5569,0.0005223506403146311
5571,0.0005223506403146311
5572,0.009359659894319085
5577,0.003086225922982857
5578,0.0023840329100236154
5579,0.0017581998569363606
5580,0.0015453799736706818
5584,0.09556886592148273
5585,0.09556886592148273
5586,0.03210091744536526
5587,0.031828919661782334
5588,0.00013885408898578358
5590,0.00021339683158089743
5591,0.08955445585105135
5592,0.0021139483800033556
5593,0.08934105901947044
5594,0.09161811141535908
5595,0.09459400437770228
5598,0.0001483815989418954
5600,0.0024485456634648485
5601,0.05219559935241322
5603,0.00028681178831332796
5604,0.00019220006916032898
5605,0.004266586994010647
5606,0.0012912017807171002
5607,0.0023879398000365482
5613,1.4243113853903416e-05
5614,5.7338522186882465e-05
5615,4.9275937989512564e-05
5620,4.688138686055222e-05
5621,5.494397105792212e-05
5628,2.7269689268947785e-06
5632,5.2002906916407344e-05
5633,5.2002906916407344e-05
5634,2.7269689268947785e-06
5635,5.2002906916407344e-05
5638,5.2002906916407344e-05
5641,1.4243113853903416e-05
5649,0.0044710681509436976
5654,9.349750307797404e-06
5655,2.290927052041365e-06
5657,0.00609892279668556
5659,0.00011075799692863276
5660,0.00016635348875328011
5661,0.004755468128981535
5662,3.834474467906974e-05
5663,1.6779210762233353e-05
5664,0.009759668328383186
5665,0.01372723006780939
5666,0.001131490442050938
5669,0.013600335044648575
5671,0.013582242086824325
5672,0.01513432559420358
5673,0.021541315691428673
5674,0.013582242086824325
5675,0.039237382963511015
5678,0.0009877841028284513
5679,0.0009877841028284513
5680,0.0009877841028284513
5681,0.0009877841028284513
5682,0.008303822945639474
5683,0.008303822945639474
5685,0.01225607391624169
5686,0.01225607391624169
5687,0.039237382963511015
5688,0.0003390944365262778
5689,0.000347214865315544
5690,0.00022318399157527567
5694,0.00022318399157527567
5695,0.000746988959802125
5696,0.0014064814069129604
5699,1.4243113853903416e-05
5700,0.0011725958647157068
5701,0.0014064814069129604
5720,0.22644558046345054
5721,0.0009107597671370176
5722,0.004297434852254293
5725,0.0013351320754533482
5726,0.004204825608822654
5732,9.022121030415834e-07
5736,1.2622030352825551e-05
5737,0.024549666777819234
5738,0.0029888459189033913
5739,0.02849360820359876
5740,0.01082384621416143
5741,0.0012172634442943688
5742,0.020707120435455858
5749,0.0023551579999564402
5751,0.0023874162541514103
5752,0.026194722041940226
5753,0.026194722041940226
5754,0.036740213404535475
5756,0.13247861996952476
5757,0.11998426066410385
5761,0.062220692438531885
5762,0.062220692438531885
5763,0.010471603481593003
5764,0.010471603481593003
5766,2.812956923877183e-06
5767,7.264363409569594e-05
5768,0.0019230756358336128
5771,0.05174908895693888
5772,0.062220692438531885
5773,0.062220692438531885
5774,0.062220692438531885
5777,0.010471603481593003
5778,0.010471603481593003
5781,0.0019230756358336128
5783,0.0006824469679570902
5784,0.006188251699830706
5785,0.0050414851970338155
5788,2.7086577527049945e-06
5789,2.7086577527049945e-06
5790,0.0009613814381496389
5791,0.0009107597671370176
5793,0.0011964523832722752
5798,0.0011964523832722752
5799,7.264363409569594e-05
5802,0.383324567778545
5803,6.717907457396856e-06
5814,0.002341471556704876
5815,0.0021961200889233385
5816,3.265004652091025e-05
5817,1.569046940007543e-05
5821,4.225461694804117e-06
5825,0.00014535146778153738
5845,0.02550703773781929
5847,0.0009573709600000566
5848,0.020707120435455858
5849,0.01082384621416143
5850,0.00024015944740325078
5858,0.020707120435455858
5859,0.020707120435455858
5885,0.018002807068808788
5886,0.0032845285085646423
5887,9.70723091628129e-07
5888,2.26151320699292e-05
5889,0.00013292322158047252
5890,0.00013292322158047252
5891,8.51167336144501e-05
5892,0.0008534325545250091
5895,5.993072601901611e-05
5901,6.222800964198263e-07
5902,6.222800964198263e-07
5903,0.00012236682834178942
5905,0.00012236682834178942
5906,0.00013880387996660735
5907,1.6437051624817904e-05
5908,6.222800964198263e-07
5909,6.222800964198263e-07
5910,2.7405042590746813e-05
5911,7.630277543392274e-05
5912,1.7509924779759882e-05
5914,1.7509924779759882e-05
5915,9.381270021368261e-05
5917,2.6782762494326988e-05
5918,4.8897732843175924e-05
5919,0.0012520861040724888
5920,0.0012520861040724888
5922,4.8897732843175924e-05
5923,2.6782762494326988e-05
5925,2.6782762494326988e-05
5928,6.222800964198263e-07
5931,6.222800964198263e-07
5933,6.222800964198263e-07
5939,6.222800964198263e-07
5940,6.222800964198263e-07
5942,6.222800964198263e-07
5944,6.222800964198263e-07
5956,0.006856125108271524
5957,4.727551932821619e-05
5958,0.005051831874266403
5962,6.222800964198263e-07
5986,4.0145260323015466e-05
5987,0.0003128243335770501
5988,0.012055507904667358
5989,2.928804346617219e-05
5994,1.4018560622148468e-05
5995,1.4018560622148468e-05
6002,1.9962842582756628e-05
6003,5.854627362299445e-06
6022,3.6124314766498e-05
6050,0.00015292672953753472
6051,0.00043478849731443293
6052,5.062167101262136e-05
6053,7.026997920379136e-05
6054,5.062167101262136e-05
6056,0.0009107597671370176
6057,1.422826797852607e-05
6073,5.359022839650748e-06
6094,5.179588430279402e-06
6101,1.422826797852607e-05
6102,1.4071670627023802e-05
6103,1.793058889099904e-05
6105,1.565973515022661e-07
6110,0.0012985290077564
6111,0.0050414851970338155
6112,0.00687273764679672
6113,1.0346677232588082e-05
6150,0.0018143534997139112
6151,0.0018143534997139112
6154,0.0018143534997139112
6156,0.0031214665323411202
6158,0.001947266059060659
6160,0.0030443389981203613
6161,0.0003645185181106416
6168,0.002725173469069004
6172,6.222800964198263e-07
6190,0.0003645185181106416
6191,0.0003645185181106416
6193,0.00011937953335727158
6194,0.004297434852254293
6195,0.004204825608822654
6196,0.0030443389981203613
6197,0.007249164606943016
6198,0.007305028379466191
6199,0.0026136492100971185
6201,0.004272789247964348
6203,1.7140924782936238e-06
6204,0.00022326031200977837
6205,8.10173050553162e-06
6206,0.006719810917259185
6207,0.0018066374645474266
6210,0.008526448381806611
6211,0.00014062859451323222
6212,0.006299839105254953
6213,0.01955301528341345
6234,0.0007615380884460243
6235,0.002864463448305183
6237,0.015223705606632337
6238,0.015223705606632337
6240,0.015223705606632337
6243,0.003626001536751208
6260,0.0003704329341235127
6261,0.019182582349289934
6269,6.634879976521494e-07
6270,6.634879976521494e-07
6277,6.634879976521494e-07
6278,6.634879976521494e-07
6292,6.634879976521494e-07
6293,6.634879976521494e-07
6295,6.634879976521494e-07
6313,4.007184087421189e-06
6314,0.006874552416064805
6321,0.0031254737164285416
6323,0.008295931494296771
6328,0.008295931494296771
6330,0.0019364882864351869
6331,0.0020846038551314973
6336,0.0004872930923263818
6337,0.006359443207861584
6338,0.006359443207861584
6340,0.006359443207861584
6341,0.0004872930923263818
6342,0.00027606398714364303
6343,0.0004872930923263818
6345,0.0064965134503189624
6346,0.00019652927602809556
6347,0.00019652927602809556
6348,0.0011997791564443683
6350,8.470955024966092e-06
6351,8.470955024966092e-06
6352,0.0038084528398849276
6353,0.0038084528398849276
6354,0.008609080099303158
6355,0.00011937953335727158
6359,8.470955024966092e-06
6362,6.222800964198263e-07
6363,0.00019590699593167573
6368,2.5252262950498256e-06
6369,2.5252262950498256e-06
6370,1.0483938534027434e-06
6372,1.0483938534027434e-06
6373,2.5252262950498256e-06
6374,1.4768324416470822e-06
6375,1.4768324416470822e-06
6376,1.4768324416470822e-06
6377,1.4768324416470822e-06
6380,0.00019590699593167573
6381,0.00019590699593167573
6382,0.003494475673731445
6384,0.003494475673731445
6385,0.003494475673731445
6386,1.4425980027086612e-05
6387,4.018588392889962e-07
6388,4.018588392889962e-07
6389,8.110204915818025e-07
6402,0.017391370846201005
6403,0.026447570081306868
6404,0.019182582349289934
6409,0.00040738639909673773
6410,0.009320241711339368
6412,4.874840814630452e-05
6420,0.01831860468556826
6422,0.0001676625917033954
6423,5.021039656278119e-05
6424,0.00011745219514061421
6425,0.0005819220667867313
6426,0.0005911411460451497
6427,5.283032852105581e-06
6433,0.0008642707589792365
6434,0.0009536615501585009
6435,0.0009393045275749327
6436,0.00016305791312285072
6438,0.0007763046793111131
6440,0.004792375436379952
6441,0.00012789918416342187
6442,0.00012789918416342187
6443,0.00010213658233612022
6446,4.9395554422532426e-06
6448,4.4009661258928146e-05
6450,4.4009661258928146e-05
6451,1.4357022583568106e-05
6453,1.090469580318547e-05
6456,0.026350124389284548
6457,9.744569202232023e-05
6460,0.0007763046793111131
6467,0.00016635348875328011
6470,1.1882820971419148e-05
6471,5.2002906916407344e-05
6477,8.339951160364647e-05
6478,0.0004985225551830849
6479,0.0004985225551830849
6480,0.0005038055880351905
6481,9.96535481136234e-05
6482,5.283032852105581e-06
6483,5.283032852105581e-06
6485,8.939079117926426e-05
6486,9.96535481136234e-05
6487,5.283032852105581e-06
6489,0.0006944967359675308
6490,0.0006944967359675308
6491,0.00016305791312285072
6494,5.283032852105581e-06
6495,3.4347740985233815e-07
6496,4.9395554422532426e-06
6497,3.4347740985233815e-07
6498,0.00010213658233612022
6499,0.031249983567961014
6500,0.003219337292013426
6502,0.004272789247964348
6504,0.0007763046793111131
6506,0.0008020672811384148
6507,0.0008020672811384148
6508,0.0008020672811384148
6509,2.576260182730166e-05
6510,0.0007763046793111131
6514,0.00011180562942188423
6515,0.00011180562942188423
6516,1.3591921591418416e-05
6519,0.005568680115691065
6520,0.004792375436379952
6521,0.004792375436379952
6522,1.090469580318547e-05
6523,1.9663351668647363e-05
6524,0.0004269165656548309
6525,1.090469580318547e-05
6527,1.090469580318547e-05
6531,0.00013880387996660735
6534,5.231260269308851e-07
6543,1.8380103648922987e-06
6544,6.574421689807068e-07
6547,6.682773322960603e-06
6550,6.932218221124076e-05
6555,0.004553526134194634
6557,0.004272789247964348
6559,2.920913630361729e-06
6564,2.4645604289945227e-05
6565,2.4645604289945227e-05
6566,0.017964813347747296
6567,0.029490908541638595
6568,0.02857067708750876
6569,0.057964418931678065
6571,9.744569202232023e-05
6575,0.06352959269898692
6576,0.0032845285085646423
6578,0.00691926975515487
6580,0.0032845285085646423
6581,0.003219337292013426
6583,0.00570602793507292
6584,0.014852599941478672
6591,0.0005945848298151396
6592,2.920913630361729e-06
6594,0.0032305126127735737
6597,2.920913630361729e-06
6600,0.0005519742764875725
6601,0.005488901348081248
6602,0.0005519742764875725
6603,0.0005519742764875725
6605,0.07263334876027012
6609,0.0005681583502903513
6612,0.0014660900939623205
6614,0.07783205496726053
6615,0.07725416604976396
6617,0.0005519742764875725
6618,0.0005966723392430032
6619,0.0005966723392430032
6620,0.005082252726814561
6621,0.0007210971561285113
6622,2.8896362707709793e-05
6623,0.0782437484337877
6624,0.00010906669372661427
6625,0.005799620386144971
6626,0.0012132418200819497
6627,2.0643683809961087e-05
6628,0.0006152285136251006
6630,0.0005681583502903513
6631,1.618407380277874e-05
6633,0.07903844303861747
6635,6.519121655121639e-05
6636,5.116302657336128e-06
6639,0.001058608223910517
6642,0.0794144866825133
6643,1.6492895541706656e-05
6645,0.0005681583502903513
6646,0.012937702617973078
6647,2.0643683809961087e-05
6648,0.0011749738806378532
6649,0.0014660900939623205
6650,0.0006475570563949642
6651,0.0006475570563949642
6652,0.004272789247964348
6653,1.6492895541706656e-05
6656,2.0643683809961087e-05
6657,0.0011908491327017041
6658,0.0011746650588989253
6660,0.0014660900939623205
6663,0.001058608223910517
6664,0.001058608223910517
6665,1.618407380277874e-05
6666,0.0005945848298151396
6667,0.0014660900939623205
6668,0.0014660900939623205
6669,0.0014690110075926822
6670,9.069658586688021e-05
6671,0.0014660900939623205
6672,5.8598331276423764e-05
6674,0.08049552914843407
6675,0.08049552914843407
6676,0.0798479720920391
6681,0.20803104842163464
6682,0.03131517478451223
6683,0.031256576453235804
6684,0.081670194207333
6689,0.00015793637012442965
6690,0.00015793637012442965
6691,0.00015793637012442965
6692,0.012369544267682726
6694,0.08182813057745743
6695,0.0009289867794378032
6698,0.012369544267682726
6700,0.0009289867794378032
6701,0.00015793637012442965
6702,0.012369544267682726
6703,0.20803104842163464
6704,0.20875981086244738
6705,0.20996232677236046
6706,0.005488901348081248
6708,0.08089914379801963
6711,2.920913630361729e-06
6712,0.006571799093504561
6714,2.920913630361729e-06
6717,0.08089914379801963
6718,0.014965849716106431
6719,1.4851839796913355e-05
6725,0.02479979900898471
6726,0.08089914379801963
6727,0.0002715257366812346
6733,0.0005945848298151396
6734,0.04635817496833933
6735,0.21123076836418309
6736,6.639184968621056e-05
6737,0.25217001389854654
6742,0.031207201866190786
6744,0.017986818632926345
6745,0.01812139181562135
6746,2.920913630361729e-06
6750,0.02455703792923358
6753,0.10268506549508276
6754,0.10268506549508276
6759,0.007381388605860486
6762,0.024866423007927223
6763,0.06409396214992052
6764,0.005299479981576265
6766,0.1221243381546277
6767,0.00019793436771368573
6769,0.09008921539596636
6770,0.3422592292945129
6774,0.00012275238112239274
6775,0.00019793436771368573
6776,0.00019793436771368573
6777,0.00019793436771368573
6780,0.006228086124695827
6783,0.015486861277667173
6789,0.001021876068617535
6792,0.001021876068617535
6794,0.0027070386772797515
6799,0.015486861277667173
6810,0.0027070386772797515
6812,0.00019793436771368573
6821,0.0027070386772797515
6822,0.0008155458806082753
6825,0.0027070386772797515
6826,0.0027070386772797515
6827,0.0008155458806082753
6830,0.00048270151057434933
6831,0.0002653003321058459
6832,0.0003557797234302242
6833,0.00028234259280034314
6834,0.00028234259280034314
6835,4.4494794165420964e-05
6836,0.00020035891777400613
6840,6.682773322960603e-06
6842,0.00020035891777400613
6843,0.00020035891777400613
6844,6.682773322960603e-06
6845,6.682773322960603e-06
6846,0.00020704169109696675
6849,0.0009493581024266614
6859,0.0011566507672015219
6860,0.0023288538470015263
6862,0.0013681813563412738
6863,0.002428147988765039
6864,0.0013681813563412738
6866,0.00024018319379157026
6867,1.0162262852501899e-05
6869,0.006292695584105251
6870,0.0004691167118170557
6871,4.6629174052823006e-07
6873,0.1221243381546277
6876,0.0023831152819039315
6877,0.0024161870365615955
6878,0.002534112345386961
6879,0.00012177757157123095
6880,1.3294668548844913e-05
6881,0.003357315328000578
6883,0.004525740496591516
6884,0.004629935354669726
6885,0.00452581531257651
6887,0.001115571381897547
6888,0.000922538899459296
6889,0.005963253541738507
6890,0.005963253541738507
6891,0.005963253541738507
6894,0.005963253541738507
6896,0.0012583539082211377
6897,0.0012664556387266693
6898,0.0014980778281995716
6900,0.0006746989294838244
6901,0.00105134231726185
6902,0.0006838487214530839
6903,0.22644558046345054
6905,0.00043602811972127573
6906,0.0016577827833280426
6907,0.003108245666696465
6908,0.00019007429268889144
6909,0.0050285295056365096
6910,0.005963253541738507
6911,1.0346677232588082e-05
6912,0.22644558046345054
6914,0.0016153801191585043
6915,0.005408440805583555
6916,0.005844468925304831
6917,0.005408440805583555
6919,0.0023049578650113285
6920,0.0046391986274157875
6921,0.01992520376954463
6923,0.0027476044931531145
6924,0.0069441564924271155
6925,0.0014980778281995716
6926,0.001115571381897547
6927,0.0008616120806350279
6928,5.187585487178134e-06
6930,0.0007202309513650662
6932,5.062167101262136e-05
6934,0.005844468925304831
6935,0.000658014142737066
6936,0.0002527456243999516
6937,0.0006252579658489308
6938,0.0036721768864053624
6939,4.2195694888139866e-05
6943,0.0007687299824232912
6945,0.001201783253733336
6946,0.0016829423367110616
6947,9.939480268777973e-06
6950,0.0004269165656548309
6951,4.460209566737679e-06
6952,9.305074739487774e-05
6953,0.004349998455777062
6954,1.4397369491006034e-06
6956,0.003981435574410845
6957,0.0008842109467495067
6958,0.00023692547270107994
6959,7.39565415800641e-05
6960,0.0011211364194505865
6961,0.0026754330723852233
6962,0.12277554260474953
6963,0.12277554260474953
6964,0.00036507524972355436
6965,0.001718417143735973
6966,0.001718417143735973
6969,0.00017088999835598908
6971,0.000404412854850116
6972,0.007474485394822198
6973,1.5013691921114583e-06
6974,0.0019441665079975605
6975,0.0007343129039620356
6977,0.007475986764014309
6979,0.00018567520313537633
6980,4.102869647988671e-05
6995,0.0001676625917033954
6999,2.26151320699292e-05
7000,0.0001450474596334662
7001,5.993072601901611e-05
7002,8.51167336144501e-05
7003,8.51167336144501e-05
7006,0.0001676625917033954
7007,2.26151320699292e-05
7015,7.621673040431174e-06
7016,0.0022339466358791637
7018,0.001195641633419712
7019,0.0022339466358791637
7020,2.4334351795409208e-05
7022,0.0034295882692988756
7024,0.0027303150328328173
7025,0.00992899181065097
7026,0.007291552152331655
7027,0.001236015623446583
7028,1.1677373577729976e-05
7029,0.00021195557288285294
7030,0.0034295882692988756
7033,1.0971889213162725e-05
7034,1.0971889213162725e-05
7040,0.0001676625917033954
7047,0.004792375436379952
7048,0.004808812488004769
7049,0.004786823833641975
7052,0.004786823833641975
7053,2.198865436279445e-05
7055,6.222800964198263e-07
7056,0.0031009838728265253
7057,0.00015237626628693176
7058,2.6782762494326988e-05
7066,1.2151030483235523e-05
7067,0.0035066267042146806
7068,0.0006418892601530416
7069,0.0011432742375885048
7070,0.0011288482575614182
7071,0.00019590699593167573
7072,0.00019590699593167573
7077,0.0037048086496902074
7081,0.0011983023240027214
7082,0.0005038055880351905
7083,0.0006944967359675308
7086,0.003494475673731445
7088,1.4425980027086612e-05
7089,0.0035089016537585317
7092,0.003494475673731445
7093,0.003494475673731445
7094,1.4425980027086612e-05
7095,4.091616522928064e-07
7096,0.0010301393004942892
7097,0.00025673744450780013
7100,0.2223344777704975
7101,0.2208683876765352
7102,6.682773322960603e-06
7103,2.920913630361729e-06
7105,0.009457416920430067
7107,1.4768324416470822e-06
7108,4.018588392889962e-07
7112,0.0002086803065113311
7113,0.0002086803065113311
7114,0.0002086803065113311
7120,0.0037621367462848314
7122,4.671390659189376e-05
7124,4.671390659189376e-05
7125,0.0038084528398849276
7128,1.0416572499743707e-05
7130,1.6014096032297217e-06
7137,1.081438549154113e-05
7139,3.978129917974218e-07
7140,6.574421689807068e-07
7144,0.004272789247964348
7145,2.4645604289945227e-05
7146,0.2223344777704975
7147,9.791604237676784e-05
7148,0.007207112337089423
7151,0.019182582349289934
7152,0.028639999269720003
7153,2.0643683809961087e-05
